Customer_ID,Day Mins,Eve Mins,Night Mins,Intl Mins
327-1058,166.0,74.6,247.9,6.3
327-1319,182.1,164.6,128.8,12.7
327-3053,110.9,158.5,207.5,6.2
327-3587,87.2,169.3,166.7,10.9
327-3850,149.0,245.3,260.0,8.3
327-3954,198.2,207.3,190.9,8.7
327-4795,230.4,225.0,198.5,7.6
327-5525,143.5,242.6,147.7,11.3
327-5817,179.9,189.2,164.3,12.8
327-6087,146.9,114.3,114.5,11.4
327-6179,168.8,220.3,154.3,10.9
327-6194,212.3,228.4,163.3,7.7
327-6764,162.3,212.5,214.7,11.1
327-6989,248.9,170.8,104.5,11.2
327-8495,232.1,327.1,226.5,10.9
327-8732,221.7,236.1,192.7,8.0
327-9289,142.1,193.0,253.4,11.0
327-9341,146.4,89.7,220.0,15.6
327-9957,51.5,164.0,169.4,9.5
328-1206,243.9,133.0,213.7,13.4
328-1222,188.8,217.4,220.1,8.2
328-1373,149.2,161.9,197.9,8.3
328-1522,175.4,248.1,122.4,12.2
328-1768,187.5,169.8,175.3,12.1
328-2110,144.0,181.6,128.1,12.3
328-2236,112.7,217.7,152.1,6.5
328-2478,229.3,184.5,168.2,8.8
328-2647,203.5,289.6,212.9,8.7
328-2982,69.4,190.8,219.9,8.9
328-3266,239.8,214.8,143.3,8.7
328-3402,191.6,205.6,210.2,9.2
328-4231,191.8,267.8,200.5,12.8
328-5050,243.1,231.4,180.9,7.8
328-5188,287.4,259.6,153.2,10.0
328-6011,234.4,279.3,234.2,2.0
328-6289,157.6,247.0,259.2,13.7
328-6770,151.4,186.4,172.5,10.9
328-7209,198.9,274.0,190.7,14.3
328-7252,185.9,212.0,282.3,11.3
328-7833,227.1,120.5,117.0,4.7
328-8147,153.5,194.0,256.5,10.2
328-8179,156.7,236.5,123.2,12.6
328-8230,180.8,288.8,191.9,14.1
328-8747,135.2,242.0,246.9,10.2
328-8808,137.0,217.0,182.1,10.0
328-8980,239.9,261.6,207.1,8.9
328-9006,139.2,191.4,286.5,11.8
328-9267,90.0,276.3,185.2,8.6
328-9315,230.5,265.8,269.7,10.6
328-9797,261.8,245.0,202.1,14.7
328-9869,162.3,213.7,192.1,10.9
329-1410,262.8,215.8,154.8,7.8
329-1955,293.0,160.6,143.9,10.0
329-2045,144.0,224.7,227.7,10.0
329-2204,179.1,238.3,165.7,10.6
329-2388,144.2,212.2,169.3,9.5
329-2786,194.2,249.4,254.9,12.9
329-2789,226.3,223.0,255.6,13.0
329-2918,149.8,276.3,241.4,10.9
329-3222,117.8,256.8,147.6,7.6
329-3458,91.5,219.9,229.0,12.7
329-4391,170.9,132.3,112.9,11.6
329-4474,175.3,241.3,211.4,7.8
329-5114,257.9,211.6,189.3,9.4
329-5377,102.7,149.3,188.1,11.0
329-5400,230.1,287.6,177.1,6.9
329-6144,154.5,216.2,229.8,13.7
329-6191,239.8,221.9,189.1,7.3
329-6192,141.7,268.3,241.3,8.5
329-6562,170.5,118.2,187.9,11.2
329-6603,129.1,228.5,208.8,12.7
329-6731,123.2,190.0,170.3,12.9
329-7102,132.9,67.0,160.4,9.9
329-7347,170.4,350.5,297.0,11.2
329-8056,160.3,202.4,191.1,7.4
329-8115,145.7,191.0,215.5,11.3
329-8436,97.5,268.1,255.3,13.2
329-8638,124.5,231.7,222.2,6.4
329-8669,237.7,181.5,185.7,7.7
329-8788,235.6,115.9,185.4,16.2
329-9001,157.0,103.1,211.8,7.1
329-9046,148.5,146.5,289.2,9.9
329-9067,249.8,242.4,231.8,11.6
329-9364,202.0,243.2,261.3,10.9
329-9517,165.0,127.3,284.4,7.7
329-9667,251.3,252.5,118.3,9.9
329-9689,224.2,243.3,147.8,12.0
329-9847,251.5,212.8,157.8,9.3
330-1175,81.6,235.6,150.9,9.9
330-1627,125.0,235.3,215.3,10.2
330-1835,171.7,110.4,195.4,11.9
330-2635,115.0,122.3,245.0,6.4
330-2662,283.4,224.1,241.3,14.4
330-2693,161.9,200.9,134.0,10.7
330-2849,241.9,129.4,264.8,5.9
330-2881,261.3,220.9,179.4,11.3
330-3008,220.0,207.7,168.4,12.1
330-3429,116.7,213.8,214.3,9.7
330-3589,174.4,156.3,136.5,10.2
330-4364,132.4,200.3,202.5,6.0
330-4419,157.1,162.6,150.0,12.1
330-4914,52.2,220.1,112.3,11.4
330-4978,268.7,301.0,167.0,5.8
330-5168,214.9,198.2,170.8,8.2
330-5255,130.5,131.2,264.7,13.0
330-5462,103.0,242.3,170.2,7.9
330-5824,258.0,246.5,173.2,10.9
330-6165,95.4,207.2,136.0,5.6
330-6208,150.0,89.8,326.0,11.1
330-6436,302.7,240.5,193.9,13.6
330-6626,166.7,148.3,186.9,10.1
330-6630,207.7,164.8,54.5,7.9
330-7137,186.1,198.6,206.5,13.8
330-7483,176.3,259.2,287.4,6.2
330-7486,138.9,208.9,232.4,9.2
330-7754,145.0,175.8,223.7,16.7
330-8142,144.0,135.8,212.4,13.0
330-8173,258.6,222.0,326.4,11.2
330-8351,183.0,206.7,203.8,11.1
330-9294,190.3,249.0,215.7,10.6
330-9354,249.9,254.5,273.2,8.9
330-9833,198.3,217.1,188.4,12.5
331-1391,242.5,245.4,219.6,10.0
331-2144,208.0,185.0,177.7,8.1
331-3174,69.1,101.3,104.8,9.1
331-3202,213.9,239.8,148.7,9.8
331-3698,124.3,277.1,250.7,15.5
331-3842,153.6,205.5,114.5,12.5
331-4184,238.0,164.5,282.5,10.6
331-4807,203.7,216.4,154.2,7.6
331-4902,214.2,161.7,264.7,9.5
331-5138,110.3,166.5,202.3,9.5
331-5919,137.2,165.9,182.3,14.3
331-5962,274.9,186.6,245.0,8.8
331-5999,192.8,177.0,216.5,16.4
331-6229,214.4,235.2,206.2,8.0
331-6270,118.0,248.1,214.4,5.3
331-6629,169.3,217.9,184.2,9.4
331-7342,222.5,171.5,377.5,9.7
331-7425,215.4,204.8,278.5,12.6
331-8462,96.0,177.0,162.2,9.7
331-8484,82.6,224.4,163.6,9.5
331-8713,135.8,163.2,229.8,12.6
331-8909,68.7,209.2,197.4,11.4
331-9149,196.0,186.0,153.0,9.8
331-9293,155.7,173.7,257.4,8.1
331-9861,153.7,137.8,213.5,15.9
332-1060,143.6,152.4,194.4,8.6
332-1109,191.4,168.5,109.3,10.3
332-1494,97.6,105.5,220.2,11.6
332-1502,90.4,276.2,146.5,12.7
332-1690,192.6,178.9,214.6,9.4
332-2126,163.1,249.4,168.2,9.0
332-2137,105.8,43.9,189.6,13.1
332-2258,123.0,133.9,138.2,13.3
332-2275,185.0,232.5,191.1,14.9
332-2462,60.4,306.2,123.9,12.4
332-2650,103.5,117.9,201.0,12.0
332-2889,167.8,211.0,153.5,10.5
332-2965,159.8,120.4,163.0,10.6
332-3381,87.6,266.9,214.6,9.8
332-3544,196.6,241.4,226.0,12.9
332-3617,181.5,187.0,220.3,10.5
332-3642,131.8,284.3,305.5,11.3
332-3693,124.3,173.4,256.3,7.5
332-3804,86.8,108.1,204.3,13.2
332-4289,136.1,204.2,228.2,11.3
332-4291,152.4,274.6,252.2,6.6
332-5084,176.9,102.8,213.7,10.5
332-5521,157.1,184.9,197.2,8.5
332-5582,91.9,198.4,171.7,13.0
332-5596,103.3,129.1,167.1,10.7
332-5820,224.2,314.9,182.9,16.1
332-5949,257.4,261.1,204.4,13.4
332-5964,146.1,196.2,310.1,9.2
332-6139,146.8,285.6,213.6,4.3
332-6181,334.3,192.1,191.0,10.4
332-6633,142.9,88.6,290.0,10.8
332-6934,149.7,182.2,261.5,9.7
332-6958,105.9,189.6,170.9,12.7
332-7391,242.6,209.0,219.7,14.4
332-7607,161.9,151.2,191.0,8.5
332-8103,273.0,215.5,104.7,9.6
332-8160,180.7,187.8,265.5,12.6
332-8764,202.4,260.2,177.4,9.2
332-9118,209.2,159.7,181.6,9.5
332-9446,154.0,205.9,233.7,12.9
332-9460,176.2,145.0,249.5,5.7
332-9525,166.4,238.3,150.7,10.7
332-9891,140.4,271.8,188.3,11.1
332-9896,211.2,252.7,225.8,12.3
333-1012,171.6,136.1,183.4,10.8
333-1967,170.2,155.2,228.6,15.0
333-2337,188.5,148.3,179.8,15.2
333-2611,194.1,176.6,302.8,7.0
333-2906,245.8,264.7,111.7,11.2
333-2964,136.2,165.1,137.9,9.6
333-3010,168.0,163.2,172.7,8.0
333-3221,214.3,268.5,241.2,10.8
333-3421,149.8,180.0,140.0,11.7
333-3447,246.6,141.4,189.8,13.0
333-3460,198.8,195.5,213.3,16.5
333-3531,176.2,196.0,263.9,9.2
333-3595,176.1,199.7,263.9,8.5
333-3704,245.2,159.0,229.9,7.2
333-4154,202.3,201.5,101.7,6.8
333-4492,190.9,161.4,231.9,8.4
333-4594,201.3,203.7,129.9,6.4
333-5101,120.3,240.4,216.4,7.7
333-5295,278.0,253.2,223.2,8.7
333-5430,121.0,218.9,226.7,12.0
333-5551,152.1,121.0,198.0,9.8
333-5609,155.2,244.5,122.4,10.7
333-5729,163.4,240.1,164.0,11.6
333-6296,216.1,197.5,217.8,9.8
333-6575,193.3,169.0,225.2,11.8
333-7225,190.2,157.1,181.5,14.0
333-7449,17.6,161.7,203.1,10.6
333-7460,226.4,234.7,133.6,10.8
333-7631,322.3,222.0,162.8,6.7
333-7637,117.3,201.1,107.9,12.2
333-7749,260.2,179.2,135.0,7.2
333-7869,142.5,231.4,131.2,10.0
333-7961,276.2,165.8,151.6,2.2
333-8180,235.5,257.2,103.1,11.5
333-8822,210.0,232.7,168.8,5.9
333-8954,205.0,165.4,185.0,11.7
333-8996,176.8,187.5,196.8,6.5
333-9002,131.6,179.3,251.2,15.5
333-9133,175.4,155.3,179.4,11.5
333-9253,180.1,127.5,237.4,7.5
333-9266,148.5,243.0,255.2,6.8
333-9511,185.4,178.5,218.3,8.0
333-9643,216.2,185.7,300.0,10.0
333-9664,214.6,96.6,170.7,7.9
333-9728,218.7,163.4,173.8,15.0
333-9826,122.8,211.3,261.4,10.7
334-1275,203.4,190.9,196.0,8.9
334-1311,194.3,243.2,322.2,7.1
334-1337,223.9,155.7,150.2,7.3
334-1339,158.0,207.9,190.4,10.1
334-1508,162.3,233.9,277.4,9.2
334-1872,193.3,264.1,128.6,9.1
334-2577,238.1,187.2,190.0,11.8
334-2729,135.4,205.9,204.0,7.9
334-2730,134.5,143.1,223.9,15.4
334-2800,163.3,136.0,249.1,4.3
334-2961,163.1,291.7,96.4,11.2
334-3142,163.0,203.9,159.0,15.1
334-3289,179.2,175.2,228.6,9.9
334-4354,213.2,120.7,244.4,7.5
334-4438,37.8,155.3,175.0,14.2
334-4506,150.0,159.4,228.1,8.5
334-4678,171.5,153.1,165.6,7.1
334-5029,286.4,205.7,191.4,6.9
334-5223,168.2,161.7,192.4,10.1
334-5263,41.9,211.0,237.9,11.4
334-5337,231.8,150.6,269.2,11.6
334-5634,169.2,216.8,179.4,12.6
334-5844,95.0,167.9,200.6,11.2
334-6129,103.2,236.3,203.5,11.9
334-6142,146.4,148.5,216.7,11.3
334-6519,272.7,236.4,235.5,7.7
334-6605,176.4,224.9,219.6,11.5
334-7443,130.2,290.9,194.8,14.0
334-7618,239.8,251.8,168.6,10.9
334-7685,84.2,80.8,196.1,10.8
334-8694,270.9,226.2,178.8,8.8
334-8817,193.7,154.2,299.0,12.7
334-8967,212.7,257.5,227.8,9.7
334-9163,175.8,253.6,128.5,11.4
334-9182,132.7,204.6,154.7,12.9
334-9505,226.2,181.6,258.8,10.5
334-9806,206.3,154.9,263.6,12.4
334-9818,115.6,167.8,141.8,12.6
335-1697,198.5,267.8,354.9,9.4
335-1838,99.5,129.1,125.1,9.7
335-1874,322.5,204.6,186.2,9.4
335-2019,275.8,189.5,223.9,7.4
335-2261,175.5,205.1,245.2,17.8
335-2274,244.7,168.0,281.5,6.6
335-2331,146.3,202.7,234.7,13.1
335-2967,289.8,255.6,242.8,11.7
335-3110,152.8,242.8,147.4,9.1
335-3133,181.6,335.7,149.8,8.3
335-3320,140.4,187.1,207.9,7.9
335-3681,147.5,191.7,135.0,16.4
335-3880,114.3,221.1,126.3,10.9
335-3913,74.3,177.3,296.3,14.5
335-4414,185.1,165.1,111.6,6.3
335-4584,206.3,148.6,167.2,6.1
335-4719,184.5,351.6,215.8,8.7
335-4858,70.7,157.5,154.8,9.1
335-4888,269.8,228.8,257.5,10.1
335-5591,196.1,296.5,211.5,7.0
335-5806,37.7,144.1,226.6,4.9
335-5882,207.6,132.4,255.2,14.1
335-6508,245.2,254.1,239.4,7.5
335-6832,245.9,240.1,158.7,8.9
335-7144,225.9,275.6,201.4,14.3
335-7257,184.0,76.4,185.1,12.7
335-7324,172.1,223.6,150.0,13.9
335-8146,158.8,264.8,270.0,7.6
335-8427,156.0,256.8,175.3,11.9
335-8836,174.3,171.3,220.8,8.3
335-9066,162.7,292.0,183.3,8.7
335-9501,112.8,218.8,240.2,9.0
335-9726,163.7,113.2,134.1,9.9
335-9786,214.9,117.8,133.7,11.8
336-1043,123.8,236.2,73.2,3.7
336-1090,166.0,174.5,244.9,10.2
336-1353,211.9,215.1,238.5,9.4
336-1462,202.4,230.7,202.0,10.2
336-1574,168.6,175.6,243.3,10.9
336-1749,159.5,303.8,226.9,12.0
336-1880,129.7,160.8,265.0,12.2
336-2090,155.3,265.7,145.7,12.4
336-2190,237.3,154.0,237.0,11.2
336-2322,161.9,230.1,148.8,10.2
336-2829,139.4,143.4,225.2,10.0
336-3488,227.4,176.0,206.1,6.3
336-3738,184.5,209.0,169.7,10.2
336-3819,296.4,214.8,133.9,11.4
336-4281,174.5,245.6,172.8,10.3
336-4656,102.6,246.0,170.5,9.1
336-4960,207.7,217.5,125.6,8.0
336-5406,225.1,199.2,175.5,14.6
336-5495,204.5,162.4,155.0,13.4
336-5616,225.0,176.9,194.3,7.1
336-5661,136.7,228.6,265.3,9.8
336-5702,170.4,200.2,258.3,11.6
336-5900,205.1,232.7,259.9,9.2
336-5920,232.5,205.5,213.7,11.9
336-6085,213.8,265.1,239.8,15.6
336-6128,145.0,194.5,242.3,14.2
336-6533,262.3,198.9,165.9,6.6
336-6907,172.4,230.5,228.2,11.0
336-6997,252.4,167.9,248.3,10.7
336-7143,112.8,156.7,249.6,16.3
336-7155,245.5,292.7,184.0,10.8
336-7357,174.6,310.6,234.7,9.0
336-7600,187.9,157.6,227.3,7.5
336-7696,133.3,255.5,228.6,11.6
336-8010,186.2,286.7,164.3,12.9
336-8343,226.0,304.6,181.2,12.6
336-9053,183.8,183.4,235.0,11.6
336-9273,228.1,136.4,197.3,9.0
336-9327,139.9,223.6,240.8,12.7
336-9390,159.5,247.1,187.9,7.2
336-9901,139.8,174.9,201.6,9.4
337-1100,123.1,182.0,244.6,12.6
337-1151,145.4,209.1,214.0,10.9
337-1225,34.0,278.6,129.6,11.5
337-1506,224.4,147.9,183.8,6.7
337-1586,247.5,225.4,244.3,10.2
337-1802,158.6,130.4,229.8,6.9
337-2348,215.5,241.8,147.0,9.6
337-2442,180.0,198.8,217.1,12.4
337-2986,186.9,182.6,143.1,4.2
337-3740,227.2,194.4,243.4,14.9
337-3769,201.8,231.5,226.1,16.5
337-3868,169.3,178.6,242.3,12.2
337-3932,114.8,150.0,268.6,9.6
337-4101,101.9,223.1,241.6,12.9
337-4339,25.9,206.5,228.1,6.5
337-4403,161.4,163.6,153.2,11.8
337-4600,264.9,281.2,166.1,8.4
337-4697,185.0,223.3,222.8,12.6
337-4749,168.4,225.9,191.8,8.5
337-6851,174.3,186.6,258.2,12.9
337-6898,133.7,195.3,280.5,5.9
337-7163,196.5,241.3,143.2,4.0
337-7167,223.3,167.1,203.0,4.5
337-7377,92.8,271.2,167.1,5.8
337-7501,192.8,234.4,203.2,13.0
337-7739,149.3,200.2,231.7,11.9
337-7879,190.3,256.6,214.9,3.8
337-8078,181.5,205.1,204.0,14.7
337-8618,154.0,198.9,151.9,9.5
337-8950,166.9,221.8,243.9,12.8
337-9303,206.1,224.6,256.7,13.0
337-9326,206.3,241.1,227.8,11.7
337-9345,179.3,178.6,225.2,11.5
337-9569,220.9,192.2,161.0,12.2
337-9710,164.9,210.4,229.4,7.8
337-9878,185.4,197.6,147.1,14.5
338-1027,135.1,134.1,223.1,12.3
338-1400,268.0,153.6,232.3,17.0
338-1724,153.2,229.7,148.2,10.7
338-1815,170.4,254.5,219.6,15.1
338-1840,223.0,227.0,188.3,8.8
338-3781,156.2,193.0,222.7,13.1
338-4065,183.4,242.0,201.4,7.5
338-4307,135.1,205.2,166.3,11.7
338-4472,134.8,167.2,161.5,7.7
338-5207,211.2,237.7,259.2,12.3
338-6018,270.3,215.2,254.0,14.4
338-6283,206.5,176.2,232.8,12.4
338-6550,224.9,191.9,229.9,10.3
338-6556,132.0,279.6,180.0,13.5
338-6714,122.2,131.7,169.5,10.3
338-6962,111.9,114.0,146.8,14.1
338-6981,232.4,187.4,231.2,9.1
338-7120,315.6,208.9,260.1,12.1
338-7232,82.7,194.6,159.0,10.9
338-7305,178.5,146.9,217.1,9.9
338-7527,155.7,185.4,192.7,8.2
338-7683,95.0,291.2,159.6,10.0
338-7709,218.7,115.0,192.7,9.4
338-7886,216.8,190.8,187.5,11.0
338-7955,109.8,230.5,255.8,11.9
338-8050,65.4,168.2,236.0,13.8
338-8478,192.1,312.9,130.2,7.9
338-8566,83.2,190.6,150.5,10.7
338-8784,166.0,233.9,170.1,7.7
338-9044,97.5,260.4,88.7,7.0
338-9171,146.5,284.5,176.0,14.0
338-9210,229.6,132.3,211.9,9.5
338-9398,237.1,223.5,97.4,13.2
338-9472,211.6,216.9,153.5,7.8
338-9612,96.3,179.6,166.3,10.3
338-9873,119.7,231.8,222.3,4.6
338-9950,149.2,193.6,248.9,11.1
338-9952,173.0,209.4,231.1,12.2
339-1330,245.0,250.7,270.2,13.7
339-1405,156.4,233.4,195.7,7.7
339-2616,225.5,246.3,245.7,9.8
339-2734,103.4,189.3,227.2,14.4
339-2792,110.0,141.5,237.3,6.4
339-3049,189.8,123.4,214.2,6.5
339-3636,154.6,263.0,367.7,15.5
339-4068,239.3,223.4,251.4,10.6
339-4317,129.5,248.9,268.0,11.9
339-4636,154.7,298.0,210.2,11.1
339-5329,198.6,213.9,171.2,10.6
339-5423,245.3,122.9,228.4,8.5
339-5659,189.4,219.0,168.0,7.1
339-6446,128.8,208.7,202.1,14.0
339-6477,272.5,226.1,159.1,16.4
339-6637,126.9,166.9,145.2,8.8
339-6968,159.0,255.1,82.4,10.1
339-7139,138.6,199.0,204.1,7.8
339-7485,225.2,173.4,145.8,11.7
339-7541,174.1,251.1,257.6,8.3
339-7602,134.8,204.1,238.4,6.7
339-7684,235.6,236.8,241.2,7.7
339-8132,197.3,305.8,171.0,6.7
339-9026,97.4,203.6,173.9,11.4
339-9453,106.7,209.8,190.4,12.1
339-9631,151.1,194.8,239.2,10.0
339-9798,197.6,246.5,285.3,12.5
340-1876,179.7,218.1,212.3,9.3
340-2239,94.1,147.6,213.5,10.1
340-2855,153.8,123.3,117.8,9.2
340-3011,205.1,160.5,149.5,10.7
340-3075,172.0,200.2,233.1,8.0
340-3182,143.3,211.3,185.2,11.5
340-3409,75.8,173.6,162.6,8.2
340-3500,217.7,273.5,226.9,9.6
340-4028,160.9,144.2,120.4,12.9
340-4236,260.8,213.4,195.6,10.1
340-4627,262.2,165.2,194.3,10.6
340-4953,124.3,173.0,253.2,7.9
340-4972,237.8,208.9,167.8,15.6
340-4989,160.4,285.9,182.5,6.9
340-5121,126.9,180.0,140.8,8.0
340-5460,113.9,145.3,195.2,11.8
340-5580,239.2,188.5,105.6,8.8
340-5678,271.7,155.1,199.5,6.6
340-5930,196.3,136.8,154.7,7.7
340-6221,230.7,256.8,263.9,6.4
340-6339,159.9,172.2,263.2,5.6
340-6908,195.5,171.6,204.0,13.5
340-7062,165.0,249.7,170.3,12.6
340-8177,155.2,135.9,184.6,3.8
340-8245,249.4,209.5,180.6,9.9
340-8291,133.1,206.5,221.6,10.3
340-8323,286.4,178.2,214.2,10.7
340-8875,273.5,183.8,153.8,11.0
340-9013,78.1,239.3,144.4,12.3
340-9200,143.3,195.5,223.3,6.0
340-9449,219.4,225.7,255.3,12.0
340-9803,150.6,301.5,158.7,8.1
340-9910,114.4,78.3,232.7,0.0
341-1191,314.6,169.8,285.1,5.7
341-1412,254.7,90.2,153.4,10.6
341-1594,192.1,163.6,169.7,6.1
341-1647,264.3,202.8,173.4,6.3
341-1916,210.3,241.8,215.7,13.1
341-2360,159.0,167.9,167.6,12.3
341-2603,127.2,162.9,247.4,8.1
341-3044,78.5,210.5,179.7,11.8
341-3180,191.0,318.8,247.3,6.5
341-3270,183.4,281.3,105.2,8.2
341-3349,194.0,241.0,227.5,11.9
341-3464,194.4,190.3,183.4,11.4
341-3663,205.7,136.1,159.4,8.7
341-4075,123.7,103.0,189.4,13.1
341-4103,183.4,195.5,180.1,10.5
341-4463,257.1,312.2,183.0,8.8
341-4570,181.6,213.2,207.8,11.4
341-4873,113.3,197.9,284.5,11.7
341-5892,81.3,220.6,235.7,8.9
341-6743,299.5,163.4,146.7,11.6
341-7112,157.9,259.6,230.0,14.0
341-7279,118.0,167.2,205.7,11.8
341-7296,166.5,261.0,262.7,13.3
341-7332,206.0,186.0,307.1,8.4
341-7412,173.0,190.4,290.0,10.4
341-7686,61.2,92.3,197.4,13.7
341-8412,164.6,262.8,123.8,15.2
341-8467,152.7,257.5,198.1,9.4
341-8667,192.6,206.4,283.2,10.8
341-8719,232.8,303.4,255.6,12.9
341-9274,201.9,156.3,131.3,13.7
341-9396,236.3,190.8,129.0,7.2
341-9443,263.8,103.4,208.1,8.5
341-9764,146.3,162.5,129.3,14.5
341-9890,115.1,211.3,136.1,13.8
341-9907,198.2,202.8,146.4,5.1
342-1004,110.5,208.3,87.4,13.9
342-1099,84.7,249.9,193.4,14.5
342-1702,103.7,127.0,329.3,14.4
342-1960,295.3,127.4,166.8,9.6
342-2013,110.0,147.3,190.5,6.4
342-3678,62.8,170.4,280.2,9.4
342-4004,85.9,193.9,231.5,10.1
342-4122,287.1,159.3,216.8,13.9
342-5062,201.8,304.9,225.6,11.9
342-5243,211.7,271.7,203.3,7.4
342-5701,221.8,166.0,210.2,13.2
342-5854,235.5,142.3,316.7,12.5
342-5906,93.8,150.0,241.1,10.7
342-6316,114.8,81.9,304.3,12.0
342-6696,300.4,133.2,197.4,7.2
342-7514,160.6,237.0,245.1,10.7
342-7716,144.8,206.2,255.4,11.6
342-8002,180.7,174.6,165.3,12.0
342-8167,245.3,259.9,204.3,10.7
342-8320,268.8,246.6,271.9,16.4
342-8348,188.9,153.6,213.3,10.2
342-8702,124.8,257.2,193.2,13.4
342-9394,214.4,211.7,165.0,10.0
342-9480,227.9,207.5,211.7,12.1
343-1009,216.8,187.8,138.1,8.3
343-1323,190.6,220.1,180.3,6.0
343-1347,105.0,180.6,174.1,10.2
343-1458,133.4,204.6,196.9,11.1
343-1538,185.3,208.0,206.1,15.1
343-1965,211.3,105.6,175.9,9.7
343-2077,241.9,145.2,214.5,6.6
343-2095,136.1,272.9,220.2,4.4
343-2350,165.3,210.0,187.2,8.5
343-2392,125.9,196.4,252.7,10.3
343-2465,178.1,242.8,243.0,13.0
343-2592,297.9,238.1,240.5,8.9
343-2597,134.9,221.5,113.8,15.0
343-2605,172.7,133.4,259.5,9.8
343-2689,240.7,269.4,187.1,10.1
343-2741,185.8,276.5,192.1,5.7
343-3227,239.8,285.9,256.7,9.5
343-3296,174.5,197.4,238.5,10.6
343-3340,92.6,177.6,159.8,14.4
343-3356,216.6,190.8,224.7,12.4
343-3399,111.2,122.1,180.8,12.6
343-3846,172.0,276.4,193.7,10.1
343-3961,115.4,262.6,245.7,13.1
343-4147,221.6,157.1,222.4,11.5
343-4516,171.1,257.2,91.6,16.2
343-4696,81.1,245.2,237.0,10.3
343-4772,181.4,167.7,168.5,11.3
343-4806,217.8,189.7,182.6,10.4
343-5219,133.3,182.9,241.1,12.9
343-5347,172.5,253.1,221.6,5.9
343-5372,113.2,269.9,229.1,7.1
343-5679,222.0,187.0,282.3,12.4
343-5709,350.8,216.5,253.9,10.1
343-6314,119.1,287.7,223.0,12.2
343-6374,244.6,188.8,206.0,11.3
343-6643,142.2,262.4,139.2,10.1
343-6940,213.0,176.6,262.6,9.1
343-7019,236.8,265.3,152.4,9.5
343-7242,133.1,221.2,131.6,6.8
343-7734,160.0,175.4,184.8,9.9
343-9365,218.6,149.9,204.6,9.2
343-9645,197.7,152.2,221.0,7.0
343-9654,101.4,159.1,259.2,12.2
343-9658,146.0,109.7,247.4,6.8
343-9946,162.8,290.3,114.9,7.2
344-1136,202.0,184.3,176.0,7.4
344-1362,227.9,302.6,191.5,5.5
344-1970,312.0,180.0,168.6,12.8
344-2260,126.3,209.6,192.5,10.6
344-2416,67.4,244.0,281.1,11.4
344-3131,151.7,178.5,229.1,13.1
344-3145,259.3,175.2,222.4,12.0
344-3160,221.1,264.9,168.9,15.4
344-3388,243.8,83.9,179.8,13.7
344-3466,153.4,151.4,153.8,12.8
344-4022,207.0,167.4,238.2,2.6
344-4478,205.7,161.9,269.7,12.5
344-4691,279.9,223.1,251.7,13.0
344-4970,157.3,220.9,218.9,12.0
344-5117,193.7,246.1,138.0,14.6
344-5181,294.2,232.5,195.0,9.0
344-5206,149.7,212.5,245.9,12.6
344-5766,198.4,249.5,162.8,10.5
344-5967,186.8,253.4,273.1,12.3
344-5973,190.6,161.7,189.9,13.0
344-6258,144.3,156.4,214.7,7.8
344-6334,240.8,144.5,125.7,11.6
344-6404,145.6,197.1,294.5,10.5
344-6495,134.7,180.0,200.9,7.7
344-6847,168.4,276.0,196.2,11.4
344-6935,167.9,243.7,211.9,9.1
344-7197,154.2,112.3,246.4,15.4
344-7470,212.4,224.6,221.3,9.0
344-8498,190.0,116.6,141.5,12.2
344-9302,261.7,181.8,100.9,3.3
344-9347,203.3,141.9,200.7,8.5
344-9403,187.7,163.4,196.0,9.1
344-9620,215.8,285.2,192.1,6.9
344-9943,281.1,143.7,239.4,11.2
344-9966,222.2,218.5,266.0,10.9
345-1243,191.1,129.2,207.5,12.9
345-1419,193.8,118.9,135.9,9.2
345-1524,89.7,260.1,170.1,13.5
345-1994,306.2,189.7,240.3,11.7
345-1998,242.9,209.8,228.4,0.0
345-2108,246.4,256.2,169.0,3.8
345-2319,115.6,213.6,218.4,10.7
345-2401,207.7,210.6,238.2,9.6
345-2448,134.7,295.3,195.5,6.6
345-2476,90.7,207.5,169.4,5.6
345-2863,179.4,275.4,246.1,10.0
345-2931,221.0,160.7,233.1,6.8
345-3451,75.0,248.7,176.0,9.5
345-3614,107.3,238.2,271.8,10.0
345-3734,175.8,206.6,178.0,11.1
345-3787,294.7,294.6,260.1,10.8
345-3934,149.3,242.2,174.3,8.9
345-3947,266.1,225.2,224.7,8.9
345-4473,204.7,143.1,165.8,11.0
345-4551,105.3,197.4,187.5,8.6
345-4589,158.4,188.0,219.7,13.5
345-5089,189.3,174.9,221.9,11.2
345-5338,176.8,224.7,204.6,7.5
345-5639,230.6,224.1,244.0,11.1
345-5980,94.7,154.4,200.4,10.6
345-6043,207.0,232.9,172.4,9.1
345-6515,201.2,227.2,145.8,8.4
345-6961,246.8,206.3,208.4,13.2
345-7014,230.3,77.9,247.1,13.2
345-7117,109.2,153.1,240.0,9.8
345-7900,141.3,134.9,227.5,11.2
345-8237,183.2,126.8,263.3,11.2
345-8350,131.9,272.7,192.8,7.1
345-8397,152.8,183.6,151.8,10.5
345-8433,197.9,251.0,138.3,11.2
345-9018,103.1,275.0,141.1,11.2
345-9140,346.8,249.5,275.4,13.3
345-9153,175.7,187.2,225.5,8.6
345-9168,214.8,209.7,164.4,9.4
345-9598,159.1,269.8,220.4,10.3
345-9690,89.7,179.8,145.7,9.5
346-1095,166.2,217.6,220.2,13.2
346-1629,236.9,157.6,241.0,7.3
346-2020,172.9,183.0,226.4,9.8
346-2347,147.2,192.8,172.7,10.2
346-2359,148.5,276.4,193.6,12.4
346-2530,62.9,231.0,168.9,8.5
346-3445,219.6,210.4,242.7,13.8
346-4216,224.0,192.0,163.1,9.6
346-4360,181.1,314.4,246.7,4.2
346-4919,216.0,225.1,234.7,10.7
346-4984,89.5,180.8,193.1,14.0
346-5036,208.7,212.8,178.1,8.5
346-5053,138.8,142.0,183.8,11.8
346-5068,287.1,178.4,153.2,14.4
346-5287,137.9,192.6,255.7,11.0
346-5349,138.3,80.6,163.7,8.3
346-5611,172.8,204.8,240.8,9.1
346-5707,57.5,265.5,244.3,11.6
346-5992,174.7,148.0,168.2,15.8
346-6352,193.8,197.6,218.8,5.9
346-6941,149.4,123.9,174.3,10.1
346-7302,154.1,123.4,202.1,10.9
346-7656,120.8,169.8,194.1,11.9
346-7795,203.5,247.6,194.3,11.9
346-8112,180.4,129.4,166.9,8.4
346-8362,211.7,139.2,146.7,11.1
346-8368,222.9,262.0,191.4,10.8
346-8581,230.2,220.4,204.7,10.7
346-8863,252.4,187.8,259.6,10.0
346-9317,157.6,184.3,240.4,11.9
347-1263,159.7,168.8,244.1,9.6
347-1473,187.9,200.5,202.6,10.2
347-1640,177.7,215.6,236.7,10.5
347-1814,192.4,156.9,175.8,11.0
347-1870,159.7,216.7,206.7,9.3
347-1914,149.9,256.1,212.7,13.3
347-2016,129.2,214.1,214.9,10.3
347-2378,160.8,155.8,254.3,8.5
347-2951,116.2,229.7,204.2,10.1
347-3406,294.9,192.8,148.1,13.2
347-3821,152.9,213.2,205.3,10.8
347-3895,203.9,191.8,132.5,12.1
347-3958,171.6,205.0,170.6,13.8
347-4112,191.3,193.9,268.4,12.8
347-4626,222.8,180.5,151.3,13.0
347-4982,191.3,138.5,246.0,6.4
347-5063,171.2,243.5,178.2,13.0
347-5113,54.7,256.1,176.6,11.1
347-5354,225.0,191.3,226.7,9.1
347-5843,198.7,209.5,281.9,12.4
347-6164,167.5,139.1,138.4,13.0
347-6393,111.1,217.9,248.1,6.6
347-6717,168.3,270.9,222.5,6.7
347-6812,106.6,284.8,178.9,14.9
347-6994,175.9,285.2,150.8,13.0
347-7420,142.3,118.7,240.1,6.6
347-7675,134.9,248.4,236.2,14.7
347-7741,178.3,189.0,129.1,14.6
347-7773,103.3,245.9,161.1,6.4
347-7898,273.6,114.6,250.6,8.2
347-8205,222.4,185.8,237.7,12.0
347-8659,301.5,257.7,132.9,13.4
347-9421,265.3,147.6,259.3,12.9
347-9737,187.2,195.6,181.8,5.1
347-9738,194.8,213.4,190.8,11.5
347-9769,157.1,172.4,184.5,11.1
347-9968,231.3,224.7,214.6,7.2
347-9995,241.7,165.8,160.6,11.3
348-1163,345.3,203.4,217.5,11.8
348-1359,214.8,149.7,283.4,10.2
348-1528,155.4,164.1,157.7,9.0
348-1592,135.4,238.1,195.6,10.6
348-1706,196.1,199.7,135.9,12.9
348-2009,147.0,162.3,162.9,10.5
348-2150,116.1,201.8,181.9,11.6
348-2916,265.6,180.7,211.1,8.6
348-3338,256.0,187.4,119.1,11.5
348-3444,153.5,219.1,237.4,11.4
348-3581,109.0,265.8,228.3,12.6
348-3777,143.4,170.0,127.9,9.4
348-3830,134.7,189.7,221.4,11.8
348-4316,143.3,230.7,214.3,7.8
348-4660,124.5,141.2,268.2,11.4
348-4961,44.9,134.2,168.4,13.3
348-5038,156.5,204.3,141.9,9.9
348-5567,180.9,209.5,249.9,7.4
348-5569,195.9,89.1,302.2,10.3
348-5725,269.0,233.7,179.3,7.3
348-5728,272.7,224.9,178.2,10.5
348-5767,199.9,288.4,180.6,11.3
348-6008,153.6,262.1,225.5,9.8
348-6057,153.5,251.7,182.2,8.5
348-6659,264.4,219.6,200.4,11.3
348-6720,132.6,221.1,127.9,12.7
348-6853,286.6,223.2,203.7,11.5
348-7071,174.6,176.6,214.4,8.8
348-7193,131.1,160.5,206.9,5.6
348-7224,146.7,106.2,197.7,11.1
348-7409,87.6,262.0,184.6,9.2
348-7437,151.6,155.4,240.0,14.7
348-7448,152.9,171.2,257.0,12.0
348-7484,282.3,152.0,225.5,12.0
348-7556,82.6,204.0,224.2,9.1
348-8015,220.2,185.3,205.1,4.1
348-8022,115.9,111.3,170.2,7.1
348-8464,86.1,259.8,148.0,9.1
348-8679,88.8,109.6,172.7,7.1
348-8711,245.0,265.0,239.7,14.9
348-9145,97.5,195.8,288.8,0.0
348-9383,151.8,103.6,156.3,12.2
348-9828,168.4,217.1,81.6,11.8
348-9938,180.4,194.0,227.3,8.4
348-9945,139.4,159.1,128.2,7.7
349-1687,154.0,278.0,228.4,11.8
349-1726,184.4,203.8,237.4,9.3
349-1756,210.6,153.1,262.2,11.0
349-1943,181.8,228.1,262.7,9.2
349-2157,145.5,228.4,273.4,8.9
349-2654,91.1,179.3,300.7,11.9
349-2808,119.0,230.0,236.9,9.5
349-3005,271.8,237.2,210.1,8.7
349-3112,159.5,275.5,176.7,10.1
349-3732,212.9,187.0,128.1,6.3
349-3843,128.2,171.7,250.9,11.7
349-4070,88.1,175.9,269.9,9.7
349-4369,127.3,251.3,135.0,10.3
349-4396,186.1,190.2,282.8,11.4
349-4397,173.4,213.7,141.5,11.5
349-4703,217.4,213.8,227.2,6.6
349-4762,239.5,203.8,167.8,9.9
349-4979,159.1,202.5,233.1,11.5
349-5617,270.7,200.7,201.7,10.9
349-6464,137.1,209.8,238.4,8.6
349-6567,154.6,83.4,165.9,13.3
349-7138,136.4,202.5,230.7,11.5
349-7282,141.0,212.0,175.2,4.9
349-7291,124.2,123.9,135.7,13.1
349-7362,271.1,172.0,169.2,10.3
349-8391,146.7,148.3,238.6,12.5
349-9060,172.5,142.6,102.0,10.9
349-9566,201.9,226.8,217.5,13.7
350-1040,78.2,253.4,255.0,18.0
350-1126,113.8,192.3,214.9,10.4
350-1354,202.8,165.8,143.9,4.6
350-1422,163.6,146.7,345.8,13.1
350-1532,169.4,184.9,234.3,2.0
350-1639,259.9,245.0,134.4,8.4
350-2012,150.5,193.1,311.6,10.3
350-2075,166.8,143.5,210.7,11.8
350-2250,150.0,293.8,250.7,10.3
350-2340,181.2,177.6,228.0,5.0
350-2384,241.9,126.9,185.6,11.7
350-2565,110.4,137.3,189.6,7.7
350-2832,190.7,208.6,203.8,8.8
350-4297,159.3,202.3,229.0,9.5
350-4367,104.7,249.8,192.3,8.9
350-4820,166.4,317.0,160.4,10.0
350-5883,198.8,230.1,119.8,9.9
350-5993,153.3,224.5,273.4,8.9
350-6473,127.1,247.7,207.7,5.0
350-6639,221.8,161.7,227.7,14.0
350-6759,204.2,179.9,216.8,9.5
350-7114,81.7,210.2,212.0,11.3
350-7227,204.5,139.6,205.0,8.6
350-7273,229.9,202.4,171.4,14.2
350-7288,197.8,221.0,168.6,8.9
350-7306,148.1,164.9,216.0,12.3
350-7344,134.0,206.0,180.6,9.7
350-8680,171.2,145.7,196.8,14.0
350-8884,196.4,280.9,89.3,13.8
350-8921,157.1,223.3,181.4,6.1
350-9228,209.1,106.1,179.6,14.0
350-9313,166.2,238.8,108.8,11.2
350-9318,222.4,165.4,208.4,11.2
350-9720,112.8,243.9,178.7,13.2
350-9994,183.6,256.7,178.6,10.2
351-1007,165.3,223.5,260.8,7.6
351-1382,139.0,224.9,170.8,15.7
351-1389,85.2,230.4,243.6,9.0
351-1466,150.3,255.9,136.7,12.5
351-1894,193.0,153.6,260.4,7.4
351-2535,229.4,214.1,289.6,10.4
351-2587,124.4,179.7,253.0,11.3
351-2589,115.4,178.7,185.7,6.0
351-2773,157.7,298.6,216.9,13.8
351-2815,264.5,194.0,262.7,7.5
351-2928,200.3,197.8,151.1,10.4
351-3169,189.5,103.8,180.6,10.8
351-3316,158.4,306.6,144.2,2.1
351-4025,89.5,339.9,172.9,7.9
351-4226,179.4,232.5,175.8,14.7
351-4288,187.9,197.0,167.0,4.8
351-4616,142.1,183.4,164.8,9.6
351-5576,142.5,208.3,228.9,7.5
351-6366,223.2,216.5,214.7,12.4
351-6384,144.2,226.7,144.6,13.8
351-6552,125.1,248.8,211.3,11.2
351-6574,156.4,185.5,226.7,11.8
351-6585,237.2,222.6,173.3,11.0
351-7005,224.7,134.5,120.3,7.5
351-7016,162.8,185.0,219.5,6.0
351-7269,332.9,317.8,160.6,5.4
351-7309,276.5,195.6,210.3,7.2
351-7369,309.9,200.3,183.5,14.2
351-7807,173.4,222.0,64.2,13.7
351-8398,162.0,241.2,210.4,10.9
351-8894,101.1,214.4,179.5,10.3
351-8955,153.9,220.1,280.5,8.5
351-9037,301.7,167.1,72.2,10.5
351-9537,99.3,270.5,225.3,9.0
351-9604,206.9,264.4,171.8,9.3
352-1127,165.1,267.0,250.7,10.9
352-1237,154.0,225.8,265.3,3.5
352-1798,209.8,171.3,154.6,9.9
352-2175,104.7,82.2,169.4,15.8
352-2270,220.1,222.2,158.4,13.1
352-2998,178.0,153.8,236.6,11.7
352-3440,175.7,184.6,156.9,9.1
352-4182,212.3,251.5,208.7,6.6
352-4221,203.1,217.0,180.9,13.5
352-4401,128.3,215.3,143.7,14.3
352-4418,239.7,282.9,238.4,8.7
352-4534,101.4,249.1,157.6,7.1
352-4541,154.2,196.7,253.5,10.1
352-5000,195.1,261.5,203.8,11.4
352-5081,220.3,188.6,278.4,10.6
352-5118,160.0,209.5,82.3,8.7
352-5393,181.9,151.5,143.0,7.5
352-5466,303.9,232.2,147.1,5.8
352-5542,127.7,182.9,172.9,10.6
352-5663,196.5,158.6,269.3,6.8
352-5697,222.2,153.1,227.4,12.9
352-5750,212.0,226.6,193.6,8.9
352-5787,237.3,176.7,263.4,14.2
352-5815,163.5,143.7,253.4,12.6
352-6068,167.8,205.3,130.0,14.5
352-6084,216.8,207.3,228.6,5.6
352-6265,188.5,182.0,218.2,6.1
352-6282,198.9,207.0,159.8,12.6
352-6573,155.0,330.6,189.4,13.5
352-6732,109.4,207.5,135.0,11.6
352-6833,173.6,91.7,211.7,9.7
352-6976,303.9,260.9,312.1,5.3
352-7072,210.2,227.3,200.1,13.1
352-7234,248.6,174.9,207.2,6.1
352-7413,101.0,155.6,304.4,13.3
352-7752,239.7,281.7,183.5,11.4
352-7915,134.9,156.0,197.5,10.2
352-8202,205.9,209.3,289.9,14.5
352-8249,196.5,175.8,221.8,13.4
352-8305,148.1,169.5,214.1,6.2
352-8327,178.2,167.8,182.1,13.6
352-8508,147.9,209.3,162.1,8.8
352-9017,217.1,205.2,185.7,9.4
352-9050,136.1,156.3,158.8,10.1
352-9130,135.8,200.6,192.4,12.3
352-9836,195.0,198.5,304.3,14.8
352-9947,115.4,166.2,184.7,15.2
353-1352,221.8,210.6,221.8,12.4
353-1941,193.8,202.6,191.2,13.3
353-1954,101.7,202.8,136.2,9.4
353-2080,85.9,226.7,279.6,15.6
353-2391,207.2,214.1,193.0,11.9
353-2450,112.0,208.0,150.3,11.3
353-2557,157.3,257.7,190.4,9.6
353-2630,190.0,258.2,181.5,6.3
353-2763,204.5,208.8,224.0,9.8
353-3061,120.9,213.0,163.1,8.5
353-3203,114.4,127.7,253.1,10.1
353-3223,108.6,206.4,126.3,13.4
353-3285,220.2,188.4,172.7,11.7
353-3305,130.8,223.7,227.8,10.0
353-3351,210.5,204.5,127.8,8.5
353-3372,256.4,214.5,233.7,7.9
353-3492,135.9,233.2,210.6,9.4
353-3759,151.0,219.7,203.9,9.7
353-3994,194.8,235.3,174.4,11.0
353-4002,187.6,201.4,264.2,8.8
353-4296,162.3,192.4,240.6,10.1
353-4880,183.3,205.1,263.7,5.1
353-5257,71.2,181.6,186.9,12.9
353-5557,197.7,127.6,142.1,13.5
353-5714,154.4,217.2,185.4,13.9
353-6007,209.4,347.3,246.0,7.4
353-6038,245.2,101.5,152.3,10.7
353-6056,191.9,206.9,272.0,12.6
353-6218,143.5,223.5,175.4,11.2
353-6300,216.7,144.3,135.3,10.8
353-6482,170.6,162.1,210.7,6.1
353-6870,145.5,217.7,146.9,10.9
353-7096,105.4,214.8,223.6,7.8
353-7289,124.8,282.2,311.5,10.0
353-7292,292.9,199.7,255.3,13.8
353-7407,205.9,257.1,209.0,12.1
353-7461,247.3,182.7,143.2,14.7
353-7730,141.3,154.3,210.6,8.2
353-7822,149.4,196.5,209.5,14.9
353-8363,271.2,202.6,221.6,11.5
353-8849,206.2,256.4,117.1,9.0
353-8928,235.2,220.6,236.3,11.8
353-8970,236.6,220.9,146.8,8.9
353-9339,203.2,235.8,224.9,15.1
353-9998,109.0,259.3,182.1,13.3
354-1558,219.5,222.1,188.3,16.1
354-2189,170.7,179.1,281.9,8.2
354-2434,208.0,95.1,178.5,8.0
354-2762,210.1,248.9,158.6,14.4
354-2985,232.7,186.4,153.3,11.5
354-3040,274.6,161.1,194.4,9.2
354-3237,221.2,213.6,291.8,11.9
354-3436,102.8,206.7,299.0,10.1
354-3545,214.2,181.2,174.0,10.3
354-3783,151.7,119.0,180.0,10.5
354-4333,143.1,239.6,221.7,7.1
354-4352,230.1,212.0,174.9,13.2
354-4445,201.4,229.4,252.5,12.0
354-4448,147.0,197.3,267.4,8.7
354-4568,178.7,215.7,152.7,10.6
354-4577,201.1,303.5,224.0,13.2
354-4752,86.0,260.7,98.6,8.9
354-5058,106.1,123.5,96.4,12.9
354-5689,147.1,161.0,275.9,9.0
354-5764,81.6,268.1,140.8,8.6
354-6183,141.4,186.4,210.0,7.7
354-6810,154.8,177.2,207.6,9.0
354-6942,260.5,102.4,129.7,9.8
354-6960,204.9,135.2,208.2,10.4
354-7025,159.7,155.4,255.7,8.4
354-7077,239.1,209.1,268.2,13.3
354-7201,183.5,170.5,193.8,8.3
354-7314,198.3,279.3,146.2,14.8
354-7339,181.8,202.4,245.9,9.2
354-7397,225.1,279.5,233.8,8.8
354-7718,116.9,276.5,289.9,12.3
354-7820,225.9,162.8,272.1,10.1
354-8088,247.4,175.9,287.4,11.3
354-8191,164.2,196.2,236.1,8.1
354-8491,158.1,322.2,210.0,8.9
354-8914,168.6,187.7,216.5,14.4
354-9062,212.1,150.1,219.8,7.7
354-9068,198.5,266.6,243.3,8.0
354-9492,274.3,52.9,246.1,10.9
355-1019,194.2,193.8,192.0,9.3
355-1113,104.9,216.3,217.4,9.6
355-1735,141.2,149.1,171.4,7.0
355-2293,182.1,211.5,207.4,6.8
355-2464,287.3,288.0,266.0,10.5
355-2634,222.1,160.6,218.8,13.6
355-2840,232.1,210.8,165.4,15.0
355-2872,139.0,250.7,286.2,6.1
355-2909,166.3,158.2,256.7,6.1
355-3602,118.1,109.6,245.5,16.9
355-3620,63.2,220.2,184.0,5.1
355-3801,179.3,208.9,248.2,13.5
355-3814,184.8,175.1,158.2,10.5
355-4143,67.7,195.7,236.5,12.0
355-4842,204.4,219.1,222.7,10.5
355-4992,267.4,204.2,111.7,5.9
355-5009,197.1,214.5,282.2,9.5
355-5922,122.0,138.3,224.2,5.8
355-6291,212.1,209.4,167.2,5.3
355-6422,129.9,230.1,140.5,13.3
355-6531,196.0,322.7,225.6,3.7
355-6560,233.8,221.6,146.9,12.8
355-6826,202.7,224.9,253.9,12.1
355-6837,282.5,219.9,170.0,9.4
355-6930,177.1,194.0,146.7,5.9
355-7251,229.3,177.4,189.3,12.0
355-7293,221.8,203.8,215.8,8.4
355-7705,62.3,275.0,138.7,10.8
355-7895,237.4,175.9,210.3,9.2
355-8299,221.4,165.8,247.0,10.8
355-8887,214.1,164.4,177.5,8.2
355-9295,192.2,168.6,139.8,9.4
355-9324,249.4,211.5,169.0,9.1
355-9356,210.6,164.2,201.4,9.4
355-9360,95.5,163.7,264.2,6.6
355-9366,169.0,188.8,213.3,13.3
355-9475,186.0,262.3,98.9,11.5
355-9508,206.4,128.0,194.5,8.8
355-9541,254.8,143.4,153.9,15.0
355-9581,259.9,176.2,77.2,15.3
355-9993,218.2,348.5,212.6,7.5
356-1270,180.7,173.7,231.5,10.1
356-1358,203.3,259.9,115.9,7.8
356-1420,159.8,264.0,115.7,9.7
356-1567,223.0,110.1,188.7,7.1
356-1582,178.7,252.3,255.7,8.4
356-1654,173.7,204.0,174.6,6.3
356-1889,160.4,102.6,235.3,9.1
356-1952,124.1,192.8,162.9,6.4
356-2093,236.6,197.5,209.5,9.5
356-2302,188.0,90.5,150.3,15.3
356-2992,189.7,212.8,165.7,10.0
356-3333,208.7,173.3,264.7,8.3
356-3403,189.5,207.0,214.1,9.2
356-3448,225.4,187.1,281.1,12.9
356-3646,184.1,327.0,212.5,7.5
356-4001,230.0,103.2,309.6,11.3
356-4146,204.6,205.2,164.6,10.7
356-4558,222.7,105.8,214.8,13.5
356-4706,247.5,108.5,232.0,10.6
356-4832,157.2,196.3,226.7,8.4
356-5244,170.9,201.4,159.0,4.1
356-5475,167.1,131.8,187.4,9.4
356-5491,178.7,178.6,126.8,8.0
356-7208,176.2,236.0,152.5,10.6
356-7217,164.2,155.4,168.9,10.7
356-7239,127.8,181.6,197.3,15.9
356-7511,134.4,152.4,236.5,9.4
356-7580,193.2,194.4,186.5,9.7
356-7817,184.2,312.6,264.0,12.2
356-8449,162.1,171.8,259.8,9.6
356-8621,146.6,172.8,173.8,10.0
356-8982,169.2,149.9,196.9,4.6
356-9187,248.8,140.3,263.6,10.3
357-1085,139.4,223.7,173.1,13.6
357-1700,148.2,161.8,259.3,11.0
357-1909,218.0,114.4,269.2,12.4
357-1938,298.4,270.5,107.3,12.2
357-2294,259.7,152.7,224.7,10.2
357-2429,182.1,213.6,193.0,13.4
357-2679,213.4,204.9,179.7,9.5
357-2735,168.2,224.7,169.5,12.9
357-2748,200.4,131.1,230.7,7.6
357-3187,208.8,225.3,221.6,11.1
357-3577,185.3,219.1,243.6,5.5
357-3709,211.7,198.7,301.7,6.5
357-3817,213.0,191.1,182.7,9.5
357-4078,202.6,118.8,234.9,9.0
357-4265,277.5,131.8,126.9,8.2
357-4573,102.1,219.5,73.7,9.8
357-4936,220.5,239.5,254.3,5.9
357-5696,153.0,141.1,171.5,10.3
357-5784,18.9,258.4,109.6,14.8
357-5801,151.8,209.9,266.9,11.9
357-5995,183.8,164.7,111.0,10.1
357-6039,285.7,230.9,230.7,14.8
357-6348,161.7,207.6,205.7,9.2
357-7060,146.3,255.9,45.0,8.0
357-7064,134.1,195.1,159.6,10.5
357-7385,119.3,223.9,211.9,8.7
357-7875,203.8,267.1,225.1,7.3
357-7893,216.3,266.3,214.0,4.5
357-8515,188.0,151.3,201.9,10.5
357-9136,121.7,125.8,261.6,8.3
357-9832,96.2,178.9,182.1,12.9
358-1129,154.0,185.5,148.2,8.2
358-1329,92.4,219.0,212.6,12.9
358-1346,218.4,236.7,192.2,13.2
358-1778,162.0,247.5,155.5,8.9
358-1912,195.3,216.7,259.9,12.5
358-1921,243.4,121.2,162.6,12.2
358-1922,251.5,214.2,186.1,11.1
358-1958,183.0,72.9,181.8,9.5
358-2046,201.1,170.7,237.4,11.6
358-2490,273.8,289.7,269.1,5.8
358-2694,140.8,228.6,152.9,10.9
358-3114,131.7,216.5,196.1,11.0
358-3261,145.7,220.5,249.9,13.1
358-3604,169.5,230.9,269.8,9.0
358-3691,159.5,119.7,173.9,6.8
358-3692,263.7,186.5,195.3,18.3
358-4036,139.6,250.2,158.1,10.8
358-4412,236.7,263.5,259.6,12.0
358-4576,235.1,251.8,285.9,7.2
358-5274,157.4,167.8,188.8,8.8
358-5721,87.7,214.8,201.3,10.8
358-5826,209.8,194.5,200.4,11.3
358-5953,115.8,243.3,184.6,13.1
358-6672,133.3,184.1,272.9,13.5
358-6796,131.5,230.2,283.7,10.0
358-7165,288.8,175.9,215.4,9.5
358-7379,183.2,252.8,156.7,9.7
358-7914,130.0,185.3,178.7,8.3
358-8025,231.2,188.7,206.9,12.3
358-8729,205.3,166.7,240.6,7.8
358-9095,237.9,247.6,208.9,13.9
358-9146,206.7,281.1,158.5,11.0
358-9898,153.2,210.8,153.5,7.8
359-1231,241.8,170.5,295.3,11.8
359-1441,179.5,162.3,264.5,6.6
359-2197,129.6,246.2,172.1,9.4
359-2740,178.1,236.7,264.0,8.4
359-2915,90.4,201.3,227.1,13.1
359-3423,226.3,274.3,242.7,8.2
359-3618,219.1,242.9,168.9,10.1
359-3833,178.1,212.8,226.3,10.0
359-4081,131.2,162.9,159.0,8.2
359-4336,295.4,232.1,204.4,11.5
359-4587,275.4,187.5,147.1,13.6
359-5091,29.9,129.1,325.9,8.6
359-5160,239.2,235.5,156.3,9.5
359-5461,176.9,90.7,238.0,9.5
359-5718,217.1,220.8,249.5,8.0
359-5731,270.0,256.6,168.5,12.0
359-5890,125.2,205.4,254.4,18.9
359-5893,192.1,169.9,166.6,11.4
359-6163,125.7,207.6,183.1,12.9
359-6196,173.1,240.3,233.2,9.0
359-6232,314.1,222.4,259.0,12.3
359-6931,222.3,146.2,275.6,8.9
359-6995,202.0,163.5,195.4,10.4
359-7255,208.8,132.9,136.7,11.1
359-7426,308.6,150.8,198.7,7.3
359-7521,251.0,91.2,142.2,13.8
359-7562,221.0,165.4,235.4,9.7
359-7648,207.2,256.0,211.0,9.9
359-7694,134.3,202.3,195.9,12.6
359-7788,118.7,205.1,172.2,10.4
359-8466,58.8,219.5,152.3,7.1
359-9223,191.3,261.5,182.3,10.0
359-9369,173.9,287.4,204.8,9.1
359-9454,190.9,226.6,230.1,7.8
359-9794,126.7,206.0,247.8,13.3
359-9972,206.7,174.6,241.5,10.9
359-9992,246.4,160.3,170.9,7.6
360-1171,61.6,77.1,173.0,8.2
360-1320,110.9,213.4,186.2,7.9
360-1406,253.5,117.9,248.5,14.0
360-1596,249.6,252.4,280.2,11.8
360-1643,117.6,159.2,236.4,11.3
360-1745,222.5,169.7,264.3,9.0
360-1776,112.8,199.4,142.7,10.1
360-1852,252.7,221.1,109.9,12.4
360-2107,252.9,177.9,158.4,8.5
360-2329,234.9,270.8,219.3,13.9
360-2479,138.7,256.9,234.9,10.0
360-2690,151.4,152.4,250.1,0.0
360-3126,109.5,286.1,247.6,4.9
360-3324,312.0,129.4,217.6,10.5
360-3525,147.9,228.4,299.7,9.6
360-4320,102.0,270.2,148.2,10.7
360-5636,156.0,276.1,175.9,9.3
360-5779,136.3,172.2,137.5,7.1
360-5794,245.0,180.4,262.9,9.7
360-6024,197.4,295.7,211.7,13.2
360-6309,94.1,280.3,205.0,9.8
360-6416,261.9,148.1,145.2,13.8
360-6868,158.0,292.5,241.1,9.1
360-7076,176.0,277.9,174.7,14.7
360-7079,216.2,222.2,192.0,3.1
360-7246,166.9,273.2,171.0,11.5
360-7404,264.7,216.5,210.7,10.4
360-7477,164.6,270.6,230.4,8.0
360-7839,200.6,152.5,199.4,7.7
360-8135,170.5,193.2,188.0,11.2
360-8666,104.6,149.5,255.1,6.5
360-8919,111.4,175.0,217.2,5.5
360-9005,185.0,249.5,157.8,7.4
360-9038,186.8,261.0,317.8,15.0
360-9676,177.1,163.7,242.7,7.4
361-1315,116.7,145.9,175.1,9.9
361-1404,141.6,207.9,203.6,10.2
361-1581,123.1,158.4,256.1,9.3
361-1900,220.8,265.7,212.8,6.4
361-2170,147.7,283.3,188.3,6.9
361-2349,81.9,253.8,213.1,8.9
361-2924,218.9,299.9,158.6,11.3
361-3337,186.1,254.3,214.0,14.6
361-3779,192.6,135.2,216.2,7.9
361-4137,260.8,258.1,131.3,5.8
361-4910,203.6,161.7,175.9,8.4
361-5225,35.1,180.8,251.6,12.7
361-5277,150.4,230.5,186.3,12.3
361-5864,49.9,150.7,188.2,10.1
361-5936,168.6,205.1,175.8,5.9
361-6563,171.5,160.0,212.4,5.0
361-6814,193.7,126.9,221.2,8.8
361-7283,108.6,209.9,222.6,7.9
361-7702,140.1,231.4,188.1,11.2
361-7998,192.7,225.9,254.2,10.9
361-8113,200.3,226.6,198.8,12.9
361-8239,184.0,120.4,153.7,11.0
361-8288,198.1,156.7,182.1,9.3
361-8367,257.3,184.8,108.9,13.5
361-9195,189.8,173.7,257.1,10.3
361-9621,100.8,230.0,193.6,9.5
361-9839,209.1,205.0,119.4,7.8
361-9845,243.1,213.8,228.7,12.1
361-9923,183.9,255.9,275.0,10.8
362-1146,189.0,118.5,248.1,17.1
362-1407,220.0,217.3,152.8,14.7
362-1490,193.0,89.8,172.8,15.3
362-2067,158.1,115.2,182.4,11.8
362-2314,205.2,240.6,79.7,14.4
362-2353,152.9,256.6,173.6,5.3
362-2356,117.9,160.4,235.3,11.4
362-2776,216.0,188.2,147.1,3.6
362-2787,118.9,228.3,180.1,8.2
362-3107,133.4,223.9,180.4,10.2
362-3660,179.3,252.7,227.5,8.0
362-4159,179.2,283.3,285.4,5.8
362-4596,260.4,146.0,269.5,11.5
362-4685,178.1,146.5,137.6,8.5
362-5044,196.1,185.5,250.0,5.2
362-5111,189.1,246.1,242.0,10.4
362-5579,265.2,178.7,174.7,10.7
362-5889,235.8,157.2,188.2,12.0
362-5899,118.4,249.3,227.0,13.6
362-6528,161.3,220.6,224.7,9.6
362-7318,197.9,181.5,281.4,6.7
362-7581,237.1,264.2,271.3,7.9
362-7604,233.7,207.9,212.7,12.0
362-7835,103.3,138.5,164.8,9.0
362-7870,193.7,183.2,293.7,10.8
362-7951,175.2,199.2,219.8,13.2
362-8280,122.4,143.8,157.0,11.5
362-8331,183.6,58.6,202.6,8.7
362-8378,187.8,149.2,201.4,11.0
362-8763,294.9,165.7,189.2,9.8
362-8886,203.8,87.8,166.2,11.7
362-9391,189.7,115.9,220.6,7.4
362-9411,160.1,256.7,270.0,7.0
362-9748,251.8,205.7,275.2,9.8
362-9983,163.8,134.9,79.3,8.8
363-1069,196.8,254.9,138.3,20.0
363-1107,128.8,104.9,141.1,11.2
363-1123,190.4,92.0,224.8,13.6
363-1208,255.3,194.6,276.6,3.7
363-1366,175.7,258.9,268.4,14.1
363-1413,256.5,222.1,156.7,13.0
363-1560,234.8,106.8,178.5,9.9
363-1719,207.3,198.4,114.1,8.6
363-2193,92.2,211.2,129.1,13.1
363-2407,219.9,143.3,130.6,11.7
363-2602,191.5,175.2,220.3,0.0
363-3295,170.5,277.5,162.5,12.2
363-3469,232.6,253.4,154.0,10.5
363-3486,207.6,251.6,191.6,10.9
363-3515,205.7,214.5,226.1,6.7
363-3571,205.4,134.9,310.5,10.3
363-3763,49.2,143.9,203.0,12.1
363-3818,184.5,172.0,183.4,13.7
363-3911,204.2,292.6,244.3,10.5
363-4005,203.4,167.7,132.0,9.2
363-4779,97.1,228.0,240.0,10.6
363-4967,193.6,148.7,282.5,13.1
363-5450,211.3,162.6,134.7,13.2
363-5819,232.4,211.9,273.0,5.0
363-5853,142.5,195.7,122.1,7.8
363-5947,175.5,249.3,270.2,10.2
363-6695,239.8,128.9,249.9,11.3
363-6896,191.4,205.4,205.7,10.2
363-7802,313.8,147.7,192.7,10.1
363-7979,177.4,240.3,237.3,12.0
363-8033,266.0,214.6,306.2,14.2
363-8244,186.9,240.0,200.9,5.8
363-8424,201.2,280.1,154.2,11.8
363-8715,183.9,240.7,185.7,15.0
363-8755,117.1,249.6,162.2,11.1
363-8824,146.7,274.0,321.3,8.9
363-9663,256.5,199.5,188.3,7.0
363-9969,168.3,87.6,247.2,8.4
364-1134,131.9,167.6,205.9,14.7
364-1969,45.0,151.3,152.9,9.8
364-1995,187.0,134.6,242.2,7.4
364-2166,218.7,155.0,99.0,12.1
364-2439,200.4,272.8,214.5,8.3
364-2495,237.1,205.6,196.7,10.1
364-3286,166.7,179.3,242.7,6.8
364-3567,164.8,229.9,167.3,14.8
364-4927,158.6,220.0,252.9,9.1
364-5126,211.0,155.1,234.8,11.4
364-5362,185.1,233.0,152.2,9.1
364-5510,123.7,172.6,280.5,8.8
364-6381,213.8,159.6,139.2,5.0
364-6445,150.5,152.9,215.9,3.5
364-6801,241.2,116.5,152.2,10.6
364-7622,224.7,129.4,167.6,15.8
364-7644,130.5,208.4,141.6,11.0
364-7719,172.8,183.1,158.8,7.9
364-8128,125.4,261.5,241.6,11.4
364-8731,187.2,114.7,104.7,13.2
364-8774,167.6,176.0,250.9,13.4
364-8981,116.8,123.1,217.5,12.0
364-9040,148.5,219.4,198.5,14.5
364-9059,151.8,138.0,233.5,11.2
364-9240,156.6,71.0,261.7,13.4
364-9425,141.3,230.4,223.7,9.4
364-9567,174.5,217.5,220.3,12.2
364-9904,155.0,133.4,176.1,7.0
365-1664,215.9,145.4,186.9,12.1
365-1688,210.7,238.7,253.6,9.2
365-2008,268.3,185.5,264.6,6.3
365-2153,207.9,172.0,191.8,14.4
365-2192,180.5,224.1,205.7,2.4
365-2341,247.6,256.3,158.6,10.8
365-3493,201.9,154.7,164.4,9.0
365-3562,203.4,128.7,190.5,11.0
365-4387,172.9,137.6,203.8,8.3
365-4728,215.1,197.4,162.1,10.6
365-5039,166.2,255.3,228.1,5.4
365-5629,63.7,195.8,210.1,10.0
365-5682,219.9,208.5,352.5,8.1
365-5886,220.9,242.2,233.3,6.4
365-5979,250.3,260.6,195.0,13.3
365-6022,138.7,215.4,164.3,4.9
365-6205,175.4,159.5,260.6,11.6
365-6756,139.3,178.3,246.5,8.1
365-7774,145.0,294.3,239.8,11.0
365-7784,174.0,281.1,197.2,9.7
365-8114,215.6,200.6,153.8,12.4
365-8779,169.6,264.1,206.3,9.3
365-8831,234.8,199.2,163.2,10.0
365-9011,125.2,206.4,129.3,8.3
365-9079,180.9,194.9,197.8,8.8
365-9371,161.5,192.9,168.3,11.2
365-9696,221.1,110.8,240.1,10.6
366-1084,296.0,226.4,246.8,12.3
366-1613,259.4,172.7,293.7,10.7
366-2212,98.2,180.5,223.6,9.3
366-2273,236.9,197.7,309.1,11.4
366-2536,177.4,226.2,254.1,10.9
366-2541,95.9,261.6,228.6,13.3
366-2622,119.3,185.1,157.0,10.9
366-3358,271.4,190.4,284.7,11.1
366-3917,183.6,120.7,215.1,12.7
366-3944,197.1,259.4,134.7,14.6
366-4225,153.4,198.5,164.4,10.4
366-4287,62.9,202.9,259.0,8.9
366-4334,213.7,253.0,207.7,10.7
366-4426,129.0,188.0,235.0,11.2
366-4444,246.4,228.1,166.4,9.1
366-4467,278.4,81.0,163.2,9.8
366-5241,182.5,204.7,229.9,11.3
366-5640,154.1,204.2,196.2,9.8
366-5699,189.8,163.3,264.8,7.5
366-5780,74.5,200.8,192.2,9.8
366-5829,143.2,88.1,233.2,8.8
366-5918,200.4,309.2,152.1,10.0
366-6248,241.7,168.5,169.8,11.1
366-6345,226.7,228.1,73.2,17.6
366-6730,257.7,162.1,286.9,11.1
366-6751,126.0,144.3,302.8,7.6
366-6991,178.4,168.3,120.5,9.3
366-7069,180.0,145.0,233.7,11.5
366-7247,216.9,207.4,221.7,17.5
366-7331,197.0,190.4,211.9,16.1
366-7360,119.6,278.7,263.4,5.9
366-7560,224.0,210.7,231.9,2.1
366-7616,143.3,180.5,184.2,10.1
366-7912,248.7,220.0,265.7,13.2
366-8036,193.5,220.2,272.4,8.5
366-8382,235.1,196.8,259.7,7.0
366-8939,205.9,277.4,202.0,11.0
366-9015,220.8,156.2,187.9,10.5
366-9074,173.9,276.4,190.8,15.3
366-9211,150.1,200.1,266.7,11.0
366-9238,120.7,307.2,203.0,13.1
366-9430,207.8,123.5,291.6,5.7
366-9538,120.9,235.0,95.1,11.4
366-9781,160.1,168.7,23.2,9.5
367-1024,195.6,126.4,148.6,14.2
367-1062,140.6,178.6,217.0,6.8
367-1398,144.9,151.3,252.4,12.3
367-1424,130.9,203.4,171.7,12.4
367-1681,47.7,264.4,235.2,13.2
367-2056,198.0,273.7,217.9,7.6
367-2227,128.8,157.3,147.4,10.3
367-2436,119.2,228.4,197.9,8.4
367-2598,124.6,146.4,169.4,10.5
367-3220,278.9,190.2,255.2,11.7
367-3439,194.3,123.6,229.5,10.2
367-3648,51.9,162.0,223.5,10.1
367-3950,233.3,209.8,210.6,9.1
367-3971,132.0,197.5,175.8,0.0
367-4277,247.8,130.0,134.3,6.9
367-4853,199.6,214.3,196.8,7.2
367-5226,289.1,233.8,223.5,12.7
367-5923,159.8,210.1,175.1,13.1
367-6005,102.0,113.3,188.6,11.4
367-6136,61.6,255.1,225.9,12.4
367-7039,47.4,167.8,163.1,10.5
367-7906,125.5,269.8,235.8,8.9
367-8156,179.2,222.9,188.2,12.4
367-8168,199.6,211.4,72.4,11.0
367-8298,184.2,181.6,143.4,12.8
367-8692,217.6,279.0,250.7,10.4
367-8924,126.1,274.7,184.4,9.8
367-9127,220.3,285.8,203.0,9.4
367-9257,109.4,244.7,276.9,7.1
367-9259,144.8,164.9,231.5,8.2
367-9495,194.1,227.2,190.4,15.3
367-9765,198.2,280.4,129.6,11.3
368-1288,165.0,202.6,172.3,12.5
368-2074,193.7,186.6,223.0,11.6
368-2458,168.6,168.6,95.3,12.3
368-2583,205.6,169.5,220.1,10.9
368-2845,138.1,164.5,134.9,8.3
368-3078,174.5,213.7,164.7,10.3
368-3117,170.1,271.8,110.7,8.7
368-3287,237.2,213.1,192.7,10.7
368-3808,194.2,242.1,215.8,9.7
368-3931,94.8,219.1,197.4,11.4
368-5165,206.9,262.4,149.3,10.7
368-5437,193.3,128.3,162.1,11.6
368-5612,215.5,161.9,128.3,8.8
368-5628,234.4,179.3,285.5,10.4
368-5647,189.8,115.5,191.3,12.2
368-5758,137.6,143.5,273.7,9.6
368-6111,150.0,218.5,212.4,9.8
368-6174,124.3,207.1,157.4,14.8
368-6488,136.8,179.5,71.1,12.5
368-6892,193.0,224.8,197.6,10.3
368-7555,125.8,207.7,207.4,14.1
368-7706,119.2,168.3,204.7,12.2
368-8026,118.2,167.2,214.2,12.2
368-8283,252.0,150.2,151.8,9.6
368-8555,193.4,116.9,243.3,9.3
368-8600,195.0,210.5,180.6,11.0
368-8835,178.6,213.1,198.0,10.9
368-8964,203.2,152.5,197.8,9.7
368-8972,173.2,131.2,170.9,5.4
368-9007,210.3,195.8,221.6,11.2
368-9073,86.3,238.7,238.4,12.5
368-9507,169.6,234.7,285.4,11.2
368-9751,191.4,361.8,147.5,7.2
368-9860,110.5,223.2,169.5,10.5
369-1220,146.8,171.7,234.5,9.9
369-1904,203.4,182.9,213.7,13.8
369-1929,224.9,250.0,216.1,6.7
369-2214,183.6,203.8,166.9,6.0
369-2625,198.4,210.9,193.3,10.4
369-2743,159.5,195.4,102.4,7.1
369-2899,169.5,157.6,98.2,10.6
369-3214,83.4,232.2,146.7,7.6
369-3626,149.0,131.0,238.6,8.6
369-3756,224.7,294.0,290.0,9.8
369-4012,187.8,154.6,213.9,10.1
369-4377,109.1,217.4,188.4,12.8
369-4384,221.4,231.8,122.5,9.8
369-4962,134.7,235.9,260.2,7.6
369-5222,139.5,289.3,129.4,13.1
369-5449,243.0,183.9,184.3,15.3
369-5526,190.7,183.5,220.8,9.8
369-5810,177.2,270.4,231.5,14.0
369-5942,156.0,56.0,163.3,8.9
369-6012,215.4,328.7,160.5,7.8
369-6204,175.9,211.7,174.5,7.3
369-6308,148.2,285.1,166.4,6.2
369-6880,194.4,254.9,160.2,17.2
369-6890,198.8,166.6,198.5,14.4
369-7017,135.9,244.5,207.5,11.5
369-7049,206.9,224.4,197.4,8.3
369-7295,94.9,253.2,175.1,14.2
369-7903,240.1,180.4,133.4,8.0
369-8005,221.7,193.0,194.1,6.5
369-8024,267.9,263.3,178.1,8.3
369-8574,125.7,275.9,214.5,14.2
369-8576,193.4,231.6,226.2,11.1
369-8703,153.7,188.6,200.8,10.7
369-8871,192.0,139.5,187.4,5.5
369-9465,222.8,215.9,223.5,0.0
369-9772,162.0,324.7,160.1,11.9
370-1465,214.0,192.4,242.6,7.9
370-1525,226.7,168.4,188.7,10.2
370-2451,219.9,222.1,118.5,10.0
370-2688,260.0,210.5,234.7,9.0
370-2892,187.6,208.2,158.9,8.7
370-2957,214.0,180.0,134.5,10.6
370-3021,214.1,200.9,246.8,9.2
370-3032,123.8,319.0,237.6,7.3
370-3271,231.1,153.4,191.3,9.6
370-3359,226.1,201.5,246.2,10.3
370-3450,160.1,213.3,174.1,13.0
370-4139,231.8,232.9,206.9,7.6
370-4395,141.1,147.2,254.7,8.0
370-5001,175.1,216.9,243.7,9.9
370-5042,207.6,152.7,232.8,9.7
370-5361,254.3,78.9,153.2,11.8
370-5527,321.6,251.6,141.1,11.3
370-5626,204.5,132.8,190.1,14.8
370-7546,156.8,215.8,223.3,7.6
370-7550,213.8,141.8,142.2,7.2
370-7565,266.7,232.3,212.8,16.3
370-7574,198.4,75.3,181.2,5.8
370-8023,145.1,233.7,208.7,7.9
370-8262,137.3,184.2,231.4,10.2
370-8379,221.6,285.2,167.4,12.7
370-8463,221.6,288.4,240.3,9.0
370-8676,147.8,276.8,149.9,10.2
370-8786,240.3,162.5,231.9,11.9
370-9000,242.4,152.9,318.3,11.8
370-9116,337.4,227.4,153.9,15.8
370-9296,185.0,182.5,274.9,5.1
370-9533,19.5,140.9,179.7,7.9
370-9563,243.5,236.8,173.3,9.0
370-9592,105.2,341.3,165.7,6.3
370-9622,226.4,276.8,213.4,12.3
370-9755,174.9,248.2,164.6,13.5
371-1139,51.1,208.6,198.0,12.3
371-1187,180.5,230.0,232.5,10.6
371-1514,85.7,247.7,142.4,10.1
371-1727,150.6,169.1,221.2,10.4
371-2155,179.5,191.9,165.5,12.0
371-2316,110.5,227.8,243.6,11.0
371-2418,158.7,160.5,218.3,9.9
371-2500,165.4,273.7,210.0,8.7
371-3236,212.1,189.4,352.2,8.4
371-3498,195.4,268.2,168.0,8.4
371-4306,148.6,131.1,219.4,10.1
371-4633,240.9,167.4,322.2,14.7
371-4788,109.9,220.8,104.0,10.9
371-5556,146.2,261.5,163.2,8.7
371-5655,215.1,138.9,146.2,12.4
371-5811,113.6,158.6,187.7,10.5
371-5875,224.0,233.5,293.9,8.8
371-6284,157.8,203.2,168.7,10.0
371-6990,158.6,211.2,179.3,10.2
371-7191,161.6,195.5,254.4,13.7
371-7366,242.2,159.7,210.0,8.9
371-7917,166.1,79.3,213.7,12.7
371-8452,172.2,162.6,250.3,8.7
371-8598,208.3,253.6,291.0,12.6
371-9414,174.3,254.1,176.4,5.9
371-9457,176.9,167.9,182.2,7.7
371-9482,217.0,207.0,268.0,8.2
371-9602,251.9,194.6,211.2,8.4
372-1115,201.9,212.3,176.9,7.8
372-1493,184.8,248.6,133.1,9.6
372-1534,130.2,278.0,305.4,14.0
372-1824,163.2,167.6,87.5,6.2
372-2296,117.5,206.8,194.4,4.2
372-2990,171.2,193.6,196.5,10.2
372-3750,58.2,138.7,136.8,11.9
372-3987,125.3,167.6,260.6,8.4
372-4203,151.5,248.7,199.8,10.7
372-4722,126.7,155.5,206.2,14.4
372-4835,190.2,262.2,130.0,8.8
372-4868,89.8,233.2,165.7,9.3
372-5262,162.6,206.2,141.6,8.2
372-5384,115.0,137.8,224.0,7.3
372-6497,299.5,226.7,210.7,13.7
372-6623,209.9,221.3,210.0,8.2
372-6920,185.1,213.0,196.1,8.5
372-7326,140.7,195.2,252.9,11.7
372-7990,291.8,214.3,151.2,9.9
372-8048,142.3,194.8,239.3,16.0
372-8405,154.8,171.5,227.3,10.6
372-8883,123.1,213.9,184.9,12.0
372-8925,148.7,167.3,270.6,10.4
372-9091,115.3,224.7,152.5,18.0
372-9816,111.8,239.6,268.3,6.9
372-9852,175.4,197.4,188.2,9.7
372-9976,126.3,166.8,187.8,9.4
373-1028,175.2,151.7,230.5,5.3
373-1448,229.7,336.0,192.8,9.6
373-2053,335.5,212.5,265.0,12.7
373-2091,224.7,192.0,212.2,11.3
373-2339,102.8,281.7,228.1,13.2
373-2782,224.4,159.5,192.8,13.0
373-2903,196.8,254.2,261.8,7.7
373-3251,177.5,287.4,180.5,11.9
373-3538,196.7,205.9,216.6,11.2
373-3549,213.1,206.2,163.4,8.9
373-3731,161.6,196.3,294.8,13.8
373-3959,247.2,225.5,186.3,6.1
373-4264,326.3,165.1,162.9,7.5
373-4274,61.9,262.6,212.5,8.8
373-4483,189.3,239.3,89.7,9.9
373-4819,160.6,163.2,187.1,9.0
373-5196,144.4,266.5,217.6,7.1
373-5438,150.7,197.3,169.0,9.2
373-5670,76.1,290.3,236.9,10.8
373-5732,242.1,191.0,218.6,14.7
373-5928,143.2,169.9,221.6,11.6
373-6379,55.3,164.7,200.7,10.2
373-6681,184.5,183.2,127.4,12.3
373-6784,310.4,66.5,246.5,9.2
373-6922,288.0,255.8,233.4,13.4
373-7037,216.8,102.2,174.0,8.6
373-7308,137.1,155.7,247.6,11.5
373-7690,189.3,118.6,250.2,12.5
373-7713,178.7,233.7,131.9,9.1
373-7974,295.0,223.6,229.4,12.9
373-8483,238.0,278.5,193.1,11.8
373-8895,152.5,252.4,185.4,4.9
373-8900,212.7,225.2,195.1,7.0
373-8908,276.1,201.1,231.3,8.9
373-8920,195.7,106.2,157.4,5.3
373-9108,119.0,187.5,189.3,11.5
374-1213,182.7,246.5,218.0,8.8
374-1551,118.1,144.3,225.1,8.2
374-1684,199.1,221.8,65.7,4.2
374-1836,118.4,144.1,158.1,8.5
374-1981,293.7,272.5,178.2,11.0
374-2073,220.7,270.2,121.6,8.7
374-3534,200.3,220.4,253.8,10.5
374-4664,250.6,187.9,120.3,7.8
374-5224,174.4,196.7,127.4,11.8
374-5301,134.9,211.5,188.5,11.3
374-5353,300.3,181.0,270.1,11.7
374-5530,175.4,250.7,289.3,9.8
374-5965,183.0,214.8,206.4,8.7
374-6217,164.5,147.9,252.7,11.2
374-6525,206.2,176.4,297.1,11.0
374-6966,256.2,160.7,249.4,7.4
374-7285,215.3,242.4,279.8,12.1
374-7787,165.5,286.2,198.9,11.5
374-8042,178.9,169.1,148.6,13.8
374-8187,239.4,259.4,238.0,7.7
374-8329,145.9,208.2,180.9,14.4
374-8525,175.8,217.5,237.5,5.3
374-9107,134.4,211.3,193.6,10.2
374-9203,267.9,223.0,262.7,11.3
374-9531,250.8,152.5,148.1,10.0
374-9576,148.2,220.4,134.2,9.2
375-1476,250.2,267.1,151.0,13.0
375-1721,175.4,98.3,201.9,10.6
375-1746,123.3,170.0,165.9,12.7
375-2098,283.1,286.2,261.7,11.3
375-2165,220.6,155.2,186.7,10.5
375-2184,130.1,167.0,244.7,13.6
375-2522,145.6,287.9,181.7,9.2
375-2975,191.9,256.1,203.7,14.3
375-3003,217.1,236.0,118.3,9.4
375-3341,156.4,130.4,207.3,7.3
375-3586,209.9,195.1,208.2,8.8
375-3658,210.4,225.5,168.7,9.7
375-3668,160.0,184.5,208.3,6.1
375-3826,271.1,237.0,239.9,9.8
375-4107,112.2,209.6,260.9,13.9
375-4770,134.2,211.9,167.6,8.2
375-4900,113.2,185.5,237.3,9.5
375-5414,182.9,292.4,142.3,11.5
375-5439,197.2,249.9,298.9,3.9
375-5547,252.1,226.1,155.6,13.8
375-5562,217.0,152.3,134.3,11.8
375-6911,197.7,250.5,181.2,10.5
375-8013,194.4,186.7,223.3,10.8
375-8238,150.0,285.9,190.6,9.4
375-8304,208.0,198.9,76.4,8.6
375-8493,80.2,219.0,122.6,8.6
375-8505,233.2,113.3,118.0,16.1
375-8596,256.8,230.1,143.6,9.1
375-8761,219.7,186.8,184.5,9.5
375-8880,227.0,258.7,169.7,8.9
375-8934,91.7,150.6,63.3,7.7
375-9180,196.1,236.8,182.3,11.9
375-9671,204.3,247.3,214.7,12.0
375-9930,211.1,206.9,193.9,5.6
375-9999,299.4,61.9,196.9,6.6
376-1000,172.7,139.1,174.3,11.7
376-1641,71.2,304.4,183.3,8.6
376-1677,125.6,213.0,181.7,5.4
376-1713,246.8,187.8,154.5,12.6
376-2408,231.0,222.3,148.0,8.3
376-2550,210.4,176.6,149.7,15.5
376-2922,233.9,218.9,182.9,9.5
376-4035,204.2,205.9,286.5,8.3
376-4271,130.1,247.2,289.4,13.5
376-4284,186.5,178.0,215.6,12.1
376-4292,274.0,231.8,283.6,6.2
376-4300,64.6,176.1,244.8,0.0
376-4484,283.9,192.0,196.3,10.0
376-4519,119.4,273.3,214.4,12.4
376-4540,228.4,145.1,245.3,7.7
376-4665,73.8,143.4,170.2,10.9
376-4705,162.8,229.6,332.7,13.6
376-4856,202.2,216.8,239.4,11.8
376-4861,199.8,167.1,271.8,5.5
376-5201,128.7,117.6,198.4,10.8
376-5213,226.9,182.2,203.9,11.6
376-5375,191.3,250.7,249.4,17.6
376-5471,214.4,138.0,148.7,9.9
376-5908,148.7,259.0,149.5,12.7
376-7043,146.4,225.1,230.1,8.5
376-7145,208.9,252.4,280.2,12.8
376-7207,183.2,209.4,172.4,11.9
376-8573,130.7,260.6,244.2,9.4
376-9249,278.3,93.4,107.6,9.7
376-9513,255.9,204.1,171.3,12.3
376-9607,113.1,168.8,262.9,6.9
376-9716,227.8,161.8,217.0,8.0
376-9940,147.1,200.0,234.9,12.5
377-1164,169.8,197.7,193.7,11.6
377-1218,214.3,289.8,312.5,10.6
377-1273,261.4,215.7,271.8,8.0
377-1293,263.8,251.3,200.1,8.4
377-1479,205.5,219.3,215.9,14.0
377-1765,252.6,169.0,170.9,11.1
377-2235,182.9,239.6,229.8,5.5
377-2725,172.4,256.6,235.3,0.0
377-3139,221.1,236.7,252.3,9.5
377-3417,243.0,191.8,117.8,13.4
377-3876,80.3,199.9,170.8,16.6
377-4169,241.0,231.8,220.2,9.9
377-4518,277.0,238.3,94.4,8.3
377-4975,138.4,158.9,47.4,3.9
377-5043,260.1,256.5,229.1,10.0
377-5258,160.3,221.3,150.4,11.2
377-5417,236.8,186.4,126.9,10.4
377-5441,221.9,254.7,250.5,7.2
377-6635,39.5,264.3,185.8,10.0
377-7107,189.5,189.8,205.8,13.1
377-7177,138.6,172.3,231.6,9.8
377-7276,216.6,173.1,242.1,9.1
377-7399,106.4,140.2,90.9,11.4
377-7561,191.7,241.4,203.5,9.1
377-7843,231.7,225.1,201.7,12.1
377-8067,174.5,224.2,116.3,12.3
377-8266,148.6,210.8,203.7,10.0
377-8267,209.4,211.5,291.2,7.2
377-8309,234.7,195.7,253.4,8.4
377-8608,168.3,221.2,241.0,12.5
377-9092,170.7,240.2,119.0,11.4
377-9178,160.2,138.9,312.5,9.7
377-9473,181.4,253.8,112.3,11.6
377-9520,203.0,150.9,245.5,14.6
377-9829,146.1,277.4,137.7,6.2
377-9932,182.3,328.2,245.0,11.2
378-1144,143.8,184.0,275.5,12.9
378-1303,181.5,130.7,186.5,8.5
378-1884,255.1,266.9,197.7,8.8
378-1936,245.8,286.7,240.7,9.0
378-2397,164.9,126.5,238.5,10.0
378-2432,140.0,153.7,50.1,12.5
378-2940,252.9,284.3,262.8,12.3
378-3508,136.8,200.8,133.7,10.3
378-3625,326.5,176.3,181.7,10.7
378-3722,244.9,219.6,210.8,9.7
378-3879,196.6,170.2,194.3,12.5
378-4013,127.7,215.0,234.3,5.8
378-4145,254.9,243.2,190.8,5.4
378-4179,204.6,212.5,182.1,9.8
378-4294,153.1,234.1,329.2,9.9
378-4557,236.7,231.9,164.7,12.7
378-4617,232.5,181.8,203.1,10.4
378-5633,232.4,186.0,190.5,12.3
378-5692,196.6,313.2,163.3,11.9
378-6276,209.5,109.6,189.7,9.1
378-6772,12.5,256.6,169.4,7.7
378-6924,115.4,209.9,280.9,15.9
378-6986,276.7,203.7,246.2,8.3
378-7299,185.6,219.7,152.1,11.1
378-7418,153.2,263.3,135.0,11.9
378-7733,159.3,125.9,261.9,11.1
378-7872,150.7,246.7,103.8,7.0
378-8019,175.2,244.4,75.8,7.5
378-8029,151.5,147.8,210.4,10.0
378-8137,151.6,219.4,224.7,4.0
378-8342,202.9,178.6,203.8,12.8
378-8567,209.4,273.8,150.2,12.8
378-8572,142.3,306.3,196.5,9.9
378-9029,131.8,136.7,308.2,7.7
378-9090,89.7,138.6,165.8,10.7
378-9478,210.9,329.3,127.1,9.4
378-9506,181.8,198.6,206.6,9.3
378-9542,317.8,152.9,123.4,10.4
379-1336,96.5,145.8,174.4,9.4
379-1720,254.7,252.2,178.1,8.0
379-2503,133.3,247.8,219.0,11.3
379-2508,166.6,192.4,167.9,7.7
379-2514,69.1,136.3,181.7,6.3
379-2523,88.5,324.8,79.9,8.2
379-2991,115.7,127.8,107.5,9.3
379-3012,132.4,121.6,197.7,8.6
379-3037,170.7,109.9,165.7,8.7
379-3132,143.7,297.8,212.6,11.4
379-3953,214.1,240.5,188.9,10.1
379-4257,127.0,323.2,143.9,7.5
379-4372,177.2,248.9,200.8,8.6
379-4583,105.9,231.7,281.3,10.7
379-5211,216.7,116.5,220.0,9.8
379-5503,155.9,224.2,221.0,8.6
379-5592,203.1,210.1,195.6,12.0
379-5885,266.7,158.2,287.7,13.8
379-5933,150.9,161.8,167.7,11.7
379-6506,161.2,252.2,160.2,4.4
379-6652,40.9,133.4,264.2,11.9
379-6970,279.5,203.2,174.2,10.7
379-7009,254.2,228.1,98.0,13.8
379-7192,157.0,256.9,185.5,12.1
379-7215,269.2,193.8,257.6,8.9
379-7290,197.2,188.5,211.1,7.8
379-7779,143.2,209.1,173.0,11.9
379-8248,140.1,209.6,264.1,8.0
379-8526,253.2,201.0,195.3,9.7
379-8681,321.3,167.9,193.6,8.0
379-8805,190.6,152.3,144.7,7.5
379-9524,197.8,133.9,177.3,10.9
379-9821,142.3,204.5,203.1,9.1
379-9859,156.4,171.0,196.1,8.6
380-1096,150.9,268.6,179.9,14.7
380-2558,157.4,117.9,279.2,13.9
380-2600,176.1,159.4,269.1,12.1
380-2758,199.2,187.3,214.0,13.3
380-2929,232.9,152.1,344.3,10.7
380-3161,187.0,141.4,238.2,10.0
380-3186,203.8,205.1,154.9,9.0
380-3311,174.7,160.6,155.3,13.4
380-3329,149.6,239.8,293.5,7.4
380-3437,128.3,197.1,138.4,12.2
380-3561,271.5,216.3,121.1,11.7
380-3910,237.7,207.1,182.2,4.5
380-3974,96.7,193.8,171.7,9.7
380-4080,112.6,261.7,123.5,11.1
380-4374,117.8,199.2,244.1,11.8
380-5102,99.7,145.1,149.4,14.1
380-5246,128.2,48.1,116.3,8.9
380-5286,261.4,154.5,130.9,11.6
380-5667,198.8,238.6,289.5,11.5
380-5873,199.2,175.1,210.6,10.2
380-6074,272.5,253.0,180.8,8.7
380-6342,236.1,289.2,175.4,9.1
380-6413,158.7,198.4,181.1,10.5
380-6437,154.4,203.8,158.7,11.8
380-6571,115.1,196.8,212.4,11.4
380-6631,161.3,250.3,142.4,6.6
380-6722,75.3,179.9,193.8,12.3
380-7277,165.4,183.7,80.2,8.9
380-7321,180.0,224.2,265.4,4.7
380-7624,276.6,220.1,177.9,9.8
380-7742,220.7,217.7,190.5,13.2
380-7816,46.5,186.0,167.5,9.6
380-8727,115.5,218.1,254.9,11.5
380-9063,175.7,168.6,198.9,14.6
380-9409,119.7,189.7,256.2,12.9
380-9674,129.3,142.7,258.3,12.3
380-9849,175.3,262.3,143.9,5.6
380-9879,197.0,201.0,151.2,11.6
380-9990,143.6,134.3,215.6,15.5
381-1026,256.3,258.1,215.5,11.7
381-1328,136.1,181.4,131.4,11.3
381-2376,202.1,195.7,291.8,13.3
381-2413,223.8,244.8,223.8,12.3
381-2460,197.2,211.7,210.1,8.3
381-2498,191.1,282.8,84.8,12.0
381-2709,119.3,211.5,268.9,10.5
381-2726,242.2,233.2,188.5,6.2
381-2745,58.9,305.5,158.9,12.1
381-3735,166.0,236.1,134.3,10.9
381-4029,136.6,209.4,161.1,12.2
381-4076,186.9,256.3,334.7,8.9
381-4562,114.4,216.6,250.6,11.0
381-4565,147.0,165.7,243.2,8.4
381-4712,235.9,80.6,212.8,5.8
381-4756,192.6,195.5,109.7,6.8
381-5047,76.4,115.6,226.3,9.4
381-5273,154.6,241.6,160.0,12.6
381-5878,165.4,196.0,349.2,9.6
381-7003,175.8,274.3,226.6,12.4
381-7597,206.0,198.1,135.9,13.2
381-8422,227.5,234.9,166.4,9.0
381-8593,110.3,182.4,183.8,11.0
381-9049,207.2,254.1,169.3,9.5
381-9196,121.0,270.4,160.5,7.7
381-9234,240.4,201.8,206.1,16.1
381-9367,27.0,160.9,279.5,10.7
382-1104,98.0,240.7,254.8,10.5
382-1227,155.5,133.1,253.1,9.1
382-1399,189.7,156.1,244.0,8.3
382-2026,280.4,179.4,150.6,15.2
382-2182,99.6,308.7,161.2,13.7
382-2453,197.6,164.5,94.0,6.4
382-2879,178.3,282.6,181.0,11.4
382-3512,151.5,131.7,235.3,11.8
382-3966,160.4,293.9,306.6,12.6
382-4024,141.1,249.1,136.0,10.8
382-4084,261.2,214.2,154.9,12.7
382-4657,265.1,197.4,244.7,10.0
382-4872,181.8,158.1,266.2,9.7
382-4932,70.8,215.6,230.8,9.5
382-4943,130.6,208.1,204.6,15.6
382-4952,154.5,193.6,180.9,13.4
382-5401,153.1,185.9,224.3,10.0
382-5478,286.7,134.4,192.9,6.9
382-5743,245.0,216.9,112.4,7.5
382-6135,215.9,257.9,180.2,11.6
382-6153,190.5,205.5,130.7,13.8
382-6438,246.5,216.3,179.6,12.7
382-6827,208.7,275.5,182.5,8.0
382-7659,146.6,114.8,220.4,2.9
382-7993,270.8,220.4,169.9,11.8
382-7999,69.1,230.3,256.7,6.5
382-8079,246.4,182.0,157.6,12.1
382-8274,128.7,169.5,193.6,10.3
382-8518,168.0,192.4,166.5,10.1
382-9138,224.2,189.6,222.8,9.8
382-9297,133.8,158.8,189.6,10.5
382-9447,183.8,123.5,160.7,6.1
383-1121,212.0,31.2,293.3,12.6
383-1431,201.4,97.6,202.5,7.0
383-1509,161.0,190.9,227.7,12.1
383-1657,293.3,188.5,266.9,14.5
383-2017,221.3,157.8,192.5,11.3
383-2251,193.3,263.3,214.4,11.1
383-2537,208.3,236.7,179.1,11.3
383-2566,274.4,198.6,160.8,6.0
383-2901,191.1,149.6,227.8,9.8
383-3375,129.4,185.4,204.7,1.1
383-4061,230.9,243.2,182.4,11.0
383-4319,50.6,201.4,146.8,4.2
383-4322,99.9,263.5,254.7,9.8
383-4361,117.9,164.5,217.0,9.8
383-4641,183.1,147.4,350.2,11.3
383-4802,165.8,186.9,249.7,0.0
383-5109,80.3,153.3,309.2,12.8
383-5474,177.9,224.6,306.3,10.8
383-5976,135.9,271.0,179.1,9.5
383-6029,173.1,203.9,122.2,14.6
383-6095,165.8,190.0,144.0,10.9
383-6293,226.0,248.5,140.5,6.9
383-6356,204.4,273.2,179.6,11.0
383-6373,281.0,160.6,77.9,0.0
383-6489,211.1,176.7,221.5,14.7
383-6544,133.0,262.8,214.3,11.2
383-7689,201.8,225.0,204.4,10.3
383-8364,159.1,241.6,202.4,6.5
383-8695,200.1,188.9,205.1,15.5
383-8807,177.9,167.3,223.7,15.2
383-8848,288.7,203.8,203.2,8.6
383-8878,195.4,181.2,178.5,8.9
383-9255,182.3,169.9,184.0,9.3
383-9306,277.9,155.8,256.9,9.2
383-9355,197.5,206.9,163.6,11.3
383-9448,179.9,149.8,168.2,9.8
384-1135,207.1,200.1,194.2,12.4
384-1549,179.1,196.6,186.7,10.2
384-1621,261.8,220.6,136.6,9.6
384-1833,124.8,157.3,199.3,8.6
384-2219,183.2,179.2,292.8,9.9
384-2372,222.4,327.0,208.0,8.7
384-2632,207.0,154.9,245.1,13.4
384-2908,197.7,136.7,244.4,13.2
384-3101,234.8,140.9,204.3,9.5
384-3299,131.4,219.7,155.7,11.1
384-3389,157.1,213.1,280.4,7.6
384-3413,128.6,216.2,255.3,6.3
384-3902,220.0,179.9,188.2,11.5
384-3904,196.4,150.3,176.2,9.3
384-4385,148.4,267.1,151.5,8.9
384-4595,231.5,266.9,211.0,7.4
384-4938,216.2,363.7,126.7,16.9
384-5004,278.5,240.7,120.0,11.6
384-5027,226.9,201.6,130.2,13.2
384-5335,164.3,233.7,187.3,11.8
384-5343,141.7,221.0,227.1,10.2
384-5632,225.7,119.6,193.2,14.0
384-5907,182.8,212.7,193.8,11.0
384-6132,248.7,172.3,191.9,11.3
384-6264,96.1,246.8,229.7,9.7
384-6372,175.6,238.0,198.4,10.2
384-6654,178.4,247.0,259.9,9.6
384-7216,205.5,298.5,214.2,6.9
384-7236,211.2,312.5,178.0,10.7
384-7459,72.8,186.4,175.3,10.5
384-7724,141.3,253.6,215.8,6.4
384-7873,169.8,65.2,144.4,10.9
384-8629,55.6,242.7,176.3,11.3
384-8723,156.5,209.2,158.7,11.1
384-8890,86.5,285.2,180.4,8.7
384-9033,189.5,176.3,225.9,14.2
384-9243,169.3,156.0,210.8,11.6
384-9254,235.6,194.8,170.6,8.6
384-9682,184.1,211.7,243.0,9.9
385-1118,233.5,187.7,122.3,9.6
385-1214,168.6,259.2,279.8,7.3
385-1423,186.8,207.6,195.0,8.8
385-1464,239.9,253.8,128.7,6.7
385-1830,220.7,177.8,206.1,12.4
385-1985,206.2,232.4,251.6,13.6
385-2370,194.8,167.2,100.3,10.8
385-2488,165.9,216.5,173.1,14.1
385-2564,165.9,235.9,210.1,12.0
385-2683,194.5,186.3,178.3,12.7
385-2699,141.8,167.3,178.1,7.8
385-3111,83.5,221.1,349.7,12.6
385-3263,216.0,224.1,267.9,11.8
385-3540,117.1,235.4,221.3,9.0
385-4715,215.6,193.4,105.4,13.5
385-4766,291.6,221.1,229.2,14.0
385-5688,221.9,278.2,288.1,7.1
385-5722,197.0,222.8,225.3,10.6
385-6175,252.0,170.2,209.2,5.7
385-6778,195.6,267.8,164.9,16.0
385-6952,157.6,198.3,364.9,9.1
385-7082,176.4,158.8,306.6,9.3
385-7148,96.5,210.2,146.4,12.5
385-7157,139.3,192.3,151.0,9.3
385-7387,121.5,271.4,248.7,11.3
385-7688,198.1,177.0,180.5,6.8
385-7861,227.4,211.5,258.2,11.9
385-7922,220.1,268.2,146.5,11.1
385-8184,106.4,240.1,147.7,5.3
385-8240,60.0,102.2,261.8,11.1
385-8406,207.6,152.7,217.8,12.4
385-8730,134.2,227.3,122.4,8.5
385-8997,278.0,176.7,219.5,8.3
385-9657,150.2,185.7,212.5,12.1
385-9744,111.0,219.8,202.0,4.4
386-1131,191.4,167.4,216.5,14.0
386-1374,197.0,269.3,158.9,10.8
386-1418,184.8,216.4,141.1,18.4
386-1548,114.3,190.3,240.4,12.6
386-1631,218.5,134.2,118.9,9.4
386-2317,107.7,188.9,196.2,8.9
386-2759,181.4,164.5,171.0,10.9
386-2810,159.7,197.5,121.6,13.9
386-2923,190.7,218.2,129.6,8.1
386-2970,117.3,208.7,203.4,14.4
386-3596,169.7,165.9,191.9,12.8
386-3671,217.2,246.7,226.1,15.8
386-3717,109.5,332.1,258.6,6.6
386-3766,115.4,217.4,239.9,13.1
386-3796,211.9,202.9,213.5,8.8
386-3823,129.0,290.0,177.1,11.6
386-4170,62.6,180.6,221.7,10.4
386-4215,124.8,133.0,160.3,10.6
386-4581,145.6,230.9,181.5,11.4
386-5303,175.3,144.3,160.2,11.8
386-5684,204.7,209.4,212.9,7.0
386-6114,208.9,214.8,247.9,13.0
386-6306,170.5,217.2,225.7,13.6
386-6408,72.5,204.0,117.9,6.6
386-6411,173.1,247.2,158.7,11.5
386-6535,136.7,243.1,188.9,8.6
386-6580,141.4,146.4,123.0,8.1
386-7118,222.2,162.5,184.9,11.9
386-7281,146.7,203.5,203.4,13.7
386-7337,236.2,189.4,153.6,13.3
386-7456,141.9,228.9,195.1,8.7
386-7976,154.3,183.0,54.0,10.9
386-8118,205.2,99.5,189.5,13.4
386-8432,151.0,120.6,152.8,9.2
386-8536,196.5,190.0,163.2,10.8
386-8690,120.5,227.8,158.5,10.2
386-8943,180.2,97.7,181.7,8.4
386-8984,142.9,177.9,113.3,6.6
386-9141,198.5,42.5,179.2,12.4
386-9177,165.6,195.9,118.3,11.8
386-9711,190.9,149.7,191.4,13.0
386-9724,222.1,199.4,162.4,9.4
386-9774,129.5,354.2,145.5,10.9
386-9790,280.2,220.5,136.9,13.3
386-9981,200.0,107.9,233.7,11.4
387-1116,242.2,226.1,268.6,8.2
387-1343,139.8,138.2,221.0,5.5
387-1535,249.8,261.9,166.8,12.7
387-2014,202.6,163.0,268.1,8.3
387-2041,70.7,211.0,174.6,0.0
387-2604,242.3,350.9,163.1,11.3
387-2698,153.7,194.0,256.1,14.1
387-2799,223.2,127.5,289.3,14.5
387-2919,129.9,173.3,247.2,11.2
387-3332,166.8,236.0,307.6,9.3
387-3422,124.7,250.4,216.4,7.8
387-4064,161.8,273.0,153.9,13.7
387-4504,145.0,209.1,328.5,14.6
387-5411,200.2,244.4,207.2,11.6
387-5453,272.6,248.7,197.4,9.5
387-5533,239.0,273.0,278.2,13.5
387-5860,172.7,120.1,216.1,10.3
387-5891,307.1,289.4,174.9,8.0
387-6031,176.3,201.0,161.9,11.3
387-6065,124.4,320.9,157.2,10.4
387-6103,179.1,190.6,127.7,10.6
387-6440,172.3,174.0,188.2,13.0
387-6498,150.5,120.3,271.2,9.0
387-6716,206.3,292.8,43.7,10.6
387-6912,207.7,199.7,216.5,7.3
387-7371,284.4,157.0,242.8,8.4
387-7641,110.1,169.0,166.7,9.2
387-7757,291.1,226.7,219.1,7.5
387-8201,190.5,178.4,162.4,13.1
387-9137,277.3,228.4,117.3,12.8
387-9301,240.4,118.9,164.2,11.2
387-9855,93.5,183.4,240.7,9.9
388-1250,187.3,239.7,167.5,15.1
388-2240,203.5,200.3,214.0,13.4
388-4282,167.6,154.5,281.4,17.3
388-4331,107.9,187.0,218.5,0.0
388-4459,128.8,203.9,282.6,14.1
388-4571,185.2,170.4,165.1,9.5
388-4879,186.7,335.0,187.2,16.5
388-5850,194.3,189.9,232.2,9.0
388-6026,196.2,176.5,232.4,15.2
388-6223,178.8,178.4,169.2,7.5
388-6441,179.3,225.9,323.0,8.6
388-6479,217.5,233.7,163.9,9.0
388-6658,143.7,170.7,287.7,7.8
388-7355,128.7,240.8,237.7,12.8
388-7540,255.1,230.6,218.0,8.5
388-7701,196.0,213.4,196.8,7.9
388-8282,234.2,216.7,130.6,13.9
388-8583,308.0,247.8,152.9,7.4
388-8670,166.9,154.9,189.4,7.2
388-8722,179.7,299.8,185.3,7.6
388-8797,169.9,138.3,142.6,8.5
388-8891,108.0,241.9,252.1,10.4
388-8948,125.5,128.9,251.9,6.3
388-9285,143.0,212.2,104.9,15.3
388-9464,99.4,275.0,212.1,16.7
388-9568,213.4,234.5,250.1,2.7
388-9653,58.4,262.2,159.0,11.9
388-9944,94.4,215.1,179.7,13.1
389-1475,94.4,136.2,147.4,4.5
389-2114,235.8,176.0,63.6,7.3
389-2477,234.1,200.2,237.4,13.1
389-2540,174.0,161.3,260.7,11.4
389-2631,192.3,165.3,205.0,9.0
389-2747,87.7,223.0,182.3,7.3
389-3206,183.1,160.1,311.8,7.0
389-4083,230.9,223.0,157.8,9.7
389-4278,183.4,237.6,228.0,9.0
389-4602,150.8,295.9,247.2,12.5
389-4608,291.2,234.2,191.7,8.9
389-4695,200.1,300.9,236.0,11.9
389-4780,214.7,158.6,123.4,9.4
389-5649,177.3,152.8,162.9,5.1
389-5988,121.7,184.0,266.6,12.7
389-6037,186.0,66.0,213.1,12.9
389-6081,264.0,132.2,177.7,10.6
389-6082,238.9,187.2,181.1,11.8
389-6790,154.4,221.4,208.5,10.3
389-6955,159.6,276.8,223.5,8.8
389-7012,211.2,231.1,220.9,6.3
389-7073,211.7,159.9,144.1,12.2
389-7620,118.5,177.8,255.7,12.1
389-8096,105.7,141.8,180.5,6.6
389-8163,192.3,129.3,136.3,6.3
389-8417,169.7,141.4,253.0,10.5
389-8606,200.7,264.2,172.7,9.1
389-9120,165.4,115.7,193.8,12.8
389-9783,220.7,119.3,165.1,11.5
390-1552,131.1,176.2,89.7,4.3
390-1612,142.6,208.2,171.0,12.0
390-1760,139.0,132.9,272.0,12.1
390-2320,139.7,202.6,203.6,11.3
390-2390,167.1,177.5,249.4,14.1
390-2433,189.3,155.9,186.0,7.4
390-2755,114.3,199.8,194.7,7.5
390-2805,246.5,195.5,200.5,11.7
390-2891,211.0,189.0,123.0,4.7
390-3401,113.2,189.3,271.8,14.1
390-3565,194.6,232.8,173.4,3.8
390-3761,245.5,192.7,141.7,9.1
390-3873,126.3,168.8,154.6,9.8
390-4003,68.4,193.3,171.5,10.4
390-4152,231.3,171.7,67.7,13.0
390-4789,185.8,192.3,200.0,6.6
390-5055,122.0,220.2,179.7,10.8
390-5267,183.4,269.1,203.5,6.7
390-5316,114.1,161.5,176.3,13.0
390-5470,59.5,257.2,208.3,11.1
390-5686,228.2,263.7,142.6,10.7
390-6101,231.0,230.4,261.4,9.5
390-6388,164.1,219.1,220.3,12.3
390-6932,236.3,152.8,160.3,11.2
390-7274,85.8,165.3,178.5,9.2
390-7328,156.1,180.3,179.6,11.1
390-7370,192.3,88.7,229.4,10.5
390-7434,170.1,193.3,105.9,12.8
390-7863,176.4,201.0,150.4,11.2
390-7930,154.4,168.3,239.9,11.7
390-8760,181.5,218.4,161.6,8.5
390-8876,150.6,119.0,232.9,6.4
390-9359,100.1,246.3,255.0,5.9
390-9627,195.7,209.1,201.1,8.3
390-9698,193.1,172.1,129.6,10.2
390-9735,260.8,163.7,271.7,17.0
390-9811,186.4,201.0,286.7,11.1
390-9986,240.2,230.3,217.0,5.2
391-1348,163.5,203.1,232.0,7.8
391-1499,287.4,235.3,292.1,5.0
391-1737,174.3,140.2,215.4,9.0
391-1783,109.1,187.1,216.6,10.0
391-1793,189.1,178.2,199.3,11.1
391-2022,144.6,140.0,165.4,10.9
391-2159,167.4,143.8,140.1,10.3
391-2231,184.1,204.9,224.3,9.8
391-2334,58.2,202.1,210.5,10.4
391-2702,195.9,213.9,88.2,8.6
391-4358,111.1,313.4,215.7,10.5
391-4652,162.6,152.3,57.5,14.2
391-5442,169.4,253.5,197.1,8.9
391-5516,227.7,170.0,128.7,11.7
391-6260,78.7,225.6,150.4,14.0
391-6558,211.9,274.4,210.5,5.4
391-6607,227.4,182.5,191.7,12.5
391-6709,198.5,270.6,209.9,8.1
391-6773,242.8,234.1,211.5,6.0
391-7166,258.4,126.8,182.4,9.7
391-7528,70.9,134.5,168.8,12.0
391-7661,103.1,243.0,76.4,12.2
391-7937,244.9,118.0,236.0,15.2
391-7982,176.1,174.9,234.7,9.7
391-8027,223.4,220.6,203.9,6.3
391-8087,161.1,198.8,228.4,10.6
391-8124,103.7,236.3,256.6,14.8
391-8369,219.6,141.1,205.7,10.8
391-8554,202.5,241.4,169.6,7.8
391-8626,190.5,179.6,258.5,10.1
391-8677,158.7,181.7,177.3,7.7
392-1105,224.4,146.0,241.4,8.8
392-1376,148.5,114.5,178.3,6.5
392-1547,183.4,141.9,200.4,10.4
392-1616,253.7,229.2,190.5,9.2
392-1734,125.3,141.2,168.2,6.3
392-2268,199.3,224.2,140.1,15.2
392-2381,70.9,166.7,244.9,11.1
392-2459,179.4,143.0,116.3,11.2
392-2555,0.0,159.6,167.1,6.8
392-2708,207.9,210.5,109.6,7.7
392-2722,115.9,236.6,255.0,11.7
392-2733,221.0,151.0,179.0,9.0
392-2887,228.7,163.0,154.1,11.8
392-3315,154.6,184.2,217.4,12.6
392-3813,106.4,108.1,208.4,10.1
392-4680,208.8,142.1,214.6,12.5
392-4929,245.4,148.2,274.0,7.5
392-5090,102.8,143.7,191.4,10.0
392-5296,134.0,174.5,311.1,7.3
392-5512,161.4,220.6,249.2,5.1
392-5587,242.5,102.8,142.4,9.3
392-5605,158.0,197.0,154.9,10.0
392-5716,180.6,280.4,292.4,5.0
392-5941,198.4,235.9,325.6,10.1
392-6073,124.0,262.1,268.2,11.7
392-6239,199.2,126.0,289.2,7.6
392-6286,152.1,215.5,262.4,12.0
392-6331,197.1,227.8,214.0,9.3
392-6420,169.4,197.2,202.2,10.7
392-6647,219.2,206.0,192.4,15.0
392-6841,112.2,154.8,166.7,10.6
392-6856,187.8,248.6,208.8,10.6
392-8318,201.7,169.4,286.3,6.0
392-8905,215.7,146.3,264.6,7.1
392-9342,151.0,131.4,186.6,9.9
393-1891,251.6,175.1,184.4,5.4
393-2220,247.0,125.6,226.5,10.5
393-2373,234.0,249.5,173.1,9.1
393-2524,239.9,177.1,217.2,5.9
393-2812,84.9,257.5,210.5,7.5
393-3194,227.4,73.2,114.3,4.7
393-3274,189.8,147.7,172.7,10.6
393-3300,234.5,216.5,191.6,3.5
393-3507,192.8,158.0,235.5,12.7
393-3535,167.8,142.0,190.7,7.3
393-3635,198.7,249.0,173.2,12.5
393-3976,205.0,140.9,272.6,7.5
393-4027,190.2,166.4,219.8,15.0
393-4086,149.8,164.4,294.7,8.1
393-4528,262.9,149.5,140.5,8.1
393-4621,167.8,212.9,208.2,13.0
393-4823,329.8,208.3,267.1,10.6
393-4843,129.6,233.0,297.0,14.5
393-4949,168.4,243.8,214.7,11.1
393-5208,181.3,182.4,180.6,6.7
393-5284,155.5,213.4,237.9,7.6
393-5802,178.7,271.0,245.9,16.4
393-5897,182.6,154.5,196.0,12.1
393-6053,105.0,121.8,221.5,3.7
393-6376,174.4,169.9,201.6,11.0
393-6475,160.4,218.1,192.9,12.5
393-6733,230.6,219.4,299.3,8.0
393-6840,149.4,171.9,214.5,17.9
393-7322,140.2,213.9,120.0,7.1
393-7522,187.4,199.9,216.1,12.6
393-7826,265.6,208.8,182.5,11.1
393-7892,149.7,211.1,114.3,9.2
393-7984,62.4,169.9,209.6,5.7
393-8199,183.8,229.7,144.1,7.7
393-8736,166.6,218.8,208.3,8.2
393-8762,138.1,158.2,215.7,10.3
393-9424,169.8,173.7,214.6,9.5
393-9548,177.1,194.0,253.4,5.2
393-9619,83.6,120.9,226.6,10.7
393-9677,268.4,222.2,117.6,10.3
393-9918,176.6,162.7,215.5,14.6
393-9985,209.9,121.9,253.7,9.6
394-1211,121.1,186.4,241.7,10.1
394-2445,182.1,169.7,164.7,10.6
394-2553,104.9,237.6,263.4,7.7
394-2560,171.7,144.5,157.9,6.8
394-3023,51.8,230.2,227.5,10.4
394-3048,129.3,176.5,154.5,9.6
394-3051,238.8,230.0,206.3,13.2
394-3171,163.6,283.4,262.1,8.6
394-3312,141.4,123.9,323.5,8.1
394-3791,86.3,246.6,251.6,11.3
394-3806,227.4,268.5,143.3,13.0
394-4260,197.2,242.3,192.0,11.0
394-4512,198.2,139.1,199.1,8.8
394-4520,266.3,207.8,205.0,14.0
394-4548,148.4,193.8,206.0,6.9
394-5202,213.6,175.9,207.2,8.9
394-5489,322.3,230.4,241.5,7.8
394-5537,221.6,130.2,200.0,11.3
394-5753,111.9,223.0,243.2,10.0
394-6278,225.2,215.1,241.8,9.1
394-6382,197.0,203.7,202.0,8.7
394-6505,218.5,196.7,151.1,9.9
394-6577,193.4,240.6,248.1,11.4
394-6668,283.2,239.7,149.5,6.3
394-7447,278.0,266.4,224.1,13.1
394-7710,148.2,159.6,197.4,8.6
394-8006,156.6,247.6,192.3,12.3
394-8086,218.5,112.7,205.1,7.3
394-8256,109.8,189.6,206.7,11.1
394-8402,73.3,161.4,239.6,8.2
394-8504,118.5,213.9,132.6,13.4
394-8861,170.2,187.5,119.5,4.3
394-9121,195.4,154.6,142.8,11.6
394-9220,199.3,193.4,254.4,7.0
394-9825,153.6,216.9,161.3,12.6
394-9934,182.3,199.2,120.2,18.0
394-9942,131.2,106.5,221.7,10.2
394-9984,263.4,151.9,218.5,10.7
395-1229,160.1,210.0,139.1,10.8
395-1380,217.7,231.7,185.3,0.0
395-1693,152.2,227.1,195.7,12.3
395-1718,198.4,264.7,111.4,9.2
395-1898,240.8,75.9,224.6,7.1
395-1901,231.2,267.8,240.3,8.8
395-1962,222.3,231.5,223.5,11.0
395-2579,177.9,175.1,161.3,11.5
395-2626,121.8,89.3,150.7,10.3
395-2854,176.8,195.0,213.5,8.3
395-3026,210.6,249.2,191.4,12.4
395-3852,253.1,210.1,95.0,11.9
395-4509,205.2,184.8,176.1,7.0
395-4757,126.3,141.6,255.9,9.6
395-5015,181.6,220.7,236.3,12.9
395-5285,193.8,221.4,172.3,10.6
395-5783,145.4,129.3,186.4,5.2
395-6002,188.9,203.9,151.8,11.6
395-6030,178.8,167.9,178.9,8.6
395-6149,143.6,141.8,194.0,10.8
395-6195,166.9,221.2,197.3,12.3
395-6369,203.4,168.6,173.0,13.7
395-6758,174.5,180.2,179.0,10.7
395-6913,214.7,314.3,280.2,14.3
395-7435,266.1,182.0,206.5,10.3
395-7857,236.5,117.0,221.1,8.1
395-7923,127.3,222.3,173.9,13.7
395-8330,248.6,119.3,194.3,12.0
395-8595,171.4,115.2,224.5,17.0
395-9214,183.3,201.4,177.4,10.4
395-9215,189.2,184.4,255.8,10.6
395-9270,230.7,233.8,215.8,13.5
396-1106,92.7,127.8,225.6,9.9
396-1278,185.3,225.3,194.3,11.7
396-1648,218.2,169.3,141.1,8.0
396-1800,144.5,180.5,226.0,17.0
396-2187,190.6,237.3,211.6,9.8
396-2324,97.2,186.2,189.0,10.4
396-2335,100.1,233.3,204.4,11.1
396-2719,222.8,203.0,210.6,6.9
396-2867,206.9,127.8,199.2,9.2
396-2945,212.8,204.1,156.2,10.2
396-3068,151.1,187.4,255.4,5.3
396-4171,225.5,182.0,270.9,9.4
396-4234,218.7,155.6,277.4,8.2
396-4254,182.1,134.9,152.3,10.0
396-4311,157.9,180.8,132.5,12.8
396-4410,212.8,189.8,170.1,10.6
396-4460,164.9,209.3,231.2,6.7
396-4845,263.4,179.1,214.7,10.3
396-4869,197.6,80.0,120.8,15.6
396-5189,203.8,283.1,197.3,12.5
396-5561,159.5,202.3,256.0,16.7
396-5790,210.5,250.5,241.6,11.5
396-5800,155.1,239.7,208.8,10.6
396-6247,270.4,245.1,108.9,15.4
396-6390,158.8,211.8,198.1,10.3
396-6462,206.2,164.5,140.3,12.6
396-6775,167.4,233.2,109.6,10.3
396-7091,131.6,137.0,256.3,10.2
396-7687,60.6,165.9,132.8,13.3
396-8265,214.7,138.5,169.1,8.6
396-8400,120.5,189.7,270.1,14.3
396-8662,215.6,167.8,207.0,6.4
396-9279,253.0,138.9,277.8,11.8
396-9462,139.6,240.9,127.1,8.8
396-9656,161.5,214.2,315.0,8.6
397-1649,251.4,225.1,251.9,7.5
397-1659,222.8,175.8,202.0,11.0
397-1766,54.2,303.2,171.8,8.6
397-2870,190.3,252.7,220.6,7.2
397-3058,235.0,183.3,139.8,5.7
397-3746,162.4,167.0,128.9,11.4
397-3939,192.1,249.8,132.6,7.3
397-3943,145.6,284.7,228.2,12.2
397-4030,218.0,184.0,240.5,6.4
397-4304,169.2,271.5,170.2,10.6
397-4968,232.1,168.2,197.3,9.9
397-4976,170.5,173.7,248.6,11.3
397-5060,116.8,178.9,182.4,14.1
397-5381,215.6,216.2,171.3,11.8
397-5911,195.9,228.6,303.5,12.2
397-6064,176.6,172.7,104.5,11.3
397-6109,175.6,161.8,289.5,9.3
397-6255,216.2,215.6,138.4,10.2
397-6425,186.0,237.4,148.1,12.2
397-6542,285.7,167.5,260.0,8.7
397-6789,271.5,253.4,165.4,8.2
397-7125,170.8,236.7,294.5,12.7
397-7411,157.4,145.0,281.8,9.3
397-7453,190.0,246.6,304.2,9.5
397-7500,141.2,167.7,274.4,11.4
397-8011,107.5,256.4,247.2,12.6
397-8051,207.0,173.8,178.4,12.1
397-8162,191.4,200.7,230.1,8.2
397-8512,197.2,156.0,204.1,9.9
397-8772,244.8,60.8,176.7,10.7
397-9148,170.8,199.5,169.7,9.6
397-9184,152.3,267.5,266.9,11.3
397-9251,180.5,134.7,170.7,10.0
397-9333,199.2,214.7,150.9,11.8
397-9486,268.1,120.5,220.8,14.4
397-9928,124.9,300.5,192.5,11.6
397-9933,140.5,186.8,227.0,9.5
398-1294,159.1,231.3,143.2,8.8
398-1332,175.4,190.0,138.7,10.5
398-1759,222.7,277.0,101.8,13.6
398-1959,184.5,224.0,180.5,11.6
398-2138,142.0,241.6,302.0,11.3
398-2148,209.8,155.0,251.5,7.2
398-2628,135.8,222.5,235.6,7.9
398-3004,197.9,165.6,208.0,10.1
398-3176,217.9,230.1,232.1,10.6
398-3632,203.9,234.0,160.7,17.8
398-3834,162.1,155.0,189.7,11.0
398-4313,215.5,218.7,207.1,6.6
398-4431,156.2,90.0,205.1,7.3
398-4538,195.4,212.1,138.4,15.1
398-4567,166.3,239.3,123.2,10.0
398-4814,167.4,172.7,192.6,9.5
398-5006,239.9,142.3,364.3,9.3
398-5788,174.5,236.8,270.4,8.5
398-5851,118.6,199.6,53.3,11.5
398-5954,154.1,195.3,276.7,13.2
398-5970,269.6,171.7,219.0,8.2
398-6703,242.5,162.3,184.1,7.8
398-7414,177.6,296.8,192.9,7.6
398-7978,216.0,186.9,210.7,4.9
398-8122,231.9,211.8,268.5,12.3
398-8385,253.0,219.3,210.8,9.8
398-8578,177.2,228.7,194.3,8.9
398-8588,88.5,178.8,228.7,11.5
398-8745,174.0,209.4,224.1,14.1
398-8801,189.8,197.3,234.5,14.9
398-9408,160.0,189.4,229.9,10.4
398-9870,166.5,183.0,121.0,8.5
399-1021,182.0,216.1,156.9,9.8
399-1750,108.3,183.6,176.6,13.5
399-2151,159.9,179.9,154.4,11.6
399-2457,273.2,211.1,203.7,13.1
399-3083,78.6,187.3,184.2,7.4
399-3089,156.6,161.5,294.6,9.4
399-3164,190.3,301.3,214.6,8.0
399-3840,118.9,278.3,194.8,13.2
399-4094,254.4,161.7,251.4,10.5
399-4246,203.4,226.7,152.4,7.3
399-4413,109.6,137.6,159.7,11.0
399-4800,54.0,179.3,247.2,10.2
399-5291,175.7,211.8,137.9,9.2
399-5424,175.5,210.6,294.8,6.9
399-5426,204.8,161.0,285.7,9.5
399-5564,160.9,251.2,273.4,5.0
399-5763,211.3,165.7,265.9,13.3
399-6233,112.0,193.7,208.9,4.1
399-6259,147.1,199.7,160.7,13.7
399-6642,191.7,193.0,149.4,11.1
399-6786,83.0,177.0,245.7,13.0
399-6852,83.8,240.2,158.6,6.7
399-7029,211.1,223.5,148.4,9.7
399-7268,236.6,169.9,212.3,11.1
399-7865,271.6,229.4,77.3,10.9
399-8615,215.9,200.6,195.4,15.5
399-8845,236.3,195.9,183.5,9.7
399-8846,228.9,160.7,203.1,12.5
399-8859,109.7,223.8,240.3,15.4
399-9239,235.7,136.9,220.9,13.3
399-9802,167.9,190.7,193.0,9.2
400-1280,140.1,223.4,257.9,3.8
400-1367,190.4,158.1,271.5,11.2
400-1636,142.3,122.8,229.5,12.8
400-1899,114.8,192.6,259.0,12.2
400-2181,242.2,226.1,252.0,13.9
400-2203,209.4,132.5,149.4,11.3
400-2738,193.9,85.0,210.1,13.2
400-3147,146.5,246.4,199.0,4.1
400-3150,194.6,119.9,175.5,13.1
400-3197,174.7,280.8,171.7,10.5
400-3343,254.1,180.2,196.2,8.7
400-3446,200.3,201.2,206.1,7.1
400-3497,219.1,151.5,50.1,14.3
400-3637,281.4,202.2,187.2,9.0
400-3945,104.9,198.5,258.2,8.0
400-4020,166.5,210.2,257.2,9.9
400-4244,238.0,209.6,233.0,10.0
400-4344,234.4,265.9,241.4,13.7
400-4713,185.0,203.7,170.5,14.1
400-5389,101.1,263.2,137.7,7.3
400-5511,253.2,237.9,154.3,9.7
400-5751,220.2,88.3,195.3,12.9
400-5831,61.3,194.4,143.1,11.4
400-5984,215.6,195.3,194.4,3.6
400-6257,216.0,232.3,215.5,9.3
400-6454,137.8,187.7,146.4,8.7
400-6999,155.9,162.3,127.6,13.1
400-7002,273.3,263.6,165.2,12.0
400-7253,159.1,149.8,213.4,13.0
400-7280,243.4,273.8,282.9,14.1
400-7509,163.4,249.3,249.7,9.8
400-7809,129.9,208.7,231.4,14.3
400-7987,92.8,159.6,148.7,8.8
400-8069,125.4,269.1,238.6,11.0
400-8375,261.2,250.8,176.0,9.8
400-8538,228.9,255.7,208.0,10.1
400-8952,186.1,211.6,230.6,8.0
400-9510,252.9,178.4,263.9,9.5
400-9770,143.9,194.9,109.6,11.1
401-1252,239.2,150.0,160.8,10.3
401-1454,162.1,212.1,260.4,12.2
401-2468,177.2,123.5,213.2,8.4
401-2581,127.0,206.9,231.7,6.1
401-3077,205.2,154.8,191.4,14.1
401-3156,105.6,258.2,213.1,8.7
401-3170,202.1,229.4,195.2,11.5
401-3622,253.2,188.0,142.0,4.4
401-3685,126.8,293.6,174.1,8.4
401-3926,178.7,292.1,265.9,9.8
401-4007,221.1,160.2,161.8,8.4
401-4052,221.3,267.6,111.5,9.3
401-4650,143.4,289.4,194.0,9.7
401-4778,64.9,184.1,151.6,14.6
401-4844,169.3,139.5,197.0,12.0
401-5012,249.6,227.2,239.9,7.6
401-5169,147.2,161.9,142.1,7.2
401-5485,149.4,131.8,132.7,6.7
401-5586,133.9,166.4,193.5,15.4
401-5915,200.3,253.6,149.3,10.2
401-6162,118.1,221.5,103.9,11.9
401-6392,185.0,224.9,212.4,11.4
401-6671,193.1,111.6,227.4,12.1
401-6977,232.8,183.5,206.8,13.0
401-6982,313.2,216.3,218.4,12.8
401-7334,238.4,246.5,198.4,12.4
401-7335,171.8,240.7,245.5,10.6
401-7359,281.3,301.5,202.8,8.7
401-7575,151.5,242.2,304.2,10.8
401-7594,135.0,183.6,245.3,12.5
401-7654,250.9,171.4,148.6,9.6
401-7803,149.2,260.7,201.0,8.1
401-8377,167.5,242.1,101.2,11.4
401-8735,201.4,246.5,154.8,12.9
401-9420,164.1,206.0,194.7,11.4
401-9665,239.1,243.5,230.9,10.9
401-9909,149.0,235.8,201.8,9.5
402-1251,157.9,155.0,189.6,8.0
402-1381,203.9,187.6,101.7,10.5
402-1556,87.7,278.2,170.6,10.5
402-1607,133.3,185.7,161.5,5.6
402-1668,94.2,264.1,203.7,7.3
402-1725,153.5,287.3,230.2,6.5
402-1942,236.2,218.6,194.1,13.2
402-2072,214.8,131.0,216.9,9.4
402-2377,256.3,180.2,187.3,6.2
402-2482,221.3,167.6,262.7,4.4
402-2728,217.6,320.5,150.7,4.2
402-3370,322.4,283.2,209.5,6.7
402-3476,251.6,197.6,209.2,12.2
402-3599,201.3,143.8,150.2,12.3
402-3634,165.4,203.7,201.7,8.2
402-3886,190.8,261.3,209.5,8.9
402-3892,267.8,316.4,208.6,14.4
402-3908,240.0,134.1,189.1,9.3
402-4501,155.2,230.9,261.6,4.5
402-5014,236.8,167.1,280.2,9.7
402-5076,244.1,203.4,234.0,7.7
402-5155,167.3,230.0,191.7,10.6
402-5509,257.2,224.3,204.0,12.6
402-6591,206.9,244.7,221.5,7.7
402-6666,196.8,168.0,132.6,12.7
402-6744,149.9,170.9,171.5,11.5
402-7372,143.5,189.3,174.9,8.8
402-7626,214.2,196.8,157.9,5.9
402-7650,187.7,221.0,145.7,10.0
402-7746,154.2,268.6,188.8,10.9
402-8930,147.8,147.4,203.5,14.0
402-9173,174.1,99.1,211.6,7.7
402-9304,173.2,236.2,240.2,11.8
402-9558,246.2,202.4,180.1,9.4
402-9691,217.2,145.5,280.7,9.3
402-9704,186.8,173.7,250.9,9.7
402-9980,78.2,195.9,108.0,10.1
402-9982,209.6,146.9,121.0,10.6
403-1128,2.6,254.0,242.7,9.2
403-1742,71.2,124.7,155.5,11.7
403-1769,190.4,215.6,161.2,10.0
403-1953,141.4,163.0,220.0,5.6
403-2455,68.5,337.1,205.2,12.1
403-2673,157.8,161.5,271.5,8.7
403-3229,226.2,140.3,208.9,6.4
403-4200,220.8,148.5,183.9,7.6
403-4298,229.8,147.9,241.4,9.6
403-4442,156.5,140.2,227.4,12.2
403-4816,185.4,191.4,144.0,10.0
403-4917,171.7,174.8,189.6,7.8
403-5279,155.9,256.1,262.9,11.7
403-5552,214.3,188.2,333.5,11.3
403-5575,152.6,208.9,119.1,5.0
403-6187,251.4,196.6,192.0,11.0
403-6225,161.0,208.0,208.1,8.4
403-6237,179.2,283.2,228.1,14.7
403-6419,186.2,189.6,76.5,9.6
403-6565,97.2,155.6,261.6,12.4
403-6850,72.7,208.6,65.8,9.9
403-7627,241.7,142.0,288.9,9.4
403-7775,125.2,177.8,232.4,12.9
403-8904,149.7,162.5,220.3,7.6
403-8915,160.6,223.1,124.0,9.5
403-8916,213.9,260.5,233.8,8.4
403-9167,133.7,187.8,181.9,10.7
403-9199,122.9,233.5,199.5,9.6
403-9417,209.5,172.8,94.1,8.8
403-9468,163.0,312.8,200.0,11.6
403-9719,128.7,227.1,178.1,9.2
403-9733,148.8,246.5,129.8,12.1
403-9766,271.6,156.0,136.3,11.6
404-1002,209.2,116.6,109.6,16.5
404-1931,143.7,173.1,239.1,5.8
404-2871,183.4,168.8,199.7,9.9
404-2877,154.8,244.0,159.6,12.8
404-2942,138.5,153.2,215.6,11.1
404-3105,152.0,274.9,162.4,10.0
404-3106,268.4,150.6,297.9,9.7
404-3211,160.2,267.5,228.5,9.3
404-3238,196.6,180.6,245.0,6.6
404-3592,207.7,196.7,261.7,6.8
404-4421,167.3,163.9,185.9,6.7
404-4481,210.7,219.2,179.7,7.2
404-4486,122.4,113.4,180.2,12.5
404-4611,101.2,141.6,198.5,7.5
404-4809,271.1,237.4,145.4,8.4
404-5057,107.9,140.4,253.6,10.5
404-5283,83.6,203.9,229.5,8.1
404-5387,141.3,168.0,113.5,7.8
404-5427,145.0,240.7,197.1,7.1
404-5597,201.5,129.2,220.6,12.9
404-5840,199.5,135.0,184.6,10.9
404-6337,166.5,236.2,205.6,15.6
404-6357,274.7,193.5,299.6,10.8
404-7518,215.5,190.7,214.5,8.6
404-8765,98.8,146.9,190.7,10.0
404-9348,142.8,272.3,193.4,8.9
404-9504,286.6,315.3,193.9,10.3
404-9539,149.3,273.6,206.6,9.1
404-9680,230.9,187.4,154.0,6.3
404-9754,163.8,255.6,192.9,15.7
404-9775,40.4,172.4,145.1,9.0
404-9978,96.8,170.6,166.0,13.4
405-1108,273.9,278.6,255.3,10.9
405-1132,217.8,214.7,228.7,11.3
405-1370,180.3,208.0,181.2,12.8
405-1589,227.4,248.0,61.4,7.8
405-1780,209.6,228.8,172.4,7.6
405-1821,224.9,143.8,198.9,8.0
405-1842,167.6,113.0,246.9,12.2
405-2209,268.4,174.4,193.5,11.6
405-2276,159.4,179.5,167.8,9.7
405-2653,180.0,229.0,139.4,7.8
405-2831,210.8,189.6,157.6,16.4
405-2888,115.6,237.7,169.9,9.9
405-3097,245.7,241.9,285.3,4.2
405-3309,245.2,217.2,243.1,13.9
405-3335,154.6,245.6,148.6,9.1
405-3371,268.6,178.2,166.3,11.6
405-3533,146.3,216.6,233.0,11.5
405-3848,214.6,251.7,240.8,13.9
405-3916,154.0,329.8,288.0,5.6
405-4109,156.1,107.1,167.7,14.7
405-4303,198.3,187.0,133.5,16.6
405-4420,159.3,170.6,141.2,11.9
405-4606,172.3,266.2,228.2,11.8
405-4920,264.7,305.0,197.4,9.5
405-5083,128.5,163.7,242.9,0.0
405-5305,229.6,205.7,166.2,10.8
405-5403,225.2,184.9,143.2,9.9
405-5513,85.7,221.6,190.6,11.6
405-5681,173.5,194.1,208.0,16.2
405-6189,256.4,273.9,222.7,11.1
405-6298,117.6,214.0,239.5,8.8
405-6398,175.3,153.3,233.6,11.1
405-6559,229.6,138.1,250.8,3.3
405-6641,92.0,253.6,214.1,10.3
405-6943,224.8,190.0,221.4,9.2
405-7119,192.3,199.9,244.2,14.8
405-7146,133.2,217.2,70.6,11.0
405-7204,232.6,153.2,286.7,4.7
405-7467,168.6,298.0,194.7,9.8
405-7542,193.0,250.0,133.3,9.6
405-7676,149.3,187.1,149.8,7.9
405-7850,143.9,210.3,129.2,12.5
405-7904,154.1,118.7,258.4,12.9
405-8075,148.2,308.7,235.4,6.4
405-8370,169.9,225.2,169.7,11.4
405-8753,207.6,229.0,162.6,13.3
405-8867,253.4,182.4,275.8,8.4
405-9217,190.4,317.5,133.4,8.3
405-9233,7.9,136.4,156.6,12.1
405-9384,235.6,227.9,170.3,15.4
405-9496,187.4,177.8,233.4,12.2
405-9573,144.4,264.6,185.4,9.9
405-9864,111.7,237.3,253.5,13.1
406-1247,163.8,177.8,190.4,8.1
406-1349,189.6,267.4,184.5,1.3
406-1730,157.9,234.0,210.0,12.2
406-2032,115.5,267.3,114.2,13.3
406-2213,147.7,222.7,163.5,12.8
406-2242,217.2,303.4,197.1,12.4
406-2454,181.5,196.9,187.2,10.3
406-2678,200.2,118.7,236.6,6.0
406-2752,152.2,177.2,96.4,5.3
406-2866,276.9,246.9,254.4,10.3
406-3069,162.3,149.1,255.5,14.8
406-3890,258.1,161.4,225.1,11.7
406-4100,324.7,236.4,187.6,13.1
406-4158,7.8,171.4,186.5,12.9
406-4560,204.3,188.8,139.4,9.2
406-4588,169.6,58.9,179.3,7.4
406-4604,208.8,213.7,175.1,12.4
406-4710,187.5,241.4,229.5,10.5
406-4720,121.5,253.0,195.7,10.7
406-4768,193.9,189.8,196.3,12.6
406-4840,165.7,215.6,243.3,9.8
406-5003,203.3,228.9,222.2,14.3
406-5023,164.5,230.9,149.9,9.9
406-5059,201.3,42.2,125.7,5.4
406-5532,155.2,268.3,186.4,9.7
406-5584,98.4,249.6,248.2,14.2
406-5710,194.8,209.9,194.1,12.8
406-5870,57.1,199.7,274.7,6.5
406-6304,229.9,144.4,262.4,14.2
406-6400,182.3,139.8,171.6,11.6
406-6669,222.6,190.3,201.2,11.5
406-6708,167.8,167.7,110.3,8.4
406-7261,145.6,98.3,230.8,10.9
406-7643,125.2,230.9,192.0,12.6
406-7670,155.4,290.9,228.4,13.9
406-7726,124.3,270.7,239.5,3.5
406-7737,216.4,249.7,185.9,12.7
406-7844,279.3,201.6,280.8,7.9
406-8037,154.0,94.4,287.6,10.1
406-8324,174.0,205.3,218.2,6.7
406-8445,224.1,238.8,174.2,11.5
406-8465,195.1,148.8,224.5,6.7
406-8599,211.0,217.0,214.8,9.8
406-8665,207.5,201.0,164.5,7.5
406-8809,232.8,175.2,212.2,12.5
406-8995,122.3,118.8,147.9,13.7
406-9926,225.3,108.2,139.6,17.3
407-1896,191.2,163.9,243.6,14.1
407-2081,186.6,222.0,234.9,11.6
407-2248,143.1,236.6,227.8,11.4
407-2259,222.3,286.0,249.4,12.1
407-2292,153.8,234.0,196.3,11.6
407-2441,122.5,273.3,197.8,8.0
407-2718,240.0,141.0,128.9,7.1
407-2750,201.3,152.8,233.2,7.5
407-3121,218.8,148.3,277.8,9.7
407-3949,78.3,198.2,248.5,12.1
407-5056,158.8,188.5,189.3,9.8
407-5774,130.1,196.0,139.3,11.4
407-6391,213.5,166.6,122.0,14.1
407-6748,150.1,264.7,178.4,5.8
407-7035,58.9,169.6,211.4,9.4
407-7258,190.5,259.7,141.5,9.7
407-7464,208.4,174.4,310.7,11.2
407-7507,197.4,123.4,115.6,12.3
407-8012,161.0,244.9,180.8,7.7
407-8376,137.5,203.2,150.0,13.4
407-8575,204.0,225.1,240.3,9.6
407-9244,143.2,169.8,215.8,7.6
407-9290,177.1,184.7,174.1,8.0
407-9830,272.4,107.9,185.5,12.7
407-9841,152.2,137.2,185.9,9.8
408-1242,121.1,260.2,222.4,8.3
408-1331,226.5,152.1,164.4,9.4
408-1340,190.1,223.2,256.2,14.2
408-1486,192.0,239.1,116.1,15.1
408-1513,199.5,207.5,83.9,8.1
408-1913,266.9,229.7,251.7,11.0
408-2002,121.1,216.0,235.1,16.1
408-2089,169.8,183.1,395.0,12.7
408-2119,128.2,133.2,177.6,11.2
408-2621,188.4,165.9,205.7,13.2
408-2712,192.9,185.5,205.2,10.9
408-3262,184.7,262.0,239.5,12.3
408-3269,275.2,180.2,159.0,7.9
408-3384,153.5,197.6,198.5,6.3
408-3532,48.4,281.1,218.5,18.2
408-3606,225.0,244.2,221.2,10.7
408-3610,209.7,183.6,205.5,7.1
408-3977,144.8,112.5,218.7,13.8
408-4142,213.9,151.9,260.1,12.2
408-4174,163.0,219.1,233.4,6.7
408-4195,154.2,110.2,227.4,9.2
408-4323,237.6,192.4,207.4,9.1
408-4529,152.0,258.8,263.2,15.7
408-4530,30.9,187.0,230.8,8.6
408-4836,328.1,151.7,303.5,8.7
408-4865,121.6,165.3,243.9,8.9
408-4870,288.5,203.4,228.4,13.0
408-4911,129.4,157.3,215.5,13.3
408-5183,138.1,167.3,238.9,6.8
408-5322,259.4,269.7,175.3,9.5
408-5601,225.2,256.8,249.7,11.5
408-5916,87.0,193.6,205.8,11.0
408-6089,161.6,123.0,261.3,12.2
408-6266,197.9,168.1,239.8,12.0
408-6302,273.8,119.6,267.6,11.7
408-6305,170.5,254.3,197.3,10.5
408-6326,263.4,230.3,170.6,11.4
408-6496,289.5,166.6,119.1,9.5
408-6621,223.2,214.4,154.4,10.1
408-6676,221.1,178.6,202.7,7.4
408-6725,211.8,230.9,217.1,10.7
408-7015,89.5,179.3,225.1,12.3
408-8269,197.3,141.1,212.1,10.1
408-8650,205.3,240.5,179.1,5.0
408-8910,139.1,246.0,207.2,11.4
408-9463,174.0,241.1,207.8,7.9
408-9572,263.1,279.3,127.1,9.7
408-9779,110.9,115.6,190.5,15.8
409-1244,113.7,157.5,177.6,10.0
409-1856,321.1,265.5,180.5,11.5
409-2111,147.1,190.4,195.2,12.2
409-2412,208.3,169.4,102.0,15.9
409-2917,255.8,142.7,181.2,11.7
409-2983,247.2,303.7,105.4,9.3
409-3018,142.5,176.1,189.6,8.2
409-3353,182.2,212.3,233.0,9.3
409-3428,141.1,224.7,174.3,13.2
409-3520,156.6,224.2,260.9,11.3
409-3786,165.0,317.2,119.2,8.3
409-4447,167.7,93.7,241.3,13.4
409-4462,137.1,210.8,191.4,11.1
409-4671,157.5,189.6,227.0,11.1
409-4734,131.6,211.3,168.3,11.1
409-4791,202.9,153.8,113.5,9.0
409-5519,160.7,146.8,287.8,8.2
409-5749,106.5,225.7,188.6,5.7
409-5939,91.7,193.7,175.0,9.2
409-6588,111.2,263.5,224.7,9.0
409-6753,98.2,186.7,146.7,9.3
409-7034,243.7,60.0,189.0,11.3
409-7494,166.4,243.2,229.2,9.9
409-7523,187.3,160.7,263.8,9.6
409-8453,111.6,213.3,267.6,16.0
409-8743,98.9,135.4,236.6,12.2
409-8796,216.0,153.7,227.0,12.7
409-8802,197.3,264.5,210.5,9.0
409-8814,233.8,266.5,212.7,7.6
409-9494,177.3,211.8,240.2,9.3
409-9885,214.1,169.2,189.7,10.1
409-9911,109.6,249.3,321.2,8.3
410-1190,146.4,196.5,230.1,7.8
410-2015,113.7,165.1,141.5,10.8
410-2518,174.5,259.3,170.5,11.3
410-3159,113.0,169.2,156.6,9.2
410-3390,206.6,224.9,249.9,14.6
410-3503,109.1,115.7,295.8,8.3
410-3719,199.0,291.3,197.6,11.0
410-3725,206.9,167.7,155.7,10.9
410-3782,234.5,195.2,268.8,11.4
410-4023,145.8,192.2,165.1,9.9
410-4613,199.3,194.8,298.2,14.3
410-4739,215.9,217.0,342.8,5.2
410-4882,160.0,215.3,188.9,9.1
410-5192,137.6,162.0,187.7,5.8
410-5199,209.4,237.4,239.2,9.8
410-5236,281.2,178.2,244.2,6.4
410-5250,184.5,200.5,279.2,8.8
410-5370,260.4,208.2,207.9,10.0
410-5455,200.6,289.5,98.3,11.2
410-5713,174.7,232.1,305.4,8.9
410-5963,167.7,246.8,203.9,7.5
410-6791,180.6,190.9,295.6,10.3
410-7108,228.6,248.5,167.1,9.0
410-7383,157.5,130.7,193.4,9.6
410-7553,283.1,185.4,312.8,6.1
410-7611,179.9,170.0,190.6,13.8
410-7789,119.3,215.1,178.7,11.1
410-9477,169.5,124.0,219.4,10.0
410-9633,187.1,250.2,144.9,11.0
410-9961,124.1,202.6,289.6,6.7
411-1045,179.3,188.8,253.2,12.1
411-1261,90.5,211.7,194.9,9.3
411-1325,155.2,195.5,170.1,15.4
411-1530,249.5,259.7,222.7,9.8
411-1715,143.7,273.0,178.3,10.9
411-1810,211.8,260.5,144.2,10.8
411-2284,241.1,155.6,188.2,11.6
411-2958,252.3,207.0,284.6,12.0
411-2977,154.5,214.2,178.0,12.0
411-3095,219.4,180.5,104.1,11.0
411-3578,175.9,188.3,188.3,11.0
411-4232,127.9,271.2,202.2,12.5
411-4293,220.4,211.2,259.3,13.6
411-4582,232.1,292.3,201.2,0.0
411-4674,173.2,196.8,209.3,11.2
411-4714,96.8,142.6,210.1,10.9
411-4781,138.9,211.6,179.5,10.8
411-4940,174.9,262.0,210.0,8.5
411-5078,142.3,158.0,177.5,6.0
411-5334,136.2,220.9,196.9,13.3
411-5677,140.0,196.4,120.1,9.7
411-5740,160.3,221.5,261.6,5.6
411-5748,106.1,157.6,192.5,8.1
411-5859,197.0,202.6,206.4,9.1
411-5958,261.7,210.6,256.7,6.0
411-6211,182.5,232.1,149.2,7.5
411-6294,141.1,211.4,103.7,5.9
411-6501,227.8,169.5,201.1,5.6
411-6598,174.4,265.8,182.4,0.0
411-6663,146.3,171.8,167.5,5.3
411-6823,286.2,187.2,146.2,11.0
411-7110,230.4,257.4,107.3,8.5
411-7353,155.3,188.2,247.0,12.3
411-7390,155.0,175.3,155.6,11.8
411-7649,222.8,163.2,160.6,11.2
411-7778,265.9,215.8,108.1,14.0
411-8043,162.3,244.0,180.1,9.1
411-8140,176.3,93.4,207.2,9.6
411-8549,189.3,220.9,238.7,9.2
411-8956,164.0,153.1,123.8,6.4
411-9554,225.8,193.0,232.4,8.4
412-1076,188.9,160.9,197.7,11.5
412-1194,147.5,175.7,252.1,15.6
412-1470,129.3,202.8,233.0,12.9
412-1991,92.6,161.9,285.0,11.3
412-2520,82.3,256.1,229.6,11.8
412-2947,218.8,242.8,85.8,10.3
412-3404,185.7,235.1,256.4,16.9
412-3527,137.4,120.0,130.3,12.4
412-3726,95.9,159.5,152.8,10.4
412-3898,190.2,197.7,247.5,9.8
412-4185,214.6,205.2,134.6,8.1
412-4399,181.5,199.9,287.7,6.6
412-6019,103.5,319.3,239.9,8.4
412-6245,137.5,198.1,292.7,13.3
412-7020,212.3,215.4,186.8,11.3
412-7278,206.5,180.2,220.6,12.2
412-7606,155.7,260.3,192.2,11.0
412-7791,216.9,211.0,179.8,11.4
412-8769,241.7,135.8,277.6,13.1
412-8811,177.1,114.7,153.6,6.5
412-9190,206.2,211.2,196.2,10.2
412-9357,169.3,225.9,172.0,8.2
412-9997,214.3,208.5,182.4,12.0
413-1061,144.1,167.6,240.0,14.5
413-1269,155.2,235.3,169.4,8.7
413-1789,141.7,205.6,218.5,8.8
413-2194,298.1,201.3,214.7,9.7
413-2201,184.6,196.0,226.5,7.8
413-2238,221.0,204.5,118.0,6.8
413-2241,247.7,269.5,167.3,9.6
413-3177,194.8,292.7,224.6,5.5
413-3412,220.1,234.3,237.3,10.1
413-3990,160.5,240.5,233.5,11.3
413-4039,175.8,155.0,180.7,7.8
413-4040,269.7,207.6,214.2,4.5
413-4811,147.2,175.2,136.3,13.3
413-4831,165.5,205.5,213.6,12.2
413-4957,191.9,269.8,236.8,7.8
413-5190,134.2,162.5,186.6,11.8
413-5306,137.3,212.2,152.7,10.5
413-5310,227.2,258.4,183.5,8.9
413-6346,145.3,303.8,206.1,8.9
413-6380,137.8,235.5,268.1,11.0
413-6769,224.3,185.7,159.4,10.0
413-7170,224.9,188.2,254.6,12.1
413-7468,303.2,170.5,227.6,11.5
413-7655,0.0,192.1,168.8,7.2
413-7743,181.1,215.9,216.3,16.9
413-9055,149.0,49.2,163.3,13.9
413-9269,223.5,188.8,154.9,9.4
413-9328,135.7,208.4,209.0,8.8
414-1246,173.0,245.8,300.0,4.8
414-1496,217.8,220.6,277.3,10.3
414-1537,97.8,207.2,214.5,5.9
414-2606,189.5,204.9,221.7,13.4
414-2663,144.1,249.8,211.4,13.6
414-2695,137.4,237.6,206.7,14.0
414-2905,244.3,322.3,166.8,10.6
414-4037,93.4,252.0,189.0,10.9
414-4162,161.5,173.5,206.2,7.9
414-4276,156.2,215.5,279.1,9.9
414-4741,128.5,188.4,254.4,6.8
414-4803,138.3,236.0,179.1,9.6
414-5177,122.2,167.2,194.8,9.7
414-5422,104.0,197.0,110.1,14.6
414-5786,194.4,176.0,230.1,11.5
414-6219,209.9,249.8,224.2,8.7
414-6426,72.8,267.1,222.5,11.8
414-6541,168.9,123.9,266.3,2.9
414-6638,194.2,173.4,268.7,5.5
414-6739,146.5,169.9,238.8,8.2
414-7090,162.3,279.3,192.7,11.7
414-7410,162.6,154.0,209.7,11.5
414-7446,244.1,246.9,200.0,7.2
414-7942,148.3,181.6,155.6,8.3
414-8718,187.5,146.6,225.7,6.4
414-9027,230.6,189.1,162.2,9.4
414-9054,159.5,240.8,210.3,11.4
414-9119,82.3,167.2,194.7,7.2
414-9717,179.8,173.2,272.8,10.9
415-1141,140.7,210.9,229.9,12.4
415-1203,166.1,175.9,243.5,16.2
415-2176,184.1,194.5,225.6,16.9
415-2285,202.3,69.2,257.6,6.7
415-2393,219.2,149.4,244.7,6.1
415-2641,207.8,195.7,184.8,13.1
415-2865,90.6,170.6,137.4,5.4
415-2935,248.6,148.9,172.5,8.0
415-2949,219.2,167.0,161.4,10.0
415-3016,305.2,156.5,280.0,13.2
415-3120,187.8,129.8,132.3,12.0
415-3158,58.0,67.5,185.9,11.5
415-3537,154.7,177.8,172.9,5.9
415-3689,189.6,179.0,179.6,11.4
415-4051,239.3,195.7,232.6,10.9
415-4564,137.8,225.8,145.2,10.2
415-4609,107.8,216.6,217.5,9.9
415-4857,124.0,202.9,205.1,12.3
415-4875,204.6,136.0,210.5,6.6
415-5008,169.9,209.4,206.1,11.5
415-5132,234.5,164.2,191.4,6.1
415-5476,225.9,299.1,251.3,11.2
415-6110,207.3,137.3,115.7,5.9
415-6127,132.0,231.2,313.4,8.7
415-6145,231.3,210.4,217.4,12.4
415-6333,193.3,154.7,174.8,9.4
415-6347,144.8,200.6,208.8,13.3
415-6578,213.6,234.9,229.6,8.8
415-6601,207.9,233.5,221.3,13.5
415-8151,209.9,158.0,141.9,6.6
415-8164,195.9,227.0,313.2,13.2
415-8200,135.4,237.1,118.3,17.5
415-8448,132.1,138.9,192.6,9.1
415-8780,144.6,258.8,253.2,7.4
415-9553,127.4,103.3,164.2,9.1
415-9649,154.8,287.7,208.4,5.9
416-1536,107.2,86.8,156.2,9.7
416-1557,223.2,183.2,150.8,10.2
416-1676,266.6,264.8,207.2,5.9
416-1845,159.5,167.2,138.6,10.2
416-2778,237.5,253.4,265.2,14.2
416-2825,207.2,292.5,226.3,8.0
416-3649,143.2,179.5,171.8,6.2
416-3915,218.9,208.0,203.3,11.1
416-4351,142.4,318.7,224.1,11.1
416-4464,193.6,238.2,176.4,12.9
416-5261,179.4,181.1,320.7,9.5
416-5341,165.3,198.5,208.5,9.8
416-5623,178.4,233.6,179.4,12.0
416-5660,169.2,173.3,216.5,12.4
416-5662,259.8,242.3,168.8,5.4
416-5849,128.2,274.5,298.9,8.8
416-6594,260.9,168.5,178.3,13.3
416-6628,254.4,159.3,264.4,6.0
416-6886,228.6,132.8,227.2,10.1
416-7013,117.6,196.3,157.4,6.4
416-7307,137.8,286.3,167.0,14.1
416-7393,116.4,95.6,181.5,10.5
416-7452,288.1,137.9,206.5,0.0
416-7591,242.5,232.9,154.0,9.6
416-7679,230.2,196.1,215.4,10.4
416-7866,184.2,167.5,212.8,10.0
416-8394,175.1,171.9,131.1,7.3
416-8428,84.8,136.7,250.5,14.2
416-8543,160.1,208.4,177.6,9.2
416-8697,240.3,164.6,240.7,10.6
416-8701,157.6,194.1,231.5,9.4
416-8827,102.3,135.2,199.7,15.7
416-9021,174.8,219.6,255.8,12.8
416-9162,92.3,193.1,99.3,11.6
416-9522,281.1,198.0,94.3,7.5
416-9615,139.6,124.2,95.6,15.0
416-9723,131.2,227.4,178.9,12.8
417-1272,167.3,198.5,133.1,11.0
417-1360,171.2,185.8,227.6,10.8
417-1477,127.1,172.1,194.6,12.1
417-1488,280.0,202.2,156.8,10.4
417-2035,213.0,188.8,136.2,13.5
417-2054,154.0,165.8,270.0,10.8
417-2221,258.8,129.5,193.6,10.9
417-2265,109.1,142.3,91.2,10.9
417-2608,128.1,247.7,199.7,15.6
417-2716,168.8,241.4,204.8,15.5
417-2774,146.0,203.0,151.8,13.3
417-3046,243.2,147.0,94.9,7.2
417-3257,240.2,153.0,249.0,10.2
417-3676,262.4,194.6,146.5,8.3
417-3702,167.3,194.7,236.7,12.0
417-3999,147.2,160.1,184.0,7.7
417-4063,167.4,258.6,116.4,11.2
417-4266,155.3,169.9,207.0,12.6
417-4309,228.7,168.7,223.5,11.8
417-4404,239.9,174.8,209.5,9.8
417-4456,305.1,188.0,235.4,8.5
417-4810,236.4,287.3,192.0,13.8
417-4826,204.0,168.5,164.0,13.3
417-4885,217.1,241.5,253.5,12.0
417-5034,55.6,288.7,111.2,12.1
417-5067,187.3,270.8,206.4,10.1
417-5146,158.9,242.8,247.8,6.5
417-5320,230.2,186.7,128.4,9.2
417-5813,167.8,247.9,155.1,11.9
417-6044,149.6,200.7,181.2,14.3
417-6252,126.0,238.5,285.1,10.2
417-6330,173.5,244.3,221.6,9.7
417-6683,177.2,142.6,314.1,12.7
417-6774,206.2,260.0,291.6,11.4
417-6906,237.8,223.5,217.4,10.2
417-7722,200.2,244.9,190.9,8.8
417-7736,161.2,204.2,231.5,8.9
417-7888,256.7,150.5,123.0,11.4
417-7913,133.5,219.6,210.0,11.7
417-7973,229.4,257.4,231.5,8.0
417-8617,194.8,170.9,225.1,13.9
417-9128,217.3,216.1,148.1,11.3
417-9278,157.3,197.5,128.2,8.4
417-9455,93.3,199.6,206.2,6.5
417-9814,135.2,152.5,224.8,8.4
417-9844,172.8,193.4,89.6,12.8
418-1775,241.2,174.3,245.3,8.5
418-2402,283.2,162.6,177.7,7.2
418-3017,138.1,260.1,135.4,8.2
418-3096,128.1,143.4,191.0,11.6
418-3135,266.0,130.1,165.8,13.1
418-3181,209.2,0.0,175.4,11.8
418-3426,176.7,244.1,176.3,9.1
418-4365,133.8,180.5,112.2,8.9
418-4637,263.4,235.5,102.0,13.0
418-4658,116.9,232.4,127.7,11.0
418-5141,82.2,163.3,264.9,5.1
418-5300,47.8,178.9,152.6,13.3
418-5708,213.0,226.2,189.8,11.1
418-6412,134.3,155.5,102.1,14.7
418-6455,279.8,248.7,171.0,8.4
418-6512,54.8,173.0,195.1,7.5
418-6651,96.6,315.4,163.3,6.2
418-6737,264.8,245.4,160.5,14.8
418-6752,133.4,121.0,254.7,5.9
418-7055,129.7,177.5,228.9,7.5
418-7478,132.0,173.3,203.5,11.6
418-7846,197.1,130.1,78.1,7.4
418-8170,217.2,138.7,139.3,11.3
418-8257,115.5,252.2,208.9,7.5
418-8450,230.9,167.6,270.0,7.6
418-8568,279.1,180.5,217.5,9.5
418-8770,198.4,216.9,112.8,13.1
418-8850,146.4,176.6,212.6,7.8
418-8969,127.1,228.3,166.7,7.1
418-9036,191.9,70.9,204.8,13.4
418-9385,190.3,194.5,256.5,11.7
418-9502,170.7,191.1,214.6,13.3
419-1674,228.1,276.5,279.8,9.9
419-1714,272.1,268.5,213.8,8.5
419-1863,270.5,230.0,136.0,9.6
419-2369,116.0,150.1,246.8,12.0
419-2637,165.6,136.1,175.7,11.0
419-2767,156.9,122.2,189.1,11.3
419-3167,128.6,134.0,210.6,11.4
419-3196,223.5,235.1,140.1,10.6
419-3427,224.6,225.9,269.0,12.5
419-3612,236.8,263.4,181.1,11.2
419-3937,194.9,191.6,153.0,13.2
419-4310,209.8,196.6,233.0,7.0
419-4894,157.1,268.8,181.5,10.0
419-5171,290.4,253.9,263.3,10.1
419-5501,77.6,207.0,255.7,10.9
419-5505,215.9,240.1,156.7,4.9
419-6033,273.4,154.0,245.8,12.3
419-6133,193.8,195.3,182.7,8.5
419-6418,236.5,163.1,236.7,12.2
419-6564,171.9,159.0,139.5,7.6
419-7415,171.8,301.7,139.4,9.7
419-8987,288.1,258.0,192.4,10.2
419-9097,231.9,160.1,110.4,14.3
419-9104,194.0,242.0,146.3,12.1
419-9509,200.6,164.1,169.6,2.5
419-9688,234.1,163.1,282.5,10.0
419-9713,153.9,140.7,217.7,12.8
420-1259,194.5,213.7,236.6,9.5
420-1383,243.4,182.1,259.2,12.8
420-1782,232.4,153.3,214.6,10.5
420-2000,106.6,147.4,235.8,9.6
420-2796,211.5,184.6,164.3,13.3
420-3028,150.0,232.4,261.2,12.5
420-3042,204.9,201.0,219.7,11.3
420-3192,138.3,170.5,263.9,13.5
420-3346,167.6,219.2,215.9,11.7
420-3857,215.6,192.9,144.0,10.1
420-4089,146.3,218.7,236.0,11.5
420-5179,192.0,127.6,155.6,7.5
420-5645,220.6,211.1,249.0,6.8
420-5652,144.5,262.3,226.5,12.0
420-5990,98.2,307.2,182.5,7.6
420-6052,204.4,137.5,226.0,10.0
420-6121,191.9,200.9,271.9,18.2
420-6324,255.9,140.9,308.9,12.1
420-6414,163.5,274.8,381.9,7.5
420-6465,153.6,232.9,214.2,14.1
420-6780,183.1,232.6,248.3,8.4
420-7066,153.5,241.9,244.7,10.6
420-7301,169.1,169.9,244.9,9.9
420-7692,155.0,142.4,143.7,5.9
420-7823,107.0,105.7,243.1,12.8
420-8242,155.4,188.5,254.9,8.0
420-8308,200.9,164.3,249.0,8.9
420-8435,189.1,223.2,269.0,13.9
420-8897,267.1,180.4,230.6,17.3
420-8953,142.4,313.7,126.6,13.4
420-9009,262.2,157.0,129.1,7.3
420-9575,105.0,251.6,258.0,14.9
420-9838,234.2,293.1,183.9,9.8
420-9971,249.9,242.5,151.7,15.3
420-9973,190.1,182.2,279.8,13.0
421-1189,224.5,200.7,116.6,11.5
421-1326,131.5,174.8,184.2,7.9
421-1469,93.6,193.8,144.9,17.5
421-1484,109.4,101.3,167.3,7.8
421-2245,242.9,170.9,177.3,4.8
421-2659,107.9,235.8,228.6,9.5
421-2723,82.5,289.9,180.0,4.8
421-2955,172.1,211.7,182.2,11.6
421-3226,131.7,163.1,201.1,10.7
421-3528,214.6,235.1,162.8,14.8
421-5994,142.4,126.2,274.2,4.6
421-6268,139.6,332.8,213.8,8.8
421-6694,137.4,176.7,188.2,10.2
421-7205,251.5,234.1,213.4,10.4
421-7214,134.2,165.0,173.1,10.7
421-7270,132.1,247.5,246.2,6.9
421-8141,165.7,257.4,170.8,10.0
421-8535,213.4,204.7,256.6,5.7
421-8537,161.3,124.4,262.0,14.1
421-9034,189.3,233.5,270.9,10.0
421-9144,197.1,165.9,227.3,12.8
421-9401,264.3,160.9,198.6,9.3
421-9752,141.7,232.3,222.1,12.0
421-9846,123.7,248.5,269.6,13.3
422-1471,158.7,64.3,198.5,10.2
422-1799,141.5,263.0,207.1,3.4
422-2571,113.0,150.1,204.3,10.8
422-3052,179.4,270.4,191.0,7.9
422-3454,100.0,173.5,218.0,10.1
422-4241,179.2,210.7,276.9,9.2
422-4394,151.1,244.7,154.4,13.8
422-4956,146.8,310.0,178.7,7.2
422-5264,169.5,112.9,56.6,8.7
422-5350,236.2,273.9,227.0,10.1
422-5865,171.2,185.6,203.3,10.2
422-5874,178.8,141.2,203.0,8.4
422-6685,183.6,152.6,212.2,12.2
422-6690,205.0,152.0,158.6,10.2
422-7728,219.6,303.3,154.5,9.7
422-8268,194.4,247.8,245.4,11.2
422-8333,210.3,192.2,246.1,10.8
422-8344,178.3,235.0,239.7,10.9
422-9964,175.5,132.3,242.9,11.8
755-5578,15833.8,8245.4,13769.4,769.83
755-5595,11788.119999999999,49948.82,11964.82,532.22
755-5597,50234.020000000004,53868.9,12988.02,473.71999999999997
755-5667,16846.309999999998,10672.9,9370.5,396.31
755-5679,11409.0,19164.5,12128.199999999999,1159.02
755-5697,49720.4,16115.32,11962.5,511.64
755-5758,48777.6,11847.62,8343.0,447.2
755-5775,23428.6,4316.41,2147.81,190.81
755-5778,2416.1,2800.91,2268.31,65.6
755-5787,7781.0,7774.099999999999,11141.8,505.32
755-5797,13306.619999999999,11720.2,12097.5,394.6
755-5875,10406.74,12372.199999999999,35970.53,746.72
755-5887,1727.0,4229.2,22926.9,91.4
755-5888,11267.02,13778.92,12792.4,625.8199999999999
755-5889,20004.6,20213.42,38228.840000000004,761.6
755-5895,5952.52,7490.099999999999,30866.73,404.82
755-5898,13752.5,17930.13,17145.83,408.14
755-5955,10533.32,53504.4,11263.62,474.8
755-5966,10838.8,17396.0,8546.1,422.5
755-5969,9606.82,12186.6,8438.52,456.7
755-5975,26790.1,11458.93,5501.73,512.51
755-5989,14496.529999999999,11066.42,73334.62,1380.9
755-5998,17433.72,21652.61,20656.51,613.8199999999999
755-6565,11236.1,13707.52,12214.42,466.9
755-6568,48598.240000000005,8722.2,16503.92,630.1
755-6577,11845.51,16469.510000000002,11905.83,761.72
755-6579,11960.109999999999,51873.11,7259.71,554.3
755-6585,7895.02,13241.0,16212.5,545.6
755-6597,4358.21,3136.6,2318.2,160.9
755-6599,10253.44,8481.8,70601.6,462.4
755-6775,6893.4,14352.82,18424.7,983.9200000000001
755-6856,8168.4,11967.12,8388.9,948.24
755-6868,11411.619999999999,53563.84,13492.0,928.5
755-6877,28824.57,27279.82,30980.54,1061.7
755-6889,16081.12,8995.6,8064.0,217.82
755-6955,7320.9,52444.83,51930.13,598.7
755-6976,52189.32,33850.520000000004,18458.72,751.22
755-6978,49658.02,13168.699999999999,12301.9,417.4
755-7557,2164.6,23256.31,2422.6,179.31
755-7559,13533.9,34732.909999999996,8538.6,628.71
755-7577,23290.7,23160.500000000004,4351.4,149.60999999999999
755-7579,8175.14,12325.82,8098.219999999999,361.2
755-7597,7124.62,48835.200000000004,7719.2,365.82
755-7658,11067.3,16106.4,12633.3,380.91999999999996
755-7685,11172.02,12135.82,11754.72,587.52
755-7755,54636.94,10122.04,8931.5,530.7
755-7757,2508.4,2415.9,2007.1,118.8
755-7775,2130.0,2565.8,4649.7,228.2
755-7777,2393.41,2515.4,2341.41,154.7
755-7785,11112.6,8393.44,8080.9,408.09999999999997
755-7798,2187.21,2248.2,2794.8,147.7
755-7875,14420.2,16414.32,15691.25,516.22
755-7879,4644.7,7363.81,8534.699999999999,300.0
755-7887,1906.1999999999998,2583.51,2011.8,102.5
755-7889,4860.7,10663.81,8513.2,364.9
755-7895,8579.72,50158.32,49849.899999999994,526.8
755-7899,10895.8,10586.6,7933.0199999999995,408.32
755-7975,1896.51,2452.5,2396.4,154.81
755-7977,23295.3,4418.9,4157.71,118.9
755-7995,46637.11,48196.420000000006,48222.8,770.81
755-7997,30553.8,8133.4,9701.710000000001,387.5
755-7998,14486.9,11197.699999999999,10928.52,534.72
755-8585,13584.22,15524.72,49970.4,478.52
755-8588,11816.9,15045.9,15780.82,457.2
755-8599,21578.82,20713.6,23686.5,1343.3999999999999
755-8757,15401.12,8462.4,14812.72,406.94
755-8785,10777.5,20032.12,10005.8,661.6
755-8887,15001.0,19837.2,13133.15,707.2
755-9557,2840.61,13223.300000000001,4197.6,208.1
755-9559,9733.11,58857.4,7788.3,542.1
755-9577,34972.53,34180.5,16065.7,1025.71
755-9579,15660.14,12645.42,9001.62,841.3
755-9587,4064.01,2049.9,4702.5,179.61
755-9588,11562.52,17138.6,10942.6,534.22
755-9589,11237.33,5076.8,11137.199999999999,480.23
755-9595,9165.3,13277.6,12620.92,561.9
755-9597,8727.3,8866.1,7430.9,467.22
755-9599,21216.7,20133.5,19264.6,1002.22
755-9756,11919.92,12065.2,11611.0,305.62
755-9759,11775.199999999999,53757.7,49899.700000000004,631.6999999999999
755-9766,48777.3,8144.34,7910.52,457.22
755-9768,15884.8,50160.020000000004,16672.6,1025.1
755-9775,5210.4,6079.8,7874.62,437.4
755-9778,2269.0,2433.5,2502.4,347.8
755-9785,4169.71,2870.51,3986.91,176.20999999999998
755-9797,2422.6,2492.5,3792.9100000000003,140.2
755-9798,5315.73,5674.1,7926.0199999999995,304.5
755-9858,8346.92,53825.5,15738.32,954.34
755-9876,14065.02,13934.6,14794.02,341.7
755-9877,4166.31,2917.0099999999998,4385.110000000001,174.9
755-9895,11769.6,8424.14,8019.34,1031.8
755-9897,11192.73,48342.51,12871.31,406.0
755-9899,5647.32,29854.71,7849.299999999999,317.7
755-9957,6154.9,9691.62,5620.92,325.71999999999997
755-9975,8181.0,12012.5,11291.6,623.42
755-9978,7586.5,8029.61,13920.8,739.6
755-9985,11779.41,6822.91,9576.63,389.13
755-9987,22842.199999999997,4438.4,2516.71,151.1
755-9989,26456.9,11912.5,11740.609999999999,434.9
755-9995,9014.22,8260.3,11293.2,374.42
755-9997,80944.13,38256.06,42313.88,1798.25
755-9998,4921.099999999999,9579.31,11323.42,281.7
756-5599,7607.5,16319.699999999999,8382.34,464.92
756-5785,16514.6,52715.020000000004,15472.0,917.4200000000001
756-5897,9064.8,8424.72,11812.9,876.9200000000001
756-5975,8748.42,11925.3,16059.52,397.6
756-5995,9943.3,19335.4,16219.130000000001,812.4
756-5997,2156.41,4344.91,2419.3,169.0
756-5999,9125.41,7736.01,47628.2,353.21999999999997
756-7567,2842.3,3054.3,4266.71,137.8
756-7577,4458.91,6767.71,4743.9,250.60999999999999
756-7578,4147.610000000001,2396.2,4835.4,163.6
756-7579,14407.12,12287.3,17108.4,1124.3
756-7585,4261.5,2330.31,4392.7,367.11
756-7588,99581.8,68263.8,17248.16,946.34
756-7597,5960.8099999999995,6974.0199999999995,6016.32,397.61
756-7599,6190.2,8273.51,8767.300000000001,338.42
756-7659,4166.9,4040.91,2200.5,153.9
756-7696,16679.02,16336.4,16283.82,422.40000000000003
756-7758,4585.21,3125.8,2973.5,198.6
756-7777,9939.9,11060.4,16237.52,548.22
756-7877,22920.710000000003,4177.9,4179.8,79.31
756-7889,2263.0099999999998,2115.41,2625.7,111.2
756-7897,26804.61,10304.4,8069.4,321.51
756-7955,5047.0,4079.61,2443.11,144.2
756-7958,2021.8000000000002,2438.3,23211.600000000002,163.4
756-7987,8460.2,12128.92,8224.7,523.92
756-7998,9488.6,17771.7,16561.8,468.3
756-8657,2096.2,2169.3,4793.9,181.2
756-8659,9423.5,9496.4,9161.4,486.42
756-8985,9141.34,92150.72,12764.04,386.42
756-8999,12268.52,8226.7,50585.700000000004,846.02
756-9558,8319.5,53514.04,12033.8,916.9
756-9567,8028.2,10445.3,7902.01,247.4
756-9578,11747.71,11548.0,50590.4,427.59999999999997
756-9585,11381.72,5901.2300000000005,8079.9,543.93
756-9659,9919.699999999999,47627.8,6823.1,329.12
756-9758,11403.83,7490.719999999999,6961.32,391.8
756-9786,8143.92,8899.32,54281.32,698.3199999999999
756-9787,2257.9,4851.9,2469.4,112.4
756-9796,4374.01,4143.8099999999995,4944.8,177.31
756-9875,7086.34,54687.3,12309.52,878.52
756-9887,2441.2,13272.3,2483.3,121.21
756-9889,15445.13,22183.53,18879.72,620.61
756-9955,12093.8,11307.11,9903.41,305.62
756-9958,9017.42,9840.62,26514.100000000002,700.9
756-9987,5495.02,12264.0,47854.4,307.12
756-9996,7974.43,49433.310000000005,32557.899999999998,465.61
757-5555,11833.1,49833.82000000001,12052.22,656.1
757-5557,33586.28,75567.84,41644.2,2221.18
757-5575,2212.3,2053.0,2279.9,208.01
757-5576,4382.9,2366.4,2288.1,84.50999999999999
757-5587,4259.2,4135.599999999999,4193.0,150.0
757-5589,23106.5,2451.8,23324.300000000003,145.5
757-5599,8409.9,16233.4,8762.3,440.4
757-5678,11085.22,12687.22,22907.62,599.43
757-5679,10701.82,49943.1,50344.1,431.82
757-5696,11810.02,14629.720000000001,11579.54,603.3
757-5767,15076.4,16536.0,49656.54,317.6
757-5775,15420.82,12180.52,91765.1,600.3
757-5777,4051.8999999999996,2446.4,2255.8,166.6
757-5779,2432.2,2426.2,23187.9,146.1
757-5789,6967.0,14702.53,12981.21,537.6
757-5797,1856.8999999999999,2245.8,2274.91,303.01
757-5798,13200.5,12059.9,9198.5,474.0
757-5799,15680.6,19362.74,37483.6,837.64
757-5875,23075.320000000003,5840.21,3230.81,138.9
757-5877,2286.4,2235.0,4853.299999999999,87.11
757-5887,23240.9,4696.599999999999,2411.0,130.41
757-5888,15023.02,9720.54,11196.92,600.2
757-5889,30593.020000000004,7964.7,5912.099999999999,367.01
757-5897,5493.52,47492.0,8518.92,302.61
757-5958,11683.619999999999,14508.1,31638.899999999998,881.51
757-5959,10533.13,19970.0,15565.53,363.93
757-5995,11859.44,7768.92,12334.4,418.5
757-6555,2461.1,2386.0,2431.8,129.70999999999998
757-6578,2426.1,22987.600000000002,3131.6099999999997,126.5
757-6579,4338.3,2482.1,2634.2,154.91
757-6585,2145.61,4320.2,4335.5,158.8
757-6598,9564.5,26115.5,6958.11,346.21999999999997
757-6766,2004.0,2205.41,4047.61,173.89999999999998
757-6769,12951.22,12940.22,8147.24,425.59999999999997
757-6779,4828.81,4140.8,4347.9,70.81
757-6788,8093.099999999999,11705.02,12548.0,517.42
757-6789,3936.9,2305.11,3506.11,144.41
757-6798,8745.52,15414.64,16657.5,847.62
757-6799,2134.2,3910.0,2327.8,154.21
757-6856,48633.200000000004,8094.32,18361.92,507.32
757-6878,61171.920000000006,26750.14,26748.12,1471.05
757-6879,11533.5,11817.64,12227.52,995.34
757-6887,57527.32,23197.24,21701.72,1647.21
757-6979,8411.31,11337.3,8010.72,282.01
757-6985,12254.1,12507.699999999999,13377.3,909.34
757-6989,15326.54,12019.42,15767.699999999999,541.6
757-6999,5163.7,11322.8,5751.12,321.21
757-7557,12338.32,11938.12,7297.82,535.92
757-7569,3963.4,2489.61,2176.9,121.60000000000001
757-7577,7418.7,15891.04,8497.52,355.92
757-7585,50756.5,54111.2,50739.49999999999,500.52
757-7587,22624.8,24129.42,58846.62,946.52
757-7589,11688.5,10755.4,79885.72,728.13
757-7595,11016.099999999999,53783.32,12982.5,755.22
757-7755,4280.01,2296.1,23306.5,147.3
757-7757,2840.2999999999997,23351.61,2514.8,194.5
757-7759,18037.1,51332.33,18836.54,925.03
757-7769,4254.91,6504.0,25413.92,315.9
757-7775,12749.0,7840.4,12194.4,545.22
757-7776,4120.8,4081.4,4174.9,130.8
757-7778,16316.220000000001,12007.02,12212.22,391.6
757-7779,2009.2,4627.599999999999,4386.3,162.4
757-7785,87617.26000000001,27775.35,72633.03,1583.04
757-7787,2367.8,2420.71,2521.8,182.3
757-7788,4661.2,4432.099999999999,4291.1,196.2
757-7789,55021.700000000004,17216.61,39975.32,538.64
757-7855,49877.0,12092.1,11954.42,541.3199999999999
757-7857,15697.92,12547.8,53571.32,606.42
757-7858,35311.93,15698.85,54260.0,994.5
757-7867,2224.01,2483.4,2299.1,222.0
757-7868,11928.94,13952.599999999999,10497.84,856.62
757-7869,31050.64,17564.8,58647.8,1571.23
757-7875,10998.82,12270.54,11774.1,523.12
757-7876,2448.41,2384.6,4428.8,207.31
757-7877,1853.71,2496.2,4331.2,192.10999999999999
757-7885,6791.599999999999,5552.5,8637.720000000001,317.09999999999997
757-7887,4967.51,7007.21,6504.9,331.01
757-7896,7910.32,30492.1,8351.54,457.92
757-7897,23897.350000000002,20781.8,18037.52,1231.83
757-7899,3911.81,4061.9999999999995,2152.11,116.8
757-7959,33043.409999999996,17377.91,13656.03,991.03
757-7966,2040.4099999999999,4371.8,2410.3,134.7
757-7967,2050.41,3161.5,4398.4,137.4
757-7969,5064.21,7852.12,7875.82,743.52
757-7978,4518.11,1913.3999999999999,3852.2999999999997,353.9
757-7987,18906.84,17757.45,18191.32,1075.62
757-7989,1952.0,23318.2,3789.1,338.61
757-7995,12054.1,11866.54,15668.6,527.32
757-7997,4404.5,2425.9,2249.3,131.5
757-7999,11751.699999999999,34343.92,11766.44,609.3
757-8575,22769.800000000003,2010.4099999999999,4844.5,184.4
757-8595,26538.0,5928.61,50332.1,501.42
757-8767,8497.72,8092.9,11901.3,490.92
757-8775,12481.9,49945.72,8848.6,788.44
757-8798,2378.3,2230.5,4625.51,312.7
757-8899,17237.72,15308.2,13381.199999999999,1187.92
757-8955,2238.5,2301.4,4762.2,101.81
757-8958,12589.6,13603.4,8868.8,592.9
757-8978,16210.199999999999,16337.54,50530.7,346.02
757-8995,15943.32,18617.0,13201.22,625.8
757-9556,4087.8,2821.7,4229.2,127.5
757-9565,12013.92,14120.220000000001,17760.1,496.62
757-9577,15763.72,10679.24,9076.4,552.53
757-9588,4419.5,5268.91,2456.5,101.9
757-9589,7639.5,30604.4,8659.3,921.62
757-9596,51740.82,11524.7,13597.8,570.92
757-9676,3129.0,4408.01,4356.3,128.01
757-9689,2329.1,2442.9,2239.6,146.5
757-9755,11384.93,5510.0,26759.199999999997,763.8
757-9776,2071.6,4333.01,4285.7,147.10999999999999
757-9779,7397.42,50348.4,11180.0,685.62
757-9788,11736.22,11852.82,7930.5,483.8
757-9795,50168.82,8574.02,50592.9,858.8199999999999
757-9797,4775.0,4371.7,4858.71,124.51
757-9799,15486.0,18562.1,57889.11,815.33
757-9855,1563.31,2452.41,2444.91,182.3
757-9858,48858.4,5013.099999999999,5657.1,222.9
757-9875,11360.42,11764.1,9351.8,518.8199999999999
757-9877,2525.6,4263.400000000001,2058.7,104.3
757-9878,11123.52,7291.5,12477.9,406.8
757-9885,14516.62,29618.83,23187.01,1367.7
757-9888,7924.42,8110.24,8276.52,917.6999999999999
757-9957,16454.82,6872.4,15365.2,869.32
757-9959,26363.829999999998,9861.11,5981.2,793.11
757-9976,58581.86,19959.03,19687.1,998.31
757-9978,50714.71,47115.3,7134.099999999999,696.1999999999999
757-9989,5236.82,26741.800000000003,11033.0,603.51
757-9998,12743.32,11192.6,8838.52,744.6
757-9999,8130.22,5809.62,6098.099999999999,423.3
758-5558,14675.12,92584.0,12739.72,566.12
758-5565,8793.25,13746.529999999999,22045.8,680.53
758-5576,8025.5,11246.92,12595.22,476.04
758-5579,11660.22,17709.420000000002,16487.7,418.3
758-5697,51325.72,13815.9,15973.699999999999,357.64
758-5699,9820.81,20239.93,16732.43,576.03
758-5757,3953.1,4051.9,22942.510000000002,74.2
758-5759,48238.22,11513.800000000001,30329.01,261.42
758-5778,2361.0,2460.5,23195.41,129.29999999999998
758-5788,4009.9,22999.01,3978.61,118.5
758-5789,13122.3,8094.42,13121.2,585.8
758-5798,25127.43,40884.0,34857.83,610.41
758-5856,11544.64,16600.5,53528.5,1027.5
758-5858,11763.519999999999,13075.22,16129.119999999999,508.82
758-5875,25012.3,93162.22,62726.65,1161.42
758-5887,11707.7,11937.0,11976.02,838.02
758-5895,7807.1,69115.09999999999,10221.51,313.7
758-5896,11711.42,11725.119999999999,12851.9,502.4
758-5957,53635.399999999994,51636.12,13560.9,1081.32
758-5978,11786.92,11930.72,49860.200000000004,529.5
758-5985,16245.7,12767.34,12436.720000000001,424.42
758-5988,7890.0,30903.809999999998,7893.110000000001,349.2
758-5997,15957.0,12191.42,12085.0,410.54
758-5998,17653.5,56788.8,42929.01,992.42
758-6589,11942.5,16856.12,12362.02,467.42
758-6675,9272.0,49011.4,11868.62,484.92
758-6679,11387.4,15547.099999999999,11485.4,682.72
758-6759,12305.72,9380.3,9596.8,398.9
758-6778,30342.620000000003,12212.24,50068.100000000006,456.8
758-6796,8525.3,10075.2,8260.42,908.9
758-6877,4323.7,4779.6,23135.31,147.7
758-6899,7920.219999999999,12142.9,26583.11,275.2
758-6977,52537.24,11575.4,17045.12,603.4
758-7555,54657.81,19198.45,19564.899999999998,849.73
758-7557,11676.52,8202.6,7966.3,574.02
758-7566,9710.32,14212.4,9909.6,431.93
758-7567,2376.21,4400.2,4259.91,138.6
758-7569,5723.21,11465.6,11586.01,442.62
758-7575,4019.3100000000004,4342.41,4336.01,118.4
758-7577,7635.6,49161.92,9115.0,612.42
758-7586,23627.2,23733.7,2395.11,180.91
758-7588,50008.82,12027.62,12572.0,522.0
758-7589,12327.02,54427.94,16241.6,393.3
758-7679,3939.7,3934.8999999999996,23364.4,143.41
758-7689,7133.6,50071.3,53984.32,489.4
758-7695,11970.0,8197.8,12129.5,665.4
758-7697,2395.21,4286.8,5166.8,376.4
758-7699,47784.83,7629.9,8632.1,563.8
758-7756,1883.1999999999998,1925.71,2124.5,264.4
758-7759,17967.61,8395.42,7167.3099999999995,510.01
758-7765,2176.4,1722.3,2128.7,104.00999999999999
758-7768,1564.21,1998.1100000000001,2208.21,157.51
758-7777,2239.0,13401.2,4531.9,202.41
758-7778,4168.799999999999,2364.71,4417.9,134.0
758-7779,23409.31,18945.46,19382.61,847.72
758-7786,13512.099999999999,12028.199999999999,12032.0,524.1
758-7796,2096.31,2993.1099999999997,4154.41,79.91
758-7799,14283.02,12408.92,16596.4,873.8
758-7877,7412.3,14485.92,52689.42,883.22
758-7898,3769.0099999999998,2040.2,2355.1,105.91
758-7955,6428.12,7128.9,25872.2,322.21
758-7957,4231.91,2271.6,4444.4,104.1
758-7958,4436.110000000001,23389.21,4649.6,151.6
758-7965,6236.2,9076.1,9888.5,256.71
758-7975,4411.01,5219.31,4399.01,181.6
758-7979,3502.7999999999997,4386.71,2389.6,140.5
758-7985,12015.22,8059.22,12168.2,428.5
758-7999,64222.31,29576.13,65673.53,1724.9199999999998
758-8578,8058.0,34839.329999999994,15935.41,1127.21
758-8688,7652.4,16068.5,53736.12,440.8
758-8759,12227.1,9797.32,11748.619999999999,802.62
758-8779,2074.1,5311.5,2190.7,90.3
758-8797,14371.32,34536.740000000005,20163.54,483.34
758-8855,13412.119999999999,17287.2,7337.3,478.0
758-8888,11230.62,13049.6,12091.619999999999,441.02
758-8889,16637.0,19730.95,18905.0,661.62
758-8957,4262.4,2384.3,2952.0,242.7
758-8959,11623.199999999999,15362.599999999999,15069.199999999999,1290.3300000000002
758-8979,5735.62,13649.6,5842.0,321.5
758-8988,12399.22,16699.52,12027.02,685.0
758-8997,9605.3,11494.8,11374.9,347.8
758-9555,20142.93,12087.81,21809.6,856.3299999999999
758-9558,11754.199999999999,12321.92,49881.44,526.3
758-9567,7180.12,14920.619999999999,7799.12,1064.54
758-9575,7662.11,8057.23,11687.01,628.8
758-9576,8141.94,11860.82,7970.02,420.04
758-9577,2194.2,2268.3,23430.899999999998,115.1
758-9579,5566.0,5579.4,26798.120000000003,361.02
758-9586,26944.5,27834.600000000002,5805.01,485.90999999999997
758-9597,13745.0,16167.52,8656.22,496.92
758-9679,7588.5,7346.4,27086.62,284.83
758-9758,12006.62,35741.200000000004,49555.299999999996,939.9
758-9759,22037.33,21408.91,11814.93,835.01
758-9767,34093.4,16046.140000000001,16976.399999999998,1106.3
758-9768,4446.43,47317.51,5753.41,413.51
758-9775,3903.71,4787.9,2196.3,156.4
758-9777,11955.12,20056.0,11274.72,752.32
758-9778,13692.9,12912.130000000001,10737.82,464.23
758-9795,7593.030000000001,9258.3,5953.1,401.5
758-9796,7698.91,16298.41,12120.21,414.71
758-9797,19134.32,16929.84,55066.9,1299.33
758-9798,9174.8,10693.2,7542.6,872.73
758-9858,11753.619999999999,19869.7,51198.82,570.12
758-9869,12454.720000000001,15844.52,12351.82,512.5
758-9876,13208.32,12222.12,12389.82,1153.6
758-9886,7942.3,8627.02,12018.0,818.4
758-9895,14738.699999999999,9017.6,13189.52,842.3
758-9898,23492.82,24968.13,20168.62,821.81
758-9955,59064.32000000001,17970.5,40771.82,1223.71
758-9956,5363.2,47747.82,5827.9,297.92
758-9958,16205.109999999999,28979.11,10906.5,463.5
758-9959,15955.34,13114.43,16584.399999999998,722.0
758-9975,1967.5,2396.1,4249.5,166.0
758-9995,17670.51,22848.31,16287.41,971.92
758-9996,5689.1,7778.72,7833.02,319.6
758-9999,7938.52,12492.42,49942.82,602.02
759-5575,9182.02,9514.8,5727.0,492.53
759-5576,7794.5199999999995,10871.72,5599.9,180.01
759-5587,7579.599999999999,7433.3,11373.6,398.52
759-5589,34436.9,22547.6,39046.22,959.12
759-5689,92369.22,50853.82,16267.699999999999,729.9
759-5765,10428.72,11980.02,8026.62,636.3
759-5768,2433.5,2366.8,2308.2,148.2
759-5769,10910.62,13339.099999999999,11877.82,369.62
759-5777,27064.82,24823.399999999998,27857.64,1388.54
759-5778,4129.5,5060.5,2420.4,173.7
759-5779,11835.1,14415.199999999999,10799.91,693.31
759-5786,17704.2,11984.0,12124.42,543.5
759-5788,7809.32,52913.12,8425.22,709.82
759-5789,58340.100000000006,52456.01,35893.840000000004,1085.64
759-5797,3048.2,4211.6,2161.5,103.3
759-5798,65396.54,21127.73,17988.84,1264.32
759-5858,53024.600000000006,11559.5,11769.699999999999,531.22
759-5895,14274.52,17666.0,20121.519999999997,956.9
759-5897,37683.9,13016.83,14941.81,1421.15
759-5898,54386.8,17151.12,13982.220000000001,608.4
759-5899,8629.699999999999,5925.12,8120.599999999999,680.2
759-5958,6335.12,10968.8,26774.6,589.61
759-5967,2375.4,2705.91,4423.0,115.0
759-5968,47774.8,5955.9,9899.5,305.3
759-5969,9811.3,5067.61,8089.0,238.7
759-5975,2622.2,5028.31,2189.31,161.8
759-5978,2066.3,3860.31,2380.5,118.1
759-5979,9859.02,7467.74,54135.62,544.92
759-5985,11178.44,8341.32,8290.7,531.84
759-5988,9647.81,8519.800000000001,10606.0,496.5
759-5989,7609.3,9635.93,31481.9,234.0
759-5995,4784.0,8171.610000000001,47128.030000000006,437.8
759-5997,12296.0,7527.4,9260.8,241.8
759-5998,5634.8,10806.210000000001,27569.420000000002,377.29999999999995
759-5999,49409.9,49506.6,11931.23,263.31
759-6555,9910.0,47547.62,9575.3,402.90999999999997
759-6565,11502.1,11296.74,13395.82,579.52
759-6575,14196.6,8206.1,11900.119999999999,642.34
759-6579,10190.0,6300.5,6677.12,409.63
759-6585,9197.31,12984.8,11546.52,425.2
759-6687,8787.0,73524.32,52251.130000000005,780.5
759-6766,5684.62,5890.33,11588.81,461.59999999999997
759-6767,4093.7000000000003,4076.1,2406.31,162.91
759-6777,4249.51,4291.8,2967.4,159.0
759-6779,7249.13,7988.799999999999,6754.3,400.71999999999997
759-6787,13190.5,2199.91,4306.6,80.3
759-6789,7340.2,10887.23,11975.91,405.71
759-6795,2458.91,4309.599999999999,23367.2,101.3
759-6796,5320.2,3086.9,23245.4,145.5
759-6797,2732.81,3204.8,4212.2,195.4
759-6799,2641.0,4182.4,2404.0,127.11
759-6878,6642.599999999999,2251.1,6495.2,297.91
759-6898,11305.4,6128.4,9712.0,680.82
759-6967,11071.9,10855.9,6109.11,419.21
759-6968,12098.42,17451.02,11320.02,493.03999999999996
759-6977,22940.210000000003,2390.3,2599.0,143.5
759-6979,29970.21,9697.4,48079.62,284.5
759-6987,17593.62,10106.51,7988.4,217.0
759-6995,68433.25,26009.7,131059.72,1362.94
759-6996,8841.2,8833.1,30892.0,311.59999999999997
759-6999,16113.45,18500.899999999998,15334.82,1130.91
759-7555,18776.36,61657.6,61503.04,865.36
759-7557,3734.9,4255.2,2312.1,125.2
759-7558,2211.21,4767.8,4197.6,164.0
759-7559,7276.0,7159.9,9968.720000000001,370.1
759-7565,49801.62,8879.02,15628.8,473.32
759-7569,12217.33,16588.41,7858.7,419.8
759-7577,51360.9,39061.72,35267.0,780.5
759-7587,2227.31,2405.1,2431.7,116.61
759-7589,11289.31,6183.92,6461.22,245.01
759-7595,11934.92,9574.3,29140.41,503.81
759-7678,2409.9,2283.01,4360.0,89.01
759-7698,16136.02,55290.810000000005,20641.899999999998,761.03
759-7699,12215.32,9495.02,12025.22,552.32
759-7769,8326.32,5670.0,5996.2300000000005,377.8
759-7778,2389.91,2886.3,2475.6099999999997,155.9
759-7779,16491.43,14634.72,19017.1,648.81
759-7785,2458.6,4223.31,4148.3099999999995,295.9
759-7787,9333.72,13892.4,10900.33,894.1
759-7788,15976.72,11907.12,12243.52,580.6
759-7789,10696.519999999999,5964.33,26495.899999999998,655.31
759-7796,11786.8,10273.22,11787.22,279.0
759-7797,65976.54000000001,22686.32,20975.44,656.72
759-7798,9952.83,10979.9,10405.23,500.0
759-7799,7937.81,27440.5,5767.4,363.13
759-7855,7317.599999999999,17017.399999999998,53951.200000000004,800.8
759-7858,8039.599999999999,12074.199999999999,49837.2,927.3
759-7877,18481.64,19412.12,88263.34000000001,2100.2
759-7885,49427.100000000006,48443.5,7672.21,288.5
759-7887,10458.0,7240.2,47034.700000000004,587.52
759-7896,10027.51,8225.8,49634.5,422.93
759-7898,14369.81,9941.1,12168.83,620.8399999999999
759-7955,2348.5099999999998,2369.21,4407.599999999999,143.4
759-7956,14196.7,11536.619999999999,14271.9,525.6999999999999
759-7957,14713.0,10938.81,10161.8,469.01
759-7958,16829.12,13137.8,9336.84,773.02
759-7969,8996.01,11406.300000000001,30805.430000000004,506.2
759-7976,8249.82,7605.799999999999,13911.8,477.0
759-7978,1527.6,4122.5,4904.6,154.51
759-7985,6095.22,27973.530000000002,7524.11,460.9
759-7997,5098.2,2334.3,2905.1,171.0
759-8669,48294.7,11900.3,16408.72,861.72
759-8678,8888.3,8479.0,50222.22,557.02
759-8775,3793.31,23231.999999999996,2323.7,310.41
759-8788,12040.92,11916.32,11641.1,553.9
759-8797,2185.01,4496.400000000001,4873.2,362.51
759-8798,5971.5,47103.22,7792.91,537.72
759-8856,8767.5,12300.5,8791.119999999999,495.1
759-8888,15697.1,8318.51,29538.34,608.23
759-8899,5527.4,10885.199999999999,49963.72,438.7
759-8955,9544.1,5500.3,50126.3,240.61
759-8966,6556.9,49293.6,9905.52,470.62
759-8976,7903.7,12356.22,16198.4,654.12
759-8979,4210.41,2520.8,3933.0,126.9
759-8995,8302.81,30574.6,5660.1,570.4300000000001
759-8997,2386.8,4101.01,2416.3,121.10000000000001
759-8999,106913.26000000001,71847.43,69331.81999999999,1587.4099999999999
759-9556,7343.4,11121.1,7532.02,376.7
759-9557,16400.62,53693.32,8057.72,1042.52
759-9558,5447.01,12161.4,7742.12,449.0
759-9568,7188.5,8273.7,11803.74,655.52
759-9577,27452.91,58205.55,25285.84,1743.61
759-9579,12864.8,29036.300000000003,90964.0,763.1
759-9587,12481.02,12776.519999999999,12411.9,960.52
759-9588,8170.7,13305.71,9754.0,188.22
759-9597,7765.53,7429.41,7052.71,268.8
759-9667,12221.3,12288.9,51617.3,399.04
759-9689,18118.32,18055.62,60915.5,1244.92
759-9696,6297.8,8140.13,49692.0,295.91
759-9755,20259.32,27675.199999999997,23422.3,1305.9
759-9769,29850.02,24450.92,21034.12,1586.52
759-9776,11818.52,54415.740000000005,7190.8,464.64
759-9777,28112.72,32895.2,10272.61,619.31
759-9785,9856.1,47438.6,9742.6,487.62
759-9789,3877.6000000000004,6979.6,6376.0,721.73
759-9797,2337.6,2540.2,2039.01,119.21
759-9799,27828.75,82042.93000000001,84500.51000000001,1082.14
759-9855,7611.13,30056.230000000003,5888.91,413.6
759-9865,14378.82,16646.82,15817.0,559.42
759-9867,15911.3,12489.62,16163.94,770.42
759-9868,54377.520000000004,7356.3,50338.74,318.24
759-9877,8368.7,11769.8,3903.6,337.5
759-9887,51887.909999999996,33626.509999999995,36588.0,466.33
759-9889,48688.100000000006,43430.6,99389.3,1193.55
759-9896,12194.12,7998.1,7479.4,421.2
759-9897,14712.93,19664.8,19675.899999999998,707.65
759-9899,9950.8,6214.8,9866.8,291.8
759-9955,5984.71,5877.31,7926.299999999999,366.4
759-9959,13825.02,7659.7,32541.0,947.92
759-9966,4984.01,8063.7,5959.72,400.1
759-9975,12531.32,12339.6,13712.519999999999,333.59999999999997
759-9979,11357.3,11772.4,11016.92,321.9
759-9995,40712.32,73596.47,37665.86,1821.32
759-9998,57493.82,24606.899999999998,21277.92,1280.71
759-9999,8978.1,9816.3,6584.72,346.6
765-5579,7796.2,50211.2,12572.52,638.04
765-5659,14388.0,12214.6,12238.3,1038.3
765-5685,8403.3,49859.340000000004,16444.82,500.7
765-5756,11800.61,51990.82,12557.02,558.41
765-5757,10150.92,11415.91,72438.42,344.02
765-5776,15860.82,55781.6,12368.32,558.8
765-5777,3686.3,2526.71,4306.01,152.7
765-5779,2261.2999999999997,23301.21,4652.7,108.7
765-5787,7711.0,8197.72,16006.099999999999,956.8000000000001
765-5795,2236.5,2042.21,6683.81,154.70999999999998
765-5797,2090.1,2256.4,2277.4,166.4
765-5799,16655.52,33153.43,13769.32,799.32
765-5867,16284.13,16070.6,10538.099999999999,643.81
765-5879,7768.62,14322.34,49049.72,406.8
765-5886,11840.619999999999,49595.72,50239.1,510.4
765-5888,13995.72,8183.82,11831.119999999999,545.3199999999999
765-5889,11887.93,10709.62,14937.75,531.6
765-5899,23641.3,25747.61,81523.94,2175.43
765-5957,5223.9,9954.710000000001,26449.0,360.4
765-5979,12155.92,230423.80000000002,12181.8,558.3199999999999
765-5995,6346.1,5695.1,11082.12,348.8
765-5999,10535.4,6064.91,7673.93,418.6
765-6558,11486.02,12054.02,12070.6,528.12
765-6585,15544.22,8395.7,11645.3,426.64
765-6756,10809.32,53337.0,12363.0,922.52
765-6855,12109.64,15025.3,8311.4,495.3
765-7565,8488.1,49801.1,10910.3,573.82
765-7587,2239.0,2622.8,2307.2,153.39999999999998
765-7589,5715.8,6750.0,5619.32,329.9
765-7668,12037.62,13548.1,49773.5,487.5
765-7669,23079.010000000002,2234.5,2503.5,131.6
765-7688,2252.2,3949.2,4110.2,130.10999999999999
765-7689,8382.42,7467.22,12081.82,1014.9
765-7778,4427.6,23222.100000000002,4309.51,177.8
765-7779,15637.84,8408.02,11530.1,595.22
765-7787,25025.5,3958.61,4023.21,304.31
765-7789,13368.0,10023.5,50393.600000000006,463.02
765-7796,4751.4,5090.1,4220.81,193.91
765-7798,49913.7,30732.12,49727.10999999999,341.92
765-7875,5945.5,13428.84,12244.72,489.62
765-7878,16125.199999999999,54283.700000000004,12325.1,348.4
765-7957,2162.5,4157.1,2127.5,95.50999999999999
765-7959,5852.22,50014.2,11043.8,350.01
765-7987,52597.11,8164.1,32766.920000000002,512.8199999999999
765-7997,13701.699999999999,9999.5,12150.51,214.3
765-7998,2503.6,4859.1,2526.8,156.51
765-8588,12154.3,7872.3,10395.72,866.9200000000001
765-8767,8323.3,8543.2,12040.42,655.6
765-8777,3280.0,2274.6,4242.2,183.1
765-8778,10404.44,13919.8,71939.33,441.40999999999997
765-8779,100896.15,22744.31,30909.5,1369.01
765-8877,1750.3,22952.2,3937.7,328.9
765-8879,5528.22,6181.4,5615.02,409.4
765-8886,34969.899999999994,13037.21,10040.1,538.01
765-8999,9616.11,9696.51,6596.2,729.31
765-9596,54292.62,8144.04,12403.6,367.02
765-9669,26785.11,9539.0,6685.5,422.7
765-9685,11276.52,12414.640000000001,11717.7,821.82
765-9688,9707.9,7974.0,8009.2,314.61
765-9696,7708.82,53914.9,52118.42,505.4
765-9758,12145.6,16743.62,7979.5,993.72
765-9759,22886.600000000002,22998.5,4033.5,87.7
765-9777,3914.6,2221.0,4092.7999999999997,159.31
765-9779,9989.6,6492.72,6242.92,848.6
765-9787,12382.22,53940.4,11677.1,433.4
765-9797,3765.8999999999996,2545.81,2456.21,161.71
765-9798,57230.229999999996,10365.6,15280.4,491.82
765-9799,7300.299999999999,6009.2300000000005,47695.51,296.71
765-9877,2384.91,4663.2,2494.4,130.29999999999998
765-9879,9032.44,14250.099999999999,17049.23,628.3
765-9899,13589.21,16722.1,8313.73,369.59999999999997
765-9959,31107.920000000002,30656.1,7876.799999999999,229.8
765-9977,4149.4,4481.2,2421.6,183.3
765-9987,64488.01,27304.9,48079.1,979.8000000000001
765-9996,8394.4,13192.3,7856.51,489.53
765-9998,6287.42,7458.2,47747.62,475.23
765-9999,49237.6,12039.92,5757.2,351.2
766-5575,2791.4,4328.0,4391.799999999999,165.7
766-5576,9846.72,50048.6,15724.74,493.7
766-5577,11107.42,13866.4,16159.12,961.22
766-5595,227185.22,8021.02,12634.8,349.5
766-5597,25558.510000000002,7345.81,25878.899999999998,311.21
766-5599,40700.71,14701.83,36835.14,842.73
766-5655,11468.9,14628.8,54242.92,554.7
766-5698,13852.199999999999,15288.599999999999,13586.22,484.62
766-5699,49628.8,15276.12,17339.22,443.6
766-5788,7998.7,6084.12,10503.94,577.7
766-5859,48971.62,11433.5,8547.6,661.32
766-5978,1962.8,4004.11,2235.31,197.01
766-5998,4652.4,9448.31,5714.11,477.53
766-6598,7544.8,12002.619999999999,12435.5,536.8199999999999
766-6757,2144.5,4412.1,2744.9,160.1
766-6759,5188.9,7873.72,8865.8,327.8
766-6778,53976.94,15783.8,8324.4,654.4
766-6795,17322.22,11483.32,8661.2,685.94
766-6997,4359.81,3044.1099999999997,2107.1,122.39999999999999
766-6999,7782.31,12552.91,8809.5,249.1
766-7568,10203.3,12365.4,49798.12,386.6
766-7597,53897.9,11688.12,12061.52,926.02
766-7676,4545.610000000001,4366.0,4270.8,139.81
766-7677,4413.21,2373.31,2127.1,125.01
766-7696,8546.810000000001,50216.0,8326.4,404.21
766-7758,53246.82,12974.119999999999,13515.52,425.9
766-7768,17528.8,13451.62,11572.82,323.42
766-7777,23242.51,4266.01,2278.11,117.6
766-7779,26913.309999999998,7852.41,5545.01,754.02
766-7869,15286.72,14806.0,12337.099999999999,654.9
766-7889,4227.31,3970.61,1883.21,126.8
766-7975,2331.31,4529.5,2252.0,142.8
766-7977,3057.3,2421.6,4347.7,154.79999999999998
766-7995,9456.81,8095.599999999999,47457.1,403.3
766-7997,6476.6,5790.32,7787.6,391.32
766-7999,8029.599999999999,13975.199999999999,8209.82,583.3
766-8785,7721.72,11644.82,10226.199999999999,899.6999999999999
766-8876,7638.9,8183.9,12531.64,911.9
766-8979,7767.2,13458.52,8516.9,605.42
766-9555,13651.3,8488.32,10394.039999999999,643.1
766-9577,4450.4,23255.8,4159.81,377.7
766-9578,25044.82,174282.7,64963.62,1287.5
766-9587,52678.520000000004,8552.92,8277.1,831.4200000000001
766-9599,8104.2,30164.620000000003,7654.21,1035.9
766-9697,8169.3099999999995,5705.41,5497.9,381.81
766-9779,17405.02,53001.8,11782.32,567.72
766-9787,4176.0,2365.7999999999997,4298.5,313.21000000000004
766-9789,49293.200000000004,9718.699999999999,10459.42,468.71000000000004
766-9875,3915.3100000000004,2370.4,2242.8,74.6
766-9879,8067.6,53650.12,50193.42,497.40000000000003
766-9889,8273.73,11150.03,5435.71,793.9
766-9895,47516.0,6755.22,48203.420000000006,298.12
766-9956,16281.099999999999,16750.0,51441.020000000004,554.92
766-9967,19392.65,10791.23,47433.02,643.0
766-9978,9968.32,12047.5,12058.0,917.5
766-9999,6275.12,8126.02,50399.22,667.3
767-5555,4337.200000000001,2381.6,4376.5,142.7
767-5556,10077.8,8681.3,10562.9,847.61
767-5557,11996.44,50005.2,17517.22,593.12
767-5577,2349.31,2472.31,2443.9,218.01
767-5598,54291.42,11114.7,12967.62,500.21999999999997
767-5685,11255.6,11460.12,8115.32,914.1199999999999
767-5778,3733.4100000000003,4070.11,4152.8099999999995,152.41
767-5797,4151.1,2262.1,2288.2,133.21
767-5799,4376.31,2479.5,2442.1,136.3
767-5856,8275.5,10744.0,11916.199999999999,518.62
767-5857,53373.1,8608.4,11772.699999999999,398.12
767-5869,4168.9,2331.9,3099.0,94.0
767-5879,2932.0,2673.9,23728.7,175.0
767-5899,7070.1,6195.5,69368.82,375.6
767-5957,51371.4,13788.83,13948.51,619.3
767-5958,17689.4,10598.7,16102.75,822.23
767-5959,23338.11,2424.71,2457.9,89.5
767-5976,11767.22,20838.44,13971.3,463.84999999999997
767-5987,11695.8,12081.1,8067.6,515.22
767-5997,25182.1,25382.15,23643.6,884.33
767-6567,2453.01,4131.3,2241.3,129.5
767-6695,8457.62,51759.240000000005,7960.84,614.32
767-6776,2123.51,2248.5,2044.0,183.01
767-6879,4319.0,4315.31,2409.0,80.71000000000001
767-6885,53351.62,49835.200000000004,53577.6,516.2
767-6896,12506.3,13170.4,50044.02,543.64
767-6976,4589.03,9726.6,9151.3,531.91
767-7558,54148.12,13189.4,11623.62,1083.3
767-7568,22878.9,2286.3,2554.11,137.61
767-7575,2445.21,2367.9,2493.3,186.71
767-7577,4153.91,3786.7,4205.2,175.60999999999999
767-7579,9419.31,12429.5,10000.1,431.21
767-7587,6163.3,6344.1,6553.1,489.40999999999997
767-7588,1869.81,4877.51,4167.11,194.2
767-7595,13717.11,22951.940000000002,17155.12,933.03
767-7687,2379.6,2439.8,4082.7,97.6
767-7698,10525.6,8272.8,12002.02,882.3
767-7757,3733.6,3979.6200000000003,6510.01,163.3
767-7766,2305.2999999999997,2392.5,2380.21,306.29999999999995
767-7767,10502.599999999999,7980.82,11417.32,535.52
767-7775,2239.21,2361.7,2292.01,121.50999999999999
767-7777,4388.599999999999,23287.11,2119.11,151.1
767-7779,25818.8,28212.0,16863.61,245.91
767-7785,1904.8,2465.41,23292.600000000002,186.5
767-7787,2913.5,23258.000000000004,23372.71,184.4
767-7798,4300.299999999999,2430.01,23286.010000000002,150.51
767-7859,4610.8,5070.610000000001,3390.91,144.60999999999999
767-7865,2207.41,2330.21,2301.3,81.1
767-7869,3899.7100000000005,2401.01,4379.11,173.1
767-7878,4337.21,2518.1,2822.4,159.91
767-7879,11202.32,50112.520000000004,12207.0,629.8199999999999
767-7885,18211.0,53270.920000000006,8352.82,604.74
767-7898,11858.43,6063.8,6546.6,441.61
767-7958,12123.82,53779.899999999994,53182.740000000005,522.8
767-7959,3946.2,4541.61,4248.2,175.0
767-7969,71586.4,16911.11,15321.83,498.71
767-7977,10615.21,11245.5,9290.9,330.01
767-7979,31040.2,33651.18,68719.3,1377.33
767-7986,62553.14000000001,22718.12,33408.12,1512.22
767-7988,2430.01,2371.2,4229.91,380.21
767-7989,2445.0,4208.9,4347.31,210.0
767-7998,3212.8,2111.21,23224.910000000003,219.0
767-7999,11154.199999999999,9032.22,7236.9,296.3
767-8579,3931.5,4352.11,4405.0,142.41
767-8588,3552.2999999999997,2391.4,4773.01,169.70000000000002
767-8598,10169.4,12510.6,15241.4,874.6
767-8599,11486.019999999999,11375.0,50034.94,525.72
767-8695,55568.8,49825.92,17930.9,1137.6
767-8755,11882.82,12888.3,50073.520000000004,446.9
767-8756,4195.9,4112.3099999999995,2186.8,191.21
767-8767,4086.7,2243.21,5188.5,159.91
767-8768,4430.7,2257.0,2241.7,98.80000000000001
767-8775,1527.8000000000002,2436.1,2297.01,128.79999999999998
767-8777,2207.71,5137.799999999999,2226.81,159.3
767-8795,46088.6,9569.5,5919.23,378.42
767-8859,10209.5,12123.1,14480.32,853.7199999999999
767-8877,11590.14,11328.199999999999,10358.12,563.12
767-8956,49608.3,7759.41,6114.0199999999995,508.31
767-8959,16523.46,25575.74,26397.02,1161.94
767-8968,8195.82,9399.199999999999,4265.82,320.42
767-9557,16389.5,12533.02,12881.62,356.32
767-9559,49134.7,50411.5,13061.720000000001,456.62
767-9568,26080.0,9135.82,6114.61,651.63
767-9577,49339.1,14964.199999999999,49800.12,493.94
767-9588,8930.53,9079.33,9607.93,386.52
767-9657,3854.0099999999998,23151.600000000002,4302.8,63.61
767-9667,13447.62,9512.3,12278.4,410.32
767-9689,4495.3,6010.2,7539.9,345.0
767-9757,2001.01,2254.3,5056.2,163.7
767-9765,17011.8,11039.5,8376.7,604.82
767-9766,9650.699999999999,9855.5,9577.51,526.0
767-9777,3328.4,5319.8,2403.6,158.7
767-9779,12827.71,12023.81,7970.8,474.4
767-9795,22901.300000000003,2180.21,2678.51,138.60999999999999
767-9798,7622.72,27561.81,31551.11,433.63
767-9799,8803.92,51010.8,22411.91,279.72999999999996
767-9857,10295.81,10064.42,10246.91,609.3
767-9859,11828.2,50271.71,11373.31,440.90999999999997
767-9865,9178.51,5653.71,5663.6,221.82
767-9869,9202.810000000001,8528.21,9769.44,610.53
767-9879,4021.2999999999997,4404.21,2445.2,331.09999999999997
767-9885,12451.519999999999,12788.199999999999,17306.62,915.4
767-9895,2179.2,3954.0,4737.7,164.4
767-9957,15935.22,17545.32,28284.73,1122.8
767-9959,10996.5,12657.43,7572.9,484.21999999999997
767-9967,50459.22,11768.52,12797.62,415.12
767-9969,16506.0,11315.199999999999,12478.82,534.2
767-9978,4332.7,2499.9,3973.8999999999996,122.71
767-9987,10510.4,28921.230000000003,91833.74,630.0
767-9995,11636.9,8082.64,13549.22,1136.92
767-9997,8024.61,11440.6,28186.100000000002,404.6
768-5587,7697.8,11325.72,12610.4,564.1999999999999
768-5658,12339.72,11919.6,12652.34,878.8
768-5675,4262.099999999999,2416.6,4354.21,161.60999999999999
768-5676,9301.92,12562.72,8564.72,456.6
768-5695,11329.52,5865.3,7786.21,327.11
768-5697,13537.42,49420.82,8713.9,627.72
768-5698,8689.6,8565.8,12375.74,414.52
768-5758,16014.2,8025.42,12180.82,806.5400000000001
768-5759,11986.42,9228.0,15411.9,1143.2
768-5765,2389.71,2349.1099999999997,22864.100000000002,136.4
768-5779,14381.92,50085.5,54210.72,541.0
768-5787,2404.2,2389.61,4632.5,114.6
768-5799,16346.92,16256.8,11795.62,394.8
768-5879,7960.299999999999,12322.02,12888.42,524.4
768-5895,12309.12,50273.7,12125.32,359.92
768-5958,16691.52,50472.299999999996,11228.720000000001,391.22
768-5965,47957.41,6229.51,26354.5,411.1
768-5977,8589.64,7976.04,12897.82,560.52
768-5979,12090.32,54047.12,8282.2,542.34
768-5987,9849.72,9521.01,8608.22,644.5
768-6777,2906.51,2298.4,5459.7,221.5
768-6779,4372.0,3937.8100000000004,2500.31,292.79999999999995
768-6789,10601.62,15054.2,12732.1,587.3
768-6859,10072.82,8411.1,51428.12,503.74
768-6868,7996.7,12678.42,7476.92,400.02
768-6895,12415.0,8114.92,12432.6,947.1
768-6976,2252.7,2431.9,2899.1,132.4
768-6979,49508.52,6805.110000000001,6106.71,538.52
768-6988,7956.0,16230.42,11337.9,1028.52
768-6996,9485.52,9496.22,10751.62,381.0
768-6999,10532.83,47352.62,50712.99999999999,472.8
768-7555,23670.82,22689.6,20552.719999999998,1170.74
768-7587,29301.5,13718.2,12609.82,576.31
768-7588,23251.800000000003,23658.3,2415.3999999999996,159.0
768-7596,18020.32,12092.7,16869.8,556.62
768-7697,5017.1,4166.9,2413.3,167.71
768-7756,1916.61,6059.0,3982.6,122.31
768-7758,22835.100000000002,4870.11,4049.4,141.9
768-7759,10113.5,50476.4,49849.8,543.02
768-7776,23197.010000000002,4153.8,4390.9,386.29999999999995
768-7777,4611.11,15755.800000000001,4600.9,324.0
768-7786,11822.02,12271.720000000001,8164.4,412.64
768-7795,2054.0099999999998,3902.8,2287.91,321.5
768-7855,4197.5,4325.2,4385.9,77.1
768-7876,6968.8,13219.62,53553.4,532.8199999999999
768-7878,11793.4,48734.22,17298.399999999998,576.22
768-7879,15688.199999999999,21057.12,18932.739999999998,500.5
768-7888,8546.42,16690.74,8266.5,512.74
768-7956,5346.52,10211.4,9856.3,294.32
768-7977,52058.3,12575.4,13285.5,757.62
768-7979,7735.599999999999,49495.0,7935.799999999999,513.2
768-7986,23091.410000000003,2424.61,5129.4,142.8
768-7989,12520.1,15908.92,12357.5,516.72
768-7997,47107.53,21301.22,5566.9,317.3
768-8555,18956.53,8149.8,72695.33,472.04
768-8587,13335.7,13254.44,50137.3,566.62
768-8666,15422.82,11438.52,12492.02,543.02
768-8688,12941.02,11640.24,10855.7,601.3
768-8775,4421.0,4394.71,2421.5,192.5
768-8856,15430.94,12024.92,53495.82,571.72
768-8875,15829.9,7488.24,50418.22,514.52
768-8969,11820.5,15175.72,91326.90000000001,451.12
768-8975,21179.9,28612.41,15908.92,1320.1
768-8979,2225.01,4836.31,2428.1,174.0
768-8999,9019.13,12622.31,5881.0,369.9
768-9587,8470.12,9416.9,50112.700000000004,603.9
768-9588,26777.2,26907.82,5820.1,453.32
768-9596,14199.8,16222.199999999999,11622.9,386.9
768-9676,12344.5,8310.12,7335.92,364.1
768-9697,50066.799999999996,7634.82,9746.62,836.0300000000001
768-9757,2648.9,2520.41,4441.2,140.91
768-9758,33773.32,63019.71,61607.420000000006,752.8199999999999
768-9759,10492.6,14323.23,11993.3,327.33
768-9776,30222.91,7719.8,7787.5,666.7
768-9795,5407.41,7498.9,6833.01,507.59999999999997
768-9855,7787.92,12394.82,11498.3,286.62
768-9868,11835.22,12178.22,7921.6,316.72
768-9877,10493.63,15924.14,16819.399999999998,517.4
768-9878,17706.52,7300.62,15052.22,1016.22
768-9885,18241.2,49896.1,8302.2,465.5
768-9887,8415.1,8886.22,12088.42,553.82
768-9979,7121.7,7222.8,8177.13,468.4
768-9986,30604.31,10011.41,12710.52,431.21999999999997
769-5555,19242.92,14822.119999999999,25564.7,1291.1999999999998
769-5556,19941.899999999998,19407.2,10733.12,576.22
769-5577,10522.53,6039.01,9800.72,545.81
769-5578,2268.2,2414.6,23055.5,129.71
769-5579,2493.7999999999997,22994.899999999998,2082.7,107.7
769-5598,9851.9,6418.02,30860.1,343.11
769-5599,7817.5,47894.82000000001,47653.8,265.8
769-5655,53960.64,8339.1,13587.9,861.52
769-5756,4727.4,4235.71,4103.9,115.30000000000001
769-5765,14029.4,12168.73,15480.5,477.8
769-5766,2315.31,23181.7,4051.0,176.8
769-5797,9224.74,49781.3,11232.62,448.71999999999997
769-5799,6862.01,10095.199999999999,10238.4,692.72
769-5869,10691.5,6339.9,7509.9,698.1
769-5878,4033.4,4118.0,3955.8999999999996,139.5
769-5898,7434.22,7672.799999999999,49450.9,814.3
769-5899,12186.7,12049.42,15089.22,653.92
769-5956,10415.8,6457.6,10035.8,739.8
769-5959,26817.81,9756.81,10204.02,329.71999999999997
769-5966,5688.21,31443.420000000002,10302.52,442.4
769-5976,10837.32,7670.4,12810.62,267.61
769-5978,8934.12,6316.5,10345.9,354.7
769-5979,11555.5,11713.599999999999,16368.82,425.12
769-5995,27497.3,18813.1,27819.7,889.72
769-5999,52354.020000000004,8062.139999999999,8459.52,446.4
769-6567,5926.01,11273.0,9490.2,291.6
769-6589,11895.199999999999,16494.5,8278.22,338.0
769-6787,2256.51,2072.61,2128.31,158.71
769-6788,8386.62,10418.82,8555.24,855.62
769-6789,6014.82,6219.62,6236.8,376.6
769-6875,4337.71,2302.8,4745.2,169.3
769-6887,1971.2,4183.7,4405.099999999999,193.71
769-6888,17540.0,16419.5,11828.119999999999,573.9
769-6889,5291.2,7490.8,11793.6,481.11
769-6895,7734.13,8070.52,8709.32,329.62
769-6898,12685.92,13026.3,49660.42,619.92
769-6899,8076.1,7697.83,7442.8,221.73000000000002
769-6995,17593.3,12178.62,53221.54,555.82
769-7558,2493.2,4153.91,4275.41,156.7
769-7567,50160.2,11598.32,8338.74,716.92
769-7579,4312.41,4745.9,2432.7999999999997,115.3
769-7586,11841.42,11872.62,11250.22,959.8
769-7587,9117.9,11428.3,7832.9,697.01
769-7595,53425.9,9011.52,53896.3,539.62
769-7599,6833.71,50463.6,9789.1,248.6
769-7655,7652.9,12034.4,12942.619999999999,600.2
769-7656,49986.72,11907.02,14333.6,481.02
769-7699,53120.2,50095.840000000004,11796.140000000001,499.22
769-7756,49252.0,15054.62,15744.72,559.4
769-7777,12065.62,26970.01,47062.91,443.6
769-7779,36381.21,33561.0,16959.0,602.01
769-7785,5229.8,10824.23,30935.420000000002,851.8
769-7799,7723.62,6190.42,11784.82,336.71
769-7877,2354.5,2368.7,4799.599999999999,78.4
769-7897,5940.12,5767.22,8534.9,291.32
769-7899,8205.6,12229.22,13731.0,948.72
769-7959,2230.81,4236.8,2011.1999999999998,119.7
769-7969,4296.5,2256.5,23129.100000000002,199.6
769-7987,9076.619999999999,8327.199999999999,12131.22,815.1999999999999
769-7989,3862.5,2318.6,2282.9,110.2
769-7995,4292.2,3177.0,4759.4,314.51
769-7998,7382.7,5139.43,26808.31,527.7
769-8576,49823.42,15915.52,8472.82,523.8
769-8579,19429.760000000002,22192.11,28931.519999999997,1693.14
769-8588,6885.0,9763.8,50208.51,354.4
769-8758,1946.51,4087.21,2654.1,146.60999999999999
769-8767,7883.7,9874.130000000001,12836.82,480.23
769-8777,23050.800000000003,5922.5,4232.400000000001,131.02
769-8779,59667.700000000004,17850.8,18244.42,1202.72
769-8787,10135.529999999999,15331.03,35145.93,633.41
769-8859,12959.84,17406.92,11732.3,538.3000000000001
769-8877,4246.3,2518.5,23219.500000000004,185.2
769-8879,11627.6,6252.92,26771.8,413.92
769-8885,15238.119999999999,50360.9,9491.1,360.59999999999997
769-8958,5492.11,8512.73,6802.82,425.72999999999996
769-8987,3986.8999999999996,2448.0,4809.7,119.6
769-8989,10748.42,5911.72,8198.22,330.8
769-8997,8895.01,8574.8,5740.11,429.09999999999997
769-9558,10089.0,7862.8099999999995,12053.01,314.9
769-9567,50450.3,10295.1,35032.0,773.3199999999999
769-9589,7443.3,7421.8,6137.0199999999995,921.5
769-9598,12187.2,52399.32,12433.9,922.8
769-9659,10587.33,68365.02,49773.12,168.61
769-9775,11805.8,12785.32,8411.72,538.52
769-9777,56164.840000000004,15296.5,50220.54,572.8000000000001
769-9789,7649.92,16057.8,49900.8,363.54
769-9795,5487.01,5724.3,5672.93,284.71
769-9859,15133.199999999999,8613.6,16078.7,944.0999999999999
769-9875,2755.1,22902.500000000004,2385.7,153.8
769-9879,6969.62,49464.71,9715.82,497.22
769-9895,19959.3,41123.7,22277.0,1226.1
769-9898,15421.199999999999,11204.199999999999,8661.8,943.7
769-9955,11676.4,34861.8,50134.6,910.6
769-9957,20377.85,25907.399999999998,23657.63,1090.54
769-9959,10622.11,9098.0,5599.0,286.9
769-9965,107562.12000000001,67632.66,57336.14,858.72
769-9969,10495.62,5677.5199999999995,26558.0,417.02
769-9977,10667.8,13684.0,9888.9,314.0
769-9979,6216.9,6268.0,47863.7,858.0999999999999
769-9988,9999.009999999998,6307.9,12162.83,607.83
769-9989,30707.739999999998,67322.12000000001,31573.63,1383.32
769-9995,37030.9,23945.01,20793.34,944.22
769-9998,7635.0199999999995,6065.9,11000.9,292.71
775-5555,11464.6,13825.42,53857.4,442.02
775-5557,2346.5,4787.3,2426.1,125.51
775-5558,12065.4,8428.699999999999,15900.02,502.22
775-5559,9694.52,30029.32,6074.3,299.41
775-5565,26701.8,24316.899999999998,25120.12,1150.56
775-5567,1935.31,4334.610000000001,2422.7,149.5
775-5569,5114.41,7641.13,9875.6,407.22
775-5575,8270.64,11576.3,8995.619999999999,895.42
775-5579,11410.4,14543.8,31939.420000000002,400.52
775-5585,51861.0,12312.0,12460.92,689.8199999999999
775-5596,29151.32,16053.92,24232.62,968.3199999999999
775-5597,51115.43,18693.7,52415.12,780.81
775-5599,5721.3099999999995,9896.1,5813.32,289.71
775-5658,7822.81,9673.119999999999,9041.02,604.4
775-5756,4266.81,2522.21,2784.21,182.3
775-5765,3996.6099999999997,2402.21,4049.4,190.5
775-5777,46538.61,27854.7,4780.6,299.31
775-5779,26674.5,12194.8,6020.5,812.22
775-5789,15023.54,35378.3,10634.84,733.52
775-5858,49583.2,10949.1,10843.64,679.5
775-5879,1833.1,4438.610000000001,4145.3099999999995,161.9
775-5885,13758.52,8518.2,8529.22,498.02
775-5886,15181.22,15311.9,11982.0,516.0
775-5889,20472.5,21474.04,21307.1,1288.8
775-5898,15975.72,12173.119999999999,11573.9,612.64
775-5899,4612.42,11612.41,7386.21,296.0
775-5956,7836.21,9722.53,6749.3099999999995,362.59999999999997
775-5965,35258.87,73859.91,71173.16,1597.96
775-5967,7789.3,12255.72,11847.9,668.4
775-5969,12137.3,12774.1,54792.72,445.82
775-5975,8423.42,12317.34,49596.5,583.02
775-5977,26559.710000000003,25392.100000000002,6016.0,446.72999999999996
775-5979,11208.92,56615.82,35907.7,683.61
775-5989,6478.6,26807.6,6500.8,478.42
775-5998,11683.8,52813.0,49466.42,660.0
775-5999,58675.72,23104.5,41062.46,969.81
775-6588,12741.6,12225.92,12205.199999999999,488.24
775-6657,12200.8,8158.6,52640.14,420.4
775-6677,15442.2,12145.220000000001,7958.22,428.12
775-6779,4017.7,4764.4,2452.8,194.5
775-6787,2604.1,2371.3,2387.8,359.2
775-6875,8106.1,11189.4,15969.82,967.6
775-6958,17553.1,63223.7,20264.84,1177.02
775-6977,2334.0,4287.1,2487.91,208.89999999999998
775-6979,15945.02,24203.399999999998,60782.9,751.5
775-6989,8813.1,10067.4,6097.599999999999,656.1999999999999
775-6997,8439.62,9566.6,12262.699999999999,965.5
775-6999,9953.32,7840.5,6201.21,497.9
775-7557,8619.9,6637.7,15822.9,603.84
775-7579,2872.0,4356.7,2379.2,101.4
775-7585,1950.1999999999998,23604.2,2548.9,227.4
775-7586,53113.4,53959.920000000006,15434.42,485.53999999999996
775-7599,14568.699999999999,7402.7,53934.8,948.4
775-7658,13605.32,8352.72,12341.699999999999,902.44
775-7668,53775.32,12432.62,11388.4,355.22
775-7677,3418.7999999999997,2270.8,4553.4,83.6
775-7687,16562.9,15836.53,33260.13,817.0999999999999
775-7689,13133.699999999999,7972.33,10030.31,739.1999999999999
775-7695,12593.14,8348.82,52363.020000000004,623.32
775-7697,62690.52,82679.3,22846.34,837.3
775-7698,1791.51,4794.81,1972.21,83.89999999999999
775-7756,12112.3,8466.5,12339.199999999999,587.5
775-7757,4142.9,4531.8,2514.2,124.69999999999999
775-7758,19070.24,18753.54,66784.42,782.9
775-7759,10433.2,7873.54,10424.6,721.03
775-7775,4032.4100000000003,5883.3,6425.9,334.90999999999997
775-7777,3873.8999999999996,4251.099999999999,2258.3,198.9
775-7778,2158.51,2708.4,4745.599999999999,175.91
775-7787,2445.1,2491.6,2514.6,98.9
775-7789,28592.41,14117.630000000001,11421.51,418.13
775-7796,5135.7,2501.3999999999996,2406.9,143.4
775-7797,5477.72,7900.8,25430.61,333.71
775-7799,18420.42,17138.91,60024.020000000004,1364.73
775-7856,8089.42,12607.52,50875.200000000004,376.32
775-7859,22775.5,4552.71,4384.5,203.29999999999998
775-7868,23239.710000000003,2410.2,2730.8,152.70999999999998
775-7878,2220.8,2481.9,2393.2,371.51
775-7879,4264.61,23280.11,2438.61,150.5
775-7887,50146.020000000004,8655.8,12192.0,311.32
775-7888,52512.52,8265.4,11367.300000000001,802.6999999999999
775-7889,49121.51,51483.5,11277.83,478.4
775-7976,2659.3,5039.91,2184.2,147.41
775-7977,14233.71,16981.71,10715.0,588.2
775-7987,16836.92,34624.62,8140.82,428.72
775-7997,6754.52,14813.31,12441.21,558.61
775-7998,18550.53,22272.52,24358.86,1159.81
775-7999,49789.22,51439.11,29814.140000000003,565.9
775-8578,11180.42,8044.3,53688.020000000004,549.5
775-8585,53174.840000000004,9538.1,17056.82,693.64
775-8596,15462.499999999998,8659.34,12277.720000000001,442.2
775-8767,4481.099999999999,23378.300000000003,4855.6,134.0
775-8768,4205.2,3297.2000000000003,23237.9,115.71000000000001
775-8769,61904.6,47295.12,22205.5,1174.74
775-8787,4343.2,2560.6,4022.5,159.9
775-8789,10418.8,8315.82,11645.220000000001,917.42
775-8796,2099.6,2464.0,4921.81,192.9
775-8876,10793.0,19046.2,50024.32,285.90000000000003
775-8877,2204.71,4342.7,4801.799999999999,153.5
775-8887,17597.04,50690.22,19346.82,701.8
775-8888,16544.32,51058.119999999995,12079.220000000001,401.62
775-8897,5596.91,49754.42,8136.9,432.21999999999997
775-8898,7782.0,52486.72,12479.8,820.72
775-8955,15811.699999999999,30309.440000000002,17360.8,616.4399999999999
775-8957,53742.81999999999,54236.02,8535.8,875.42
775-8968,72553.7,10437.03,29130.0,507.71000000000004
775-8979,8622.7,12397.0,12437.44,366.62
775-8985,12430.42,15836.52,12876.5,551.5
775-8987,12455.4,6533.9,7183.32,324.0
775-8996,5373.2,9751.800000000001,8914.51,355.0
775-8997,10240.62,50157.12,8560.72,578.0
775-9555,49702.32,7857.62,14821.92,605.72
775-9579,6568.8,12531.02,12109.0,343.0
775-9585,9643.9,30977.8,27379.120000000003,553.9
775-9587,36420.82,13380.91,11862.5,566.4
775-9589,52086.9,31095.25,113846.92000000001,1293.6399999999999
775-9597,1948.11,4402.3,2396.2,151.3
775-9599,5575.13,49651.4,5998.42,295.2
775-9677,4350.3,4656.0,22971.9,352.31
775-9679,11432.3,8009.9,29766.3,629.91
775-9697,6357.3,30487.0,50117.7,269.2
775-9698,9885.4,9846.62,5595.8,235.8
775-9755,7033.6,49956.44,9594.22,590.52
775-9756,12394.1,8617.0,54146.520000000004,633.9
775-9759,7381.82,7238.3,47573.2,328.4
775-9778,18171.0,10432.81,14632.6,1098.42
775-9779,4282.4,2477.81,5100.6,214.5
775-9786,11953.0,7357.8,50278.12,567.4
775-9787,2413.2,2506.5,4308.2,192.2
775-9788,2126.51,2402.4,4301.6,98.8
775-9796,12595.1,5988.42,5971.3,426.2
775-9799,15809.699999999999,11149.01,17503.8,1216.8
775-9855,10855.0,53520.21,13468.51,760.22
775-9858,12478.720000000001,16489.15,17227.329999999998,649.65
775-9859,30230.42,12632.51,48604.7,393.42
775-9866,12976.3,8470.72,12227.12,800.7
775-9868,82179.91,59966.3,18595.2,1302.25
775-9875,91991.72,50288.3,11770.0,480.12
775-9876,1581.3,2365.81,2419.11,160.6
775-9878,8401.9,9654.0,9855.82,610.03
775-9879,10113.83,30252.910000000003,10800.130000000001,306.6
775-9888,11849.32,17219.82,13241.32,640.1
775-9896,17417.52,19556.93,25687.01,872.52
775-9897,6021.6,4911.3099999999995,6693.3,266.7
775-9899,14571.619999999999,21888.91,22487.699999999997,1267.6
775-9968,14523.6,10772.8,53677.9,423.6
775-9976,22299.5,64906.51,66413.31999999999,1423.21
775-9978,8475.82,49634.9,16057.2,616.6
775-9979,3102.2,2262.7,2207.5,144.8
775-9987,5779.22,5812.6,49690.5,501.8
775-9988,22465.809999999998,22188.82,16508.1,821.92
775-9989,26776.309999999998,9783.01,12264.41,334.23
775-9995,5881.9,9791.1,10783.9,323.41999999999996
775-9996,91056.90000000001,11725.119999999999,13304.699999999999,418.7
775-9997,5783.33,7643.0,8001.51,370.90999999999997
775-9998,11421.800000000001,47562.12,47646.020000000004,421.5
775-9999,32254.22,31847.52,35421.08,1222.83
776-5558,12001.0,15911.82,8703.5,383.82
776-5577,2267.21,3785.7,2320.81,352.9
776-5587,3641.8999999999996,4336.599999999999,4385.5,160.5
776-5589,6333.9,7703.8,49870.8,436.0
776-5597,5913.71,11369.02,9724.03,658.0
776-5667,4087.81,23318.2,3274.5,179.91
776-5669,7467.8099999999995,26758.32,7411.3,391.51
776-5676,2682.11,4994.0,4491.8099999999995,136.31
776-5696,6381.13,8223.1,12119.83,289.91
776-5755,9301.21,9585.92,71021.02,592.5
776-5775,12115.5,8835.039999999999,11142.119999999999,519.9
776-5785,53652.020000000004,6767.92,17380.9,686.72
776-5798,1951.6,4126.099999999999,2249.2,159.4
776-5859,8390.1,90791.14,12380.9,452.02
776-5898,14975.82,8247.119999999999,50150.72,661.12
776-5955,18436.92,13120.42,49796.520000000004,575.32
776-5958,12107.24,49518.02,15940.44,530.6999999999999
776-5977,2247.91,3917.1099999999997,2074.7,359.0
776-5979,5937.33,11503.130000000001,9081.1,564.5
776-5986,11735.1,9465.44,12467.5,432.1
776-5988,36710.02,36622.52,34258.71,1509.45
776-5995,7606.8,56103.5,12232.82,468.4
776-5998,9186.1,11717.2,10150.82,460.6
776-6577,14034.52,9660.119999999999,19076.22,659.0
776-6758,4693.41,2454.51,13180.8,75.31
776-6885,11942.94,50349.2,11855.92,1137.52
776-6958,11928.91,10168.61,20782.9,296.11
776-6987,8313.32,8011.92,49824.04,601.9399999999999
776-6997,9022.4,8780.699999999999,8545.0,571.42
776-7579,2317.0,2395.3,2435.4,290.59999999999997
776-7587,8641.52,15129.5,10462.9,700.4399999999999
776-7677,2409.4,2423.4,4318.400000000001,119.4
776-7688,8295.92,7117.240000000001,11746.4,353.52
776-7696,12008.52,50145.94,15793.9,889.0
776-7697,2436.21,3783.21,2473.91,164.71
776-7755,2542.7,2353.0,2459.4,232.3
776-7757,20098.02,14975.9,14342.34,1218.92
776-7777,4126.0,4173.7,2448.4,133.0
776-7778,54033.8,54703.020000000004,13569.0,606.6
776-7795,4729.0,4230.51,4146.51,177.1
776-7797,2266.01,2219.7,2383.0,158.9
776-7799,4138.7,23165.500000000004,2708.1,108.0
776-7879,2376.7,4453.2,2432.8,111.2
776-7888,4454.21,6910.71,46752.409999999996,384.11
776-7897,19340.71,27378.4,14000.53,693.03
776-7898,4771.5,2304.2999999999997,2340.91,128.2
776-7899,7626.2,11710.62,10024.7,363.82
776-7955,6042.1,5909.12,6124.0,559.0
776-7965,4326.41,2581.9,2365.01,193.0
776-7988,53214.520000000004,11197.42,50063.81999999999,452.5
776-7995,11895.5,11595.51,7616.11,491.4
776-7997,5059.93,5740.5,5793.8,440.72
776-8577,13448.44,16827.42,11691.039999999999,444.74
776-8797,7932.42,14410.5,8483.2,491.1
776-8878,23213.2,2330.2,4053.01,204.41
776-8898,27172.500000000004,6383.3,8076.91,556.53
776-9577,34064.420000000006,34601.21,15148.73,800.83
776-9579,20876.23,14526.7,19733.11,1156.84
776-9587,1997.8,2412.6,4074.3999999999996,156.9
776-9589,16733.8,59326.54,66253.0,877.4
776-9595,11962.720000000001,12597.199999999999,11882.199999999999,217.22
776-9597,30521.7,5635.91,5767.12,376.5
776-9598,10300.22,11287.32,18670.0,537.4
776-9599,101940.34,17232.82,15092.3,789.11
776-9656,11464.22,13412.82,55497.1,874.32
776-9665,11100.92,12160.720000000001,15623.52,1397.82
776-9677,5579.8,5822.62,7934.3,267.2
776-9687,6654.62,14419.0,8139.1,504.12
776-9699,4652.03,13879.11,6215.610000000001,350.11
776-9757,26105.899999999998,24313.399999999998,18516.94,1067.86
776-9776,4035.4999999999995,2164.41,2199.91,104.0
776-9785,6124.62,15855.099999999999,10752.22,501.9
776-9788,10948.619999999999,11720.82,7936.3,466.0
776-9796,11505.82,5992.91,10599.71,250.2
776-9797,7371.219999999999,9332.3,6037.1,401.0
776-9798,12358.82,49056.600000000006,16135.9,462.32
776-9799,7581.9,32569.000000000004,11380.3,319.62
776-9856,49964.32,13585.3,12408.24,590.22
776-9857,16037.12,8569.02,15801.4,783.92
776-9867,4321.5,4441.51,4255.9,141.0
776-9869,8052.4,8065.8099999999995,11292.8,694.3
776-9875,17361.52,9643.8,12656.5,885.52
776-9888,14996.31,14641.11,60024.009999999995,958.43
776-9897,10416.72,9975.3,11432.2,442.81
776-9898,8285.52,9614.3,5622.21,382.82
776-9965,11531.53,6288.9,9122.31,458.82
776-9968,15661.3,6990.9,9373.3,445.9
776-9987,2520.0,2385.8,2537.0,157.60999999999999
776-9989,39191.42,22274.2,40171.92,934.53
776-9998,7847.82,12173.7,12382.0,813.52
777-5556,4070.7000000000003,23092.61,4643.099999999999,372.71000000000004
777-5557,2535.01,4268.8,23321.000000000004,329.5
777-5558,49260.12,13720.02,11482.8,980.72
777-5559,10185.13,11385.0,27062.6,500.22
777-5575,12327.8,12647.5,12342.619999999999,498.12
777-5588,4386.099999999999,4407.599999999999,2574.1,158.8
777-5595,12620.9,9343.42,12133.34,311.6
777-5655,3960.2,2190.5,1981.21,170.21
777-5677,2831.3,2375.2,3299.5099999999998,101.41
777-5678,6754.72,9001.9,55234.1,439.71999999999997
777-5689,8315.42,7894.52,49957.200000000004,386.42
777-5699,48336.62,5789.4,9550.91,211.73
777-5755,13939.92,10685.9,37132.82,697.2
777-5759,11755.019999999999,8082.7,12152.800000000001,572.3
777-5775,8376.72,34282.6,15690.72,741.9
777-5776,2226.2,5616.3,2597.71,392.51
777-5777,7945.8,8439.2,8998.6,397.42
777-5778,3977.61,23528.500000000004,4881.3,216.5
777-5779,15327.12,16617.62,12172.84,528.02
777-5785,10777.199999999999,18704.93,15930.220000000001,623.4300000000001
777-5787,2280.3,2399.2,4277.6,172.0
777-5796,4240.2,4718.2,2369.41,149.3
777-5798,8500.82,12544.02,12596.619999999999,463.91999999999996
777-5799,2409.91,2328.41,4315.6,141.79999999999998
777-5857,9790.3,12235.02,53737.520000000004,604.3
777-5875,2390.8,2576.3,2030.21,196.9
777-5877,3876.4,4301.11,2304.2,130.1
777-5897,9741.5,18156.9,12446.32,683.34
777-5899,9220.3,5927.0199999999995,9726.8,544.3
777-5958,7973.04,12148.8,13171.74,618.32
777-5965,5068.4,4363.71,3725.1,177.61
777-5969,7618.3,8876.6,12524.699999999999,441.1
777-5977,1690.6100000000001,4084.6099999999997,6478.400000000001,160.22
777-5978,28062.44,31923.1,20187.5,1093.11
777-5979,2170.5,4592.7,4614.71,196.20000000000002
777-5986,17641.14,62507.8,68413.24,1594.4099999999999
777-5987,10448.8,13317.9,8683.6,345.7
777-5989,10185.52,5709.2,7588.4,320.9
777-5995,12107.0,15645.9,12342.92,562.12
777-5996,7498.82,12460.1,9573.03,267.0
777-5997,9441.21,12529.109999999999,14518.6,547.43
777-5999,14193.72,8351.03,52523.51,318.31
777-6559,2413.0,2485.3,4598.6,344.4
777-6575,50415.84,11885.92,14599.9,517.1
777-6578,4298.4,4225.21,23376.3,204.1
777-6589,2409.6,2502.3,2343.1,194.21
777-6596,7649.42,7536.82,8179.7,357.5
777-6659,3768.21,4243.1,23323.9,153.1
777-6675,7233.3,13166.6,51082.200000000004,507.9
777-6687,4285.01,2307.41,2135.4,103.71
777-6689,11892.31,5872.3099999999995,46932.52,345.81
777-6779,11103.14,8543.94,11933.92,482.59999999999997
777-6789,12318.699999999999,7393.12,12102.4,528.4399999999999
777-6857,2417.1,4462.8,2522.9,135.9
777-6859,9651.5,12237.92,10224.199999999999,397.3
777-6898,15454.42,48863.92,13632.1,386.4
777-6955,49140.0,12382.220000000001,49981.3,556.8199999999999
777-6998,4299.1,5744.3,2357.3,113.89999999999999
777-7555,13146.91,14614.9,14665.71,799.02
777-7557,27505.11,8362.4,7170.209999999999,501.5
777-7559,76018.33,19164.12,55912.53,1401.12
777-7567,2503.8,2293.71,2396.0,176.0
777-7569,6283.12,5484.53,5667.9,350.2
777-7576,13617.6,54199.100000000006,15889.5,549.02
777-7577,4765.1,7296.9,8583.6,415.5
777-7578,18875.899999999998,14772.619999999999,21878.92,826.7
777-7579,7920.7,13491.32,51539.91,537.63
777-7585,2547.51,2302.0,2331.7,149.0
777-7586,6411.820000000001,7022.01,6529.1,233.91
777-7587,3966.61,2150.7,4661.5,183.71
777-7589,10941.13,47556.9,7926.0199999999995,480.73
777-7595,50078.5,50592.8,11756.599999999999,476.21999999999997
777-7597,3984.91,2568.01,5077.6,182.0
777-7599,12814.8,8478.72,10227.72,503.21999999999997
777-7677,10965.03,34015.22,163420.93,745.91
777-7679,12137.93,68255.6,118134.70999999999,368.63
777-7698,40607.0,18156.9,20013.920000000002,867.52
777-7757,6104.31,6772.62,6635.1,283.40999999999997
777-7765,2182.1,4323.91,4295.0,187.60999999999999
777-7766,4274.7,1953.9,4201.21,177.6
777-7767,6176.91,8617.8,6569.700000000001,263.11
777-7769,12635.710000000001,58435.020000000004,37584.52,649.32
777-7777,19948.41,20659.74,62984.21,1125.32
777-7779,30172.5,70560.40000000001,57034.63,1800.6299999999999
777-7787,6378.9,4425.41,6948.7,303.11
777-7788,37166.840000000004,11936.64,18696.63,944.9100000000001
777-7789,14537.92,8678.42,13675.720000000001,434.2
777-7795,2067.1,2804.4,4137.900000000001,191.1
777-7797,18514.93,15844.609999999999,13851.11,685.4
777-7798,8814.3,13190.4,12232.42,565.4
777-7799,33926.9,20631.22,27555.52,1039.62
777-7858,4335.0,2352.51,2235.1,99.2
777-7868,15220.44,8283.5,9928.81,585.2
777-7869,49291.840000000004,48253.72,12223.4,460.21999999999997
777-7875,3806.8,2250.3,3674.2000000000003,138.5
777-7876,6875.2,50192.4,51479.420000000006,1097.12
777-7877,16085.42,16486.399999999998,12706.6,491.2
777-7878,4139.4,2211.41,2124.01,319.6
777-7879,8331.22,15998.5,11871.74,451.5
777-7885,4210.61,4491.2,3894.2,128.91
777-7895,2041.5,4314.01,2420.2,135.81
777-7897,11368.22,11796.3,11581.14,582.1999999999999
777-7898,8073.62,6205.11,9918.73,511.9
777-7955,4925.71,4308.7,4992.400000000001,191.60999999999999
777-7957,2151.4,23231.7,4138.8,112.7
777-7959,61942.42,34949.0,22958.4,977.22
777-7967,43224.020000000004,21592.5,24281.92,844.12
777-7968,23957.12,16694.14,22526.04,1615.94
777-7969,32028.600000000002,9289.2,10061.400000000001,244.31
777-7975,13807.91,13867.91,10372.73,910.22
777-7977,32232.13,14928.91,38525.9,567.92
777-7979,44152.01,68669.32,24508.399999999998,1061.51
777-7987,13354.72,9716.11,7688.82,465.90999999999997
777-7997,54899.32,21682.02,57943.520000000004,1409.0
777-7998,6068.509999999999,6758.5,6625.799999999999,273.5
777-7999,13970.92,15600.619999999999,53737.020000000004,579.8
777-8566,12370.74,11640.9,8270.52,667.1999999999999
777-8567,11085.0,16618.2,7828.54,406.3
777-8598,2343.3,2138.91,2393.61,132.01
777-8678,2613.5099999999998,3018.1,13398.300000000001,115.6
777-8688,11667.82,11801.119999999999,16092.02,594.6
777-8698,47801.71,11106.6,17599.1,268.5
777-8777,2203.8,2399.6,2504.4,154.9
777-8788,2277.0,2436.1,2331.5,156.0
777-8789,11346.22,11757.3,8334.42,388.21999999999997
777-8855,16890.92,13855.5,11730.42,503.02
777-8867,8289.2,11468.720000000001,8441.82,570.3
777-8878,50200.82,11699.0,11240.9,655.4399999999999
777-8895,15918.1,7955.139999999999,12408.82,768.8199999999999
777-8955,2579.8,2376.31,2327.8,181.91
777-8958,23415.32,61080.8,24429.5,1622.92
777-8959,16137.12,13907.24,17262.64,640.5
777-8965,4033.0999999999995,4240.2,2404.9,203.4
777-8987,13632.199999999999,8374.54,8021.099999999999,519.8
777-8988,67388.54000000001,68245.64,71950.72,1800.34
777-8989,9444.199999999999,4621.92,7013.099999999999,340.3
777-8996,8778.72,8261.0,31196.4,574.72
777-9555,9614.8,47656.7,5976.51,427.3
777-9557,12324.02,50327.42,8518.1,575.72
777-9558,6366.12,16203.3,8058.4,543.2
777-9566,52544.84,49553.020000000004,16113.24,542.54
777-9569,22364.74,24049.22,58660.72,1281.3
777-9577,11357.519999999999,15511.92,31418.800000000003,579.8
777-9578,4181.5,2328.6,2489.4,132.8
777-9579,10695.54,30434.7,12799.4,500.02
777-9586,19344.43,14296.25,18143.12,640.93
777-9597,9493.710000000001,8668.71,13929.8,510.3
777-9598,15045.699999999999,17927.7,18933.3,717.1
777-9599,15405.14,21773.8,80843.8,826.4
777-9669,6548.42,11588.0,11610.92,410.3
777-9677,3823.0099999999998,1756.81,3937.5,294.71000000000004
777-9685,6006.3,5705.8,4568.599999999999,93.60000000000001
777-9688,53602.04,13149.4,50098.920000000006,328.21999999999997
777-9697,19044.22,23905.05,68797.23,1768.02
777-9756,13754.099999999999,10372.03,8062.099999999999,517.1
777-9758,53549.12,12397.52,7968.9,707.9
777-9759,2387.0,2330.51,4414.8,172.21
777-9765,5584.4,11643.11,11686.1,836.7099999999999
777-9769,2817.6,3294.7,4263.8,180.1
777-9777,2283.6,2417.51,4749.5,124.41
777-9778,4610.8,7082.31,7170.41,257.81
777-9779,7297.7,13475.5,11149.5,372.09999999999997
777-9786,1984.81,2472.4,5014.9,105.61
777-9787,10411.31,15695.02,31184.92,716.3
777-9788,4187.5,6448.61,6498.5,237.81
777-9789,22823.800000000003,4121.0,4116.71,169.1
777-9795,7966.64,13725.22,8261.92,548.3
777-9798,6037.1,11680.31,9612.710000000001,193.13
777-9799,20443.91,14723.13,32870.700000000004,767.8100000000001
777-9856,15479.22,12177.2,15807.82,700.3199999999999
777-9858,8140.799999999999,10079.71,9852.2,299.40000000000003
777-9859,7882.42,11398.92,12647.119999999999,921.32
777-9867,2894.3,2384.9,4390.8,132.7
777-9878,16713.899999999998,13285.42,16058.94,947.2
777-9879,2438.0,3952.01,4209.599999999999,139.4
777-9885,20444.21,20938.84,19476.44,904.63
777-9887,2501.6,4183.2,2480.1,100.80000000000001
777-9895,23345.52,56325.64000000001,242650.91999999998,1357.24
777-9899,6075.0,7164.91,9363.22,321.2
777-9957,4135.5,2401.6,4827.3,151.29999999999998
777-9959,58240.41,12992.52,17135.3,1093.01
777-9967,13808.21,10080.63,14933.9,1398.73
777-9969,58826.92,56430.600000000006,19413.72,772.12
777-9975,27858.45,29613.63,28608.84,1040.32
777-9977,17512.42,22101.21,20701.14,1287.1299999999999
777-9978,9317.199999999999,11330.9,14329.3,339.71999999999997
777-9979,28395.03,15624.83,12214.0,533.42
777-9985,4513.4,6954.7,8374.41,402.71
777-9987,91475.2,80621.13,17620.0,990.02
777-9988,15478.42,24138.01,12376.22,845.41
777-9989,9106.01,5884.62,26862.4,426.0
777-9995,15677.7,8178.22,11684.32,542.72
777-9998,7859.5,12068.220000000001,6052.42,383.2
778-5555,8461.92,12559.44,8562.42,677.14
778-5557,13610.220000000001,16342.2,15671.4,797.5
778-5587,15585.82,11731.019999999999,16960.54,592.22
778-5656,7996.9,12111.0,16262.0,862.62
778-5665,11479.22,17550.399999999998,53571.72,571.6
778-5675,14808.44,15646.52,50733.32,560.0
778-5677,7958.8,11736.82,12073.12,568.14
778-5688,8979.42,7599.62,8418.42,457.8
778-5695,13760.52,18408.32,13691.2,666.74
778-5697,14618.419999999998,12122.0,13558.04,470.42
778-5767,2034.0,4234.2,2759.9,143.2
778-5768,2152.5,4722.21,4411.9,126.0
778-5769,46963.700000000004,10152.9,10802.0,377.0
778-5797,34271.0,16250.5,17718.3,493.54
778-5859,11446.82,11623.42,7917.5,433.71999999999997
778-5887,4090.9,8961.4,8443.71,423.5
778-5889,18621.3,20401.6,19466.329999999998,847.72
778-5895,20015.36,70633.40000000001,20413.92,920.12
778-5899,11397.5,16817.62,12224.9,537.44
778-5957,19942.850000000002,9743.03,31112.5,1327.42
778-5959,7179.8099999999995,5091.11,30709.2,475.5
778-5965,8315.1,12565.72,16011.72,501.52
778-5968,5299.9,13148.31,49650.3,281.4
778-5975,49799.020000000004,55093.4,13513.6,450.62
778-5998,11296.02,50222.8,8533.4,591.52
778-6556,14136.130000000001,10258.43,13654.33,659.53
778-6558,15767.92,15985.5,91724.0,541.82
778-6576,8601.5,12412.74,17855.7,432.82
778-6587,9057.42,53677.42,8430.4,545.4
778-6588,6500.8,7504.32,16418.8,523.3
778-6656,10405.4,15058.95,10384.93,456.3
778-6678,16139.0,11918.5,6877.9,315.92
778-6765,2209.81,2347.4,2190.91,174.79999999999998
778-6775,7191.8,15200.32,8378.119999999999,413.5
778-6779,2154.81,3754.4,6017.62,142.61
778-6799,5978.62,5491.8,9968.52,430.7
778-6878,1814.6000000000001,2442.6,2593.6,172.9
778-6898,4678.92,47535.3,11016.8,492.6
778-6959,8359.6,36549.33,8316.31,615.6
778-6965,16840.25,20243.02,25374.23,1021.3199999999999
778-6976,94170.8,8281.1,12539.02,561.52
778-6986,9462.82,10127.0,35000.0,572.3
778-6987,23474.01,2376.6,2897.2,94.01
778-6989,69378.53,6020.42,7039.2,247.10999999999999
778-7555,4000.01,4763.7,4294.099999999999,184.3
778-7557,7963.3,15957.119999999999,30930.420000000002,382.71999999999997
778-7558,10677.92,10542.22,15195.22,645.0
778-7565,12086.92,11967.8,15663.699999999999,861.6999999999999
778-7575,10364.4,50093.8,14003.8,639.5999999999999
778-7577,3700.1000000000004,2108.4,2248.9,153.22
778-7579,30928.23,22087.8,17202.43,2177.12
778-7588,11695.52,11992.3,12070.52,485.72
778-7589,15752.82,11795.92,16219.42,725.62
778-7596,11459.0,15465.3,13490.6,433.4
778-7599,12557.72,15938.72,11857.72,568.6999999999999
778-7655,14947.8,12612.300000000001,11129.12,532.7
778-7657,4307.8099999999995,4066.71,1777.2,99.71
778-7687,7521.5199999999995,9269.22,9205.5,557.12
778-7755,10999.82,13845.2,8324.6,911.82
778-7758,3231.21,2470.01,4409.5,341.51
778-7759,25897.03,65986.34,71043.9,2003.25
778-7775,2081.31,4135.21,4462.8,83.61
778-7777,51960.3,40070.950000000004,14474.02,768.65
778-7785,11830.92,53714.0,13172.6,462.52
778-7787,4740.6,8323.32,7012.599999999999,294.5
778-7789,18204.12,23095.73,21430.04,1713.1
778-7799,3953.9,2160.5,4921.599999999999,174.6
778-7857,4310.3,26354.320000000003,4454.2,254.9
778-7859,5867.0,27672.410000000003,5125.0,227.0
778-7875,32358.02,262011.35,90829.54000000001,1404.13
778-7879,12050.4,15731.5,16636.12,520.02
778-7886,12101.1,8518.32,12172.4,493.1
778-7888,11552.92,8530.7,9621.4,630.54
778-7889,5986.5,3878.2,3895.81,132.4
778-7898,4141.5,4377.2,3148.7,340.11
778-7955,12121.099999999999,13865.04,92429.02,375.62
778-7958,21602.54,20005.34,60304.23,1167.1399999999999
778-7959,6944.219999999999,11654.220000000001,55248.0,534.1
778-7965,2281.81,22899.9,2080.51,93.5
778-7976,4135.01,1974.3,2130.2,146.0
778-7977,5644.599999999999,5877.02,5921.8,736.4
778-7978,4265.3,2573.7999999999997,4250.4,181.41
778-7986,7681.599999999999,30828.8,12435.220000000001,471.82
778-7987,11977.5,12100.6,9917.42,606.5
778-7988,24469.9,6424.299999999999,2239.01,119.1
778-7998,8292.8,8268.6,8356.699999999999,452.81
778-8565,53448.32000000001,16598.2,16670.9,354.94
778-8566,9424.3,8551.32,50128.02,528.8199999999999
778-8567,16025.1,54334.9,16185.12,635.52
778-8575,12168.0,14287.8,8728.3,611.54
778-8676,10734.92,8047.5,7100.12,529.42
778-8757,2423.11,12838.5,23254.7,132.9
778-8759,6043.31,20389.9,68283.7,357.82
778-8777,4643.61,28494.820000000003,8673.41,253.51
778-8779,12242.04,15838.0,11772.519999999999,1040.44
778-8786,8619.6,15917.73,15739.8,1297.6
778-8789,17044.3,11997.84,8938.619999999999,471.3
778-8795,16249.199999999999,35173.72,14220.5,727.3
778-8857,12513.199999999999,12616.4,16198.92,562.7
778-8858,5336.74,8421.3,11465.72,527.52
778-8859,8631.44,8231.6,7975.0,854.64
778-8879,3978.7999999999997,2431.0,2377.7,90.4
778-8899,7051.4,5893.0199999999995,4465.22,195.9
778-8967,12062.699999999999,15917.52,11793.5,432.52
778-8977,80230.51,43630.62,30240.01,755.71
778-8978,12222.8,52389.9,8309.32,432.09999999999997
778-8995,11608.8,30801.300000000003,5652.62,458.42
778-9555,10837.81,12041.199999999999,11719.62,491.7
778-9557,17467.5,8387.32,34465.520000000004,1094.6
778-9567,10207.44,13115.619999999999,8445.42,362.82
778-9577,52683.52,8342.72,16005.7,527.5
778-9578,2407.0,4375.61,4283.71,137.81
778-9586,8274.1,54202.62,13254.119999999999,393.4
778-9595,27417.62,22943.45,63110.229999999996,987.92
778-9596,17405.41,8127.84,8006.71,248.31
778-9598,5877.22,8025.13,7625.01,278.51
778-9599,45799.85,23150.64,30744.309999999998,1123.34
778-9655,7407.93,11120.43,15789.53,515.3
778-9657,10282.12,6256.62,5411.1,328.4
778-9675,2048.1,3967.4,1973.8,96.1
778-9677,1973.6100000000001,2238.4,4231.51,194.9
778-9695,46755.1,9857.0,9355.4,323.92
778-9697,9456.81,10164.82,11555.61,540.6
778-9755,8677.12,12214.599999999999,17538.2,661.92
778-9759,60998.13,26684.23,23781.3,1196.6
778-9769,8632.1,72405.5,13188.11,984.6
778-9776,5062.6,2319.7000000000003,2548.1,193.81
778-9777,4427.4,5102.610000000001,4336.8,139.31
778-9779,6394.3,6217.6,25593.41,297.3
778-9787,18169.04,20192.129999999997,57045.200000000004,1077.04
778-9795,54134.22,17458.5,37092.62,556.3
778-9798,12512.32,50354.02,53664.32,668.2
778-9857,9674.6,10111.93,5750.5,411.7
778-9859,49428.1,12354.5,13196.0,453.3
778-9865,11846.199999999999,17382.8,15608.699999999999,385.59999999999997
778-9875,5823.92,4761.62,30754.91,365.32
778-9877,20610.43,20965.12,65257.340000000004,1495.95
778-9888,8491.9,12427.0,52870.72,609.02
778-9889,10091.8,5974.5,9920.6,332.4
778-9895,27484.0,7738.43,9168.210000000001,701.73
778-9897,7695.01,8394.0,5924.3,316.71
778-9898,15087.82,57999.42,23745.24,1008.8299999999999
778-9899,12290.1,50077.700000000004,11572.8,437.2
778-9955,48707.200000000004,52597.100000000006,16995.8,960.34
778-9958,6898.6,13107.220000000001,13437.62,1010.62
778-9965,8140.93,30397.9,5791.93,205.72
778-9975,98611.45,34453.15,81148.12000000001,1078.55
778-9976,7922.3099999999995,10533.0,9715.5,348.82
778-9978,19159.1,33563.74,61691.420000000006,1046.8
778-9979,75047.42,35844.92,54943.439999999995,1330.34
778-9988,8771.0,10954.9,6464.72,396.6
778-9995,7536.499999999999,11784.199999999999,27200.2,636.1
778-9996,14913.4,5719.02,10678.599999999999,510.90999999999997
778-9999,24919.62,26351.43,23977.15,1395.6299999999999
779-5556,7161.2,26402.61,8514.0,559.4300000000001
779-5557,17914.84,68628.4,18798.399999999998,1216.82
779-5559,49840.82,13877.62,8127.0199999999995,545.1
779-5567,10458.02,11750.6,10396.34,665.72
779-5577,23110.33,21468.3,26940.93,709.4
779-5578,11323.8,10619.32,10072.619999999999,547.72
779-5579,4063.8,4333.2,2393.7,147.5
779-5587,24297.84,29343.82,31567.2,1258.8
779-5588,24427.7,63212.7,17856.82,818.5
779-5595,50985.6,19707.12,14184.83,694.23
779-5599,12256.91,23482.420000000002,20562.2,588.02
779-5655,49272.8,5934.9,9187.73,485.93
779-5659,31322.8,11287.2,9519.03,384.21
779-5676,2377.9,2347.4,1929.0,93.7
779-5679,13607.199999999999,12782.199999999999,8035.3,1030.72
779-5696,5768.1,5698.0,4828.12,229.0
779-5757,15596.919999999998,15777.83,15200.22,680.8199999999999
779-5759,31228.92,18974.239999999998,71389.42,1365.42
779-5777,11970.8,11723.4,14423.82,606.12
779-5778,12535.72,13640.9,15492.6,424.92
779-5779,6370.7,12311.8,11454.64,704.42
779-5787,4580.81,23265.0,2952.2,196.1
779-5789,8420.93,26596.52,12384.099999999999,479.52
779-5795,10168.4,8194.8,8248.32,466.40000000000003
779-5796,5451.3,13574.599999999999,6071.91,693.63
779-5859,12069.0,11384.2,12417.3,394.7
779-5875,9792.62,11299.02,5972.01,447.1
779-5877,11269.7,49689.520000000004,15175.2,865.94
779-5885,13300.4,8507.6,12107.54,633.02
779-5888,8361.22,10960.32,7584.8,673.22
779-5899,23198.02,67167.03,25355.6,957.12
779-5955,48487.9,48796.3,5916.5,473.0
779-5957,32857.02,13870.41,11481.91,473.1
779-5965,26343.8,23583.03,20434.8,820.65
779-5967,2296.9,2288.9,23115.41,176.8
779-5969,48126.42,10093.3,25827.33,477.6
779-5977,12883.119999999999,49936.5,17737.1,514.0
779-5978,7004.610000000001,30977.9,8226.9,446.52
779-5997,2258.91,23364.11,4406.5,126.2
779-5998,9342.8,10002.4,10521.6,821.6999999999999
779-5999,30749.87,56475.34,77888.86,1781.84
779-6555,49472.62,54552.0,54938.9,507.32
779-6559,9532.800000000001,6170.8,7681.0,877.02
779-6577,1863.41,2487.7,2730.7,376.59999999999997
779-6578,11390.02,11295.53,31474.0,405.5
779-6579,2260.3,4771.1,4427.8,137.91
779-6586,20440.4,17120.02,20366.899999999998,672.03
779-6589,6506.8,6205.5199999999995,10029.1,466.53
779-6597,9214.33,6000.52,10966.3,675.0
779-6599,5442.7,12158.0,11952.199999999999,252.03
779-6655,6358.599999999999,12390.04,12575.8,606.52
779-6659,28731.43,7579.6,27001.7,308.2
779-6677,8444.0,50182.700000000004,6878.0,474.12
779-6685,11793.42,53376.92,11850.199999999999,407.21999999999997
779-6759,4888.4,23322.1,43694.8,129.4
779-6795,23050.899999999998,2456.31,2625.4,109.6
779-6959,11389.4,7578.7,47175.1,442.2
779-6966,54027.9,11888.1,10559.3,515.92
779-6968,7823.62,8647.6,53000.700000000004,919.2
779-6977,13080.7,11539.02,12671.82,502.03999999999996
779-6978,54061.200000000004,12083.4,9993.92,430.1
779-6995,68017.62,9913.01,10282.3,351.9
779-6996,50684.94,13661.5,8242.3,519.7
779-6998,49679.0,13754.42,47928.9,318.9
779-7557,4903.31,2734.2,2318.6,131.6
779-7575,7103.41,6493.9,6890.099999999999,311.51
779-7576,9046.4,10300.2,8811.22,358.4
779-7577,4208.2,4812.51,2337.1,114.3
779-7579,58174.3,33879.6,14560.93,1011.52
779-7585,18038.51,18333.8,19313.02,1106.74
779-7588,4399.6,2350.4,2329.41,131.1
779-7589,12086.8,9500.0,12996.42,455.24
779-7595,8026.7300000000005,8196.1,6218.2,267.81
779-7597,4243.91,4277.099999999999,4344.71,121.0
779-7598,11161.63,8708.3,12204.11,532.9
779-7599,12250.93,11878.619999999999,8040.13,246.1
779-7676,12627.84,10491.62,11705.32,696.6
779-7678,4197.71,2501.81,2445.3,195.41
779-7685,27128.64,23019.62,24466.699999999997,1049.62
779-7689,13538.22,14870.23,14192.13,793.43
779-7698,40912.11,58245.43,20111.82,1112.73
779-7758,2531.6,4232.599999999999,2387.41,266.9
779-7766,7649.0,5180.3,7488.7300000000005,364.2
779-7775,1794.0,4059.5,4180.0,143.1
779-7776,3940.8100000000004,4160.5,2342.01,116.50999999999999
779-7777,9416.699999999999,17481.600000000002,27640.7,293.21
779-7778,2162.0,4215.3,2473.5,162.4
779-7779,81132.3,39795.44,22331.21,971.9
779-7787,7627.0,50453.700000000004,8490.32,474.4
779-7795,16984.72,13952.11,22737.61,719.73
779-7875,5696.81,27390.300000000003,6700.2,358.9
779-7876,4181.61,4339.4,4362.5,89.7
779-7877,11574.4,8109.42,12908.7,465.12
779-7889,8657.02,49773.72,17729.440000000002,602.0
779-7895,16438.71,37824.25000000001,17575.0,1132.23
779-7899,12630.599999999999,12295.72,11572.619999999999,589.52
779-7955,13311.01,9930.9,10685.0,663.84
779-7957,11394.32,53281.3,11668.099999999999,602.42
779-7975,4546.5,11516.2,11333.9,385.0
779-7979,37441.240000000005,38688.01,44276.22,733.13
779-7985,51983.8,13006.91,15547.619999999999,841.6999999999999
779-7987,2231.9,5059.21,2334.1,62.6
779-7995,13394.92,16219.8,17684.91,1270.64
779-7997,21281.14,63051.91,23035.2,960.8199999999999
779-7998,9148.4,6714.599999999999,6597.32,320.82
779-7999,18387.04,10558.6,8256.33,667.8
779-8555,52412.73,20280.32,58422.299999999996,1370.42
779-8556,11802.14,55753.200000000004,17886.899999999998,373.32
779-8598,17277.42,54989.270000000004,14252.83,902.31
779-8687,4371.7,1840.5,23340.8,202.89999999999998
779-8689,14100.699999999999,9520.1,30942.22,437.0
779-8699,12181.94,12120.199999999999,11588.82,572.12
779-8759,49687.72,12550.5,16586.72,469.22
779-8775,3938.51,2392.6,2201.0,187.8
779-8787,4197.41,2980.1,4275.4,125.3
779-8797,6073.9,48171.6,6732.4,460.3
779-8877,1981.3,2195.1,2312.71,324.6
779-8885,8502.12,7874.42,50409.340000000004,499.14
779-8895,21890.72,11041.5,20609.8,1546.3999999999999
779-8897,9410.720000000001,5568.62,6007.11,551.3
779-8955,6118.0,27744.11,5920.5,357.51
779-8965,6246.599999999999,49331.0,47739.0,410.3
779-8967,7995.12,53936.4,13305.02,387.32
779-8975,7674.83,11926.1,9431.6,380.5
779-8987,7682.71,10907.22,11866.6,239.4
779-8989,18235.74,11131.84,22192.0,787.3199999999999
779-9557,12110.5,18509.14,8268.72,511.32
779-9559,28495.73,18727.72,59795.6,1387.04
779-9575,8279.199999999999,10991.43,18484.13,587.0
779-9576,51335.4,11170.4,9567.3,410.72
779-9577,3936.2,4138.31,3873.1099999999997,184.0
779-9579,7883.820000000001,8235.01,12281.33,524.1
779-9585,12813.62,9902.2,52255.02,1022.9
779-9586,12371.62,12107.42,7310.5,379.72
779-9587,22656.739999999998,27899.32,20400.4,1128.12
779-9588,11727.9,5728.9,5661.31,305.8
779-9597,13743.82,21503.11,19600.7,568.82
779-9599,4080.72,10616.3,9230.33,485.90999999999997
779-9669,13589.0,10263.4,16031.0,458.2
779-9676,8288.9,12271.44,12224.54,1257.12
779-9677,11362.81,7608.71,14495.81,872.8100000000001
779-9678,8227.5,49985.32,11350.8,400.3
779-9679,9447.73,6057.7300000000005,11482.51,382.93
779-9685,10269.199999999999,9517.2,6949.799999999999,252.6
779-9689,5689.2,10537.11,4959.21,451.11
779-9757,10556.4,6046.11,7696.4,404.73
779-9758,6162.3,13005.62,5822.3099999999995,384.02
779-9759,13690.42,8422.22,11904.92,774.0400000000001
779-9767,4099.099999999999,4088.5,2196.0,138.8
779-9775,13690.22,8311.02,15741.9,571.2
779-9776,6696.31,7925.2,10133.01,223.51
779-9777,13814.099999999999,40828.0,33681.4,430.71999999999997
779-9778,47122.2,7688.1,5954.2,483.7
779-9779,6133.22,6476.3,48242.8,444.62
779-9785,2411.61,4137.11,4238.5,141.60999999999999
779-9786,6947.31,8429.0,18546.6,473.84
779-9787,4417.5,23225.9,2259.0,154.5
779-9788,5560.8,6233.22,7765.2,307.71999999999997
779-9797,9608.3,31483.899999999998,48191.42,429.3
779-9798,7719.02,15778.5,50476.8,437.7
779-9799,20247.62,57654.31,23288.53,618.33
779-9856,7114.8,9464.9,12091.6,598.74
779-9857,2244.11,4521.599999999999,1824.0,164.81
779-9859,17891.53,27187.719999999998,99821.51999999999,913.7099999999999
779-9868,14292.22,12337.3,9289.8,537.2
779-9869,9939.699999999999,47769.4,49619.3,404.9
779-9875,6612.7,12779.82,5570.8,377.42
779-9876,11442.71,7749.0199999999995,8076.62,215.3
779-9878,4320.2,4245.900000000001,4219.51,166.1
779-9886,12808.12,11836.6,15863.9,617.12
779-9887,9918.099999999999,7439.2,9820.62,235.22
779-9898,7658.0199999999995,8976.2,11607.730000000001,480.5
779-9957,23050.6,17337.62,18388.02,1417.34
779-9967,7707.599999999999,11502.0,9456.7,430.2
779-9978,47739.32,13574.62,15486.5,649.1
779-9979,9391.0,7292.5,6057.4,462.42
779-9985,70217.53,83814.34,41308.049999999996,1755.9199999999998
779-9987,17494.42,32388.3,19674.1,802.6
779-9989,11493.3,18636.91,11885.92,698.82
779-9999,17711.01,58146.10999999999,19489.0,879.21
785-5569,11207.699999999999,12202.7,12668.519999999999,553.22
785-5687,16433.02,12365.5,8418.22,852.6
785-5688,7347.41,14197.42,30342.31,389.59999999999997
785-5699,49767.0,12404.3,12555.32,561.7
785-5755,12426.699999999999,53402.420000000006,12063.3,772.02
785-5778,51160.6,13926.92,13028.9,552.6
785-5785,23150.11,2143.61,2918.5,160.5
785-5797,15691.599999999999,8253.81,13747.23,716.8
785-5856,11718.71,10095.4,10542.4,988.01
785-5879,8169.3,11950.12,12348.6,526.9
785-5957,51053.520000000004,18664.92,48956.6,604.6
785-5978,12504.42,12107.599999999999,17374.219999999998,448.0
785-5985,29744.93,11672.630000000001,11284.4,484.12
785-5987,4222.51,4458.0,23272.3,168.2
785-5988,91522.5,49932.4,7985.7,497.22
785-5989,7787.13,11993.699999999999,26657.100000000002,411.62
785-6757,2313.6,5318.61,2114.9,123.00999999999999
785-6775,6272.110000000001,4980.5,25207.7,238.7
785-6778,16916.6,11875.6,12273.44,520.3
785-6857,16366.640000000001,53785.92,13457.0,970.5
785-6955,11805.7,71467.7,15875.62,519.2
785-6957,10348.1,10589.699999999999,6009.2,414.62
785-6975,13605.63,21382.899999999998,32018.0,667.3
785-6978,7712.099999999999,12549.32,7642.22,476.5
785-7557,1802.0,2736.71,2308.51,89.4
785-7567,8058.92,17172.12,13540.619999999999,575.02
785-7575,4917.0,4793.799999999999,2143.4,142.4
785-7579,4220.81,23194.7,2226.4,175.1
785-7595,13012.32,12694.699999999999,6367.9,463.4
785-7598,53805.520000000004,8687.1,49709.62,971.0
785-7659,16029.02,11606.32,11060.82,837.8
785-7688,15852.6,9871.8,13133.5,859.62
785-7757,2829.41,3959.1,2104.0,186.6
785-7777,4163.3,2330.51,4268.599999999999,178.51
785-7778,3928.7,23057.21,4222.91,151.7
785-7787,7898.8,12812.82,12116.519999999999,825.62
785-7789,2122.91,2400.5,2565.2,177.5
785-7798,4460.5,4823.2,5087.1,166.9
785-7799,3939.2,2122.5,4311.4,84.11
785-7867,4314.81,2228.0,2471.4,327.7
785-7869,7692.11,47121.200000000004,6213.0199999999995,604.12
785-7878,4969.8,4278.2,3280.2,135.41
785-7885,49974.0,13984.7,17793.9,616.5
785-7955,11848.34,15633.02,14589.4,609.4
785-7957,12423.51,8592.0,12187.4,578.32
785-7966,8263.32,12700.94,10616.72,654.72
785-7969,2860.9,3899.0,2144.51,73.3
785-7985,2483.71,23137.010000000002,2466.4,166.1
785-7997,13242.32,12385.7,15988.84,612.2
785-7998,7124.3,11904.22,12235.92,479.1
785-7999,19693.2,19644.43,31328.7,772.63
785-8578,2176.4,2377.21,2784.4,185.5
785-8579,49572.12,15766.62,9040.42,594.42
785-8598,20490.54,19025.53,14312.5,1065.22
785-8778,54040.0,19100.22,11879.42,361.82
785-8789,4172.2,4325.599999999999,23223.300000000003,220.1
785-8879,52743.799999999996,13246.619999999999,54003.9,614.4
785-8986,6836.3,17449.64,49369.1,541.7
785-8989,7301.2,49404.0,26475.300000000003,433.12
785-8997,11656.74,12336.44,15967.04,434.6
785-9557,5299.7,11252.73,10020.71,227.7
785-9585,3267.8,2078.9,2856.4,98.5
785-9597,10883.81,12042.21,8750.83,785.62
785-9599,11416.130000000001,26742.22,5470.0,336.52
785-9657,34555.299999999996,63722.64,28714.7,1534.42
785-9766,6906.6,7583.7,14001.699999999999,540.0
785-9775,2319.0,3936.2100000000005,2300.1,179.70999999999998
785-9778,2171.81,23317.4,4391.71,142.31
785-9795,5615.2,7259.51,9249.9,526.21
785-9799,18051.22,55756.8,23097.72,688.5
785-9859,11505.5,12180.4,8252.8,493.3
785-9875,15212.92,15807.119999999999,15921.199999999999,573.1
785-9878,13440.099999999999,7695.4,7046.8,389.73
785-9889,12569.6,11766.12,8265.72,625.8199999999999
785-9955,11942.44,13671.54,12074.699999999999,626.8199999999999
785-9957,5235.4,9893.699999999999,11749.0,328.42
785-9969,10241.5,11238.22,9643.71,176.82
785-9975,53610.600000000006,17304.6,13282.619999999999,598.64
785-9978,7468.73,27015.800000000003,7801.71,298.01
785-9985,10448.51,30348.51,6177.2,463.8
785-9989,7918.110000000001,47431.72,6272.0,810.3
785-9997,30543.62,42344.64,21336.81,1305.53
785-9998,7757.4,30956.030000000002,49802.81,361.32
786-5689,7747.2,11863.42,7667.9,300.21999999999997
786-5759,16549.6,12507.54,50491.82,603.42
786-5777,2438.01,4906.01,5180.4,119.7
786-5787,11927.02,7952.9,15846.199999999999,1049.82
786-5797,5726.8099999999995,12666.21,9797.4,239.9
786-5878,2487.1,2424.9,2380.7,87.0
786-5898,10013.699999999999,47873.12,9592.8,344.09999999999997
786-5957,20416.43,20462.63,14171.63,1082.63
786-5978,49714.9,11471.8,10911.4,646.5
786-6575,15837.699999999999,15996.72,8684.9,439.9
786-6588,16761.81,9602.9,14868.220000000001,438.82
786-6779,4014.71,4377.299999999999,2194.2,134.4
786-6786,11936.9,8541.92,53845.94,551.9
786-6977,1826.6,2118.91,2318.2999999999997,173.79999999999998
786-6988,12042.12,9177.52,11851.1,462.71
786-6999,21153.75,17397.61,16238.22,927.6
786-7587,2541.01,4137.41,4137.81,129.4
786-7589,8496.31,9527.11,10184.64,582.23
786-7596,11838.8,50393.49999999999,16520.940000000002,587.1
786-7598,4467.91,2381.0,5184.01,163.41
786-7677,7904.709999999999,7217.4,25611.309999999998,236.6
786-7679,7860.8,8579.0,5786.73,370.4
786-7766,11397.0,54134.4,13146.3,551.4
786-7777,23480.43,21736.8,58089.6,1000.2099999999999
786-7778,2606.2,2094.21,2402.5099999999998,109.0
786-7779,22827.7,2485.6,4832.599999999999,100.31
786-7796,9634.4,15431.109999999999,10074.5,399.5
786-7797,9080.03,8684.02,5833.6,643.22
786-7857,7823.7,12176.199999999999,11505.64,387.44
786-7956,15799.199999999999,11932.8,16221.72,555.3199999999999
786-7976,12290.720000000001,54545.02,15542.22,680.92
786-7978,3980.3100000000004,23945.8,2528.21,128.6
786-7998,5842.0,5363.01,9913.83,350.09999999999997
786-8576,16013.92,56864.04,13243.42,1066.92
786-8698,11644.82,11958.92,11162.199999999999,634.3199999999999
786-8778,23228.8,4238.3,3125.81,171.29999999999998
786-8975,13146.62,13482.4,11792.62,446.1
786-8989,11724.6,12116.119999999999,11793.72,509.32
786-8997,10453.1,10292.800000000001,12168.6,389.0
786-8998,26424.8,11440.699999999999,11037.01,467.2
786-9575,3639.1,2057.3,3857.0,108.41
786-9587,2341.8,4796.7,4168.7,156.7
786-9589,47459.0,8410.1,7725.12,410.6
786-9595,7033.8,9421.6,7423.3,356.51
786-9598,7980.41,6106.9,12388.11,430.11
786-9679,49126.409999999996,6258.0,26560.319999999996,277.82
786-9759,12448.32,12351.099999999999,50587.3,488.9
786-9777,6330.81,25661.01,4980.3,313.3
786-9778,2362.8,2390.9,3752.9100000000003,315.3
786-9779,76024.40000000001,24564.72,31411.6,886.93
786-9797,2900.0,4270.8,5149.5,153.4
786-9798,11755.0,7159.94,13619.3,696.62
786-9799,7022.32,26614.9,6500.599999999999,442.7
786-9977,11615.31,5985.61,9596.4,803.22
786-9978,8426.199999999999,9814.0,6872.61,580.72
786-9979,8289.2,12347.6,5841.7,389.11
786-9987,2212.7,4972.41,2468.8,115.01
786-9989,5261.0,8115.2300000000005,6061.5,378.51
786-9998,11062.91,27971.399999999998,6043.93,382.4
786-9999,7148.0,6429.7,8644.42,389.0
787-5557,4119.7,4739.91,3113.6000000000004,170.7
787-5559,49817.82,8527.83,7283.0,475.4
787-5566,6410.72,12096.8,8595.72,435.62
787-5577,20162.32,24741.36,64980.72,1230.94
787-5689,15021.619999999999,19641.84,12654.7,472.2
787-5698,16356.22,16193.52,7308.2,540.02
787-5756,2357.9,4395.599999999999,2387.2,162.2
787-5776,2322.91,4906.31,23234.3,182.0
787-5789,6459.41,27600.199999999997,26184.21,390.6
787-5795,2039.6000000000001,4204.4,1923.1,142.60999999999999
787-5799,7967.9,14067.32,14027.7,639.92
787-5868,53213.0,8256.199999999999,54021.299999999996,620.24
787-5877,2302.9,2307.5099999999998,2747.2,192.0
787-5878,2005.7,4138.0,2436.8,179.21
787-5879,3726.8,2438.5,2406.01,118.51
787-5897,19064.22,18896.829999999998,16486.91,1525.3
787-5899,64142.32,47841.14,20246.43,1384.73
787-5957,12122.699999999999,49900.22,10716.619999999999,513.82
787-5968,2010.7,2336.7,1970.91,181.6
787-5976,14288.72,12276.6,50119.82,487.2
787-5977,8421.41,6859.82,27363.51,289.71999999999997
787-5979,11230.619999999999,19157.2,24922.12,783.81
787-5987,4233.81,4287.110000000001,4670.91,90.4
787-5989,16242.54,38911.63,41532.62,766.82
787-5998,2730.8,2294.2,2395.5,341.9
787-5999,21901.899999999998,29582.44,46609.619999999995,1007.62
787-6597,7895.9,29477.72,8402.5,509.71999999999997
787-6599,8828.92,12167.42,13193.3,680.3
787-6756,6863.82,14584.599999999999,9918.4,590.4
787-6776,2350.8,2960.2,2476.0,196.9
787-6777,8698.92,8849.4,12538.1,392.8
787-6787,3638.2,23049.7,4116.9,124.1
787-6796,5534.9,7264.92,9405.699999999999,517.62
787-6859,116699.05,15958.550000000001,12495.4,688.1999999999999
787-6865,10632.6,13898.91,11909.0,348.7
787-6877,4934.41,2482.2,2310.91,230.5
787-6879,50701.81,9384.02,5790.63,544.92
787-6895,12517.3,8384.2,8311.8,614.6999999999999
787-6975,2439.1,23004.100000000002,4140.7,129.8
787-6987,14840.4,28734.5,9919.23,483.5
787-6989,14332.52,50952.1,7991.52,554.72
787-6995,10020.5,31077.220000000005,11480.92,313.1
787-6998,24778.56,45427.62,61253.299999999996,920.4
787-7575,4313.3,2363.11,2421.2,179.89999999999998
787-7589,3844.5,2476.8,2443.2,85.61
787-7597,3667.4,4056.1,3908.31,107.39999999999999
787-7657,2371.0099999999998,4360.099999999999,4449.099999999999,392.09999999999997
787-7689,14795.52,53881.32,53572.12,611.9
787-7697,2419.1,23275.510000000002,4348.9,174.79999999999998
787-7699,5745.3,30772.71,7959.7,391.82
787-7757,12449.62,14299.22,19340.5,565.6
787-7758,3769.7999999999997,2250.5,2474.21,146.0
787-7775,57750.56,24255.93,25174.11,1289.61
787-7776,2186.21,2289.1,2224.01,119.8
787-7777,2157.9,2271.01,23002.2,164.4
787-7779,47336.200000000004,9499.609999999999,67868.42,325.21999999999997
787-7797,2150.0,4234.4,2298.81,164.79999999999998
787-7856,3695.7,5126.9,4366.599999999999,107.31
787-7887,2073.9,2153.3,23117.600000000002,364.7
787-7955,8900.02,50082.5,12514.9,528.8
787-7977,2112.5,2390.8,4146.8,188.9
787-8587,2401.31,5190.7,5806.400000000001,154.3
787-8589,6020.610000000001,8750.82,14278.699999999999,426.0
787-8597,3610.0,4408.4,2298.11,126.2
787-8695,53318.92,53564.020000000004,12741.9,1555.8999999999999
787-8769,51921.82,13256.0,15669.12,500.9
787-8878,29743.22,12496.199999999999,12058.3,432.8
787-8887,53824.4,12057.42,49887.7,462.34000000000003
787-8898,12416.82,15098.92,10054.619999999999,503.62
787-8955,12867.6,23055.4,23127.3,152.10999999999999
787-9555,12455.24,15832.74,13900.8,483.09999999999997
787-9565,27090.9,8601.52,6704.3,274.0
787-9575,11584.4,47695.41,11254.0,453.29999999999995
787-9579,4132.4,2178.4,2718.5,107.81
787-9589,22349.75,28999.14,24841.12,1537.31
787-9657,9789.01,12062.199999999999,11860.92,691.8
787-9697,2166.01,4383.0,3884.7999999999997,369.8
787-9699,47651.11,8274.199999999999,13663.42,716.5
787-9755,98811.44,20462.94,26019.82,933.96
787-9756,22723.11,2396.7,4618.41,61.71
787-9767,25279.71,25695.800000000003,5357.71,241.91
787-9769,91466.79999999999,8295.23,13652.699999999999,505.54
787-9775,4500.5,3427.8,23290.3,207.70999999999998
787-9777,4135.8,2413.4,4889.21,120.8
787-9779,22908.5,3013.81,4420.599999999999,168.2
787-9786,11604.0,12638.8,12209.4,523.7
787-9787,3359.2,23449.4,2383.5,88.4
787-9789,11131.5,32311.9,47549.4,309.52
787-9796,1916.8999999999999,2521.7,2549.81,329.2
787-9797,5574.6,12456.199999999999,9418.71,355.9
787-9799,29112.4,10469.01,50051.12,325.02
787-9855,11513.5,12003.6,12049.5,466.2
787-9859,2228.11,23406.600000000002,4337.5,132.6
787-9867,3043.01,4271.0,2311.1,146.2
787-9869,56231.21000000001,20158.3,23747.22,749.04
787-9876,2038.11,4120.7,2103.21,103.89999999999999
787-9885,15926.0,12201.12,54558.4,396.2
787-9899,4770.5,23275.699999999997,2557.8,152.5
787-9959,12304.0,70249.7,13444.630000000001,594.8
787-9977,7365.5,5883.4,50597.23,379.59999999999997
787-9979,10369.22,10221.220000000001,11031.1,382.42
787-9996,9748.71,6194.8,6309.91,306.0
787-9998,15920.8,16065.5,8380.12,563.32
788-5558,11741.64,11644.92,50420.700000000004,679.02
788-5586,8822.92,55104.200000000004,11041.3,940.12
788-5596,12087.4,14906.9,13931.619999999999,325.9
788-5598,12343.32,15834.9,8501.54,725.52
788-5667,8322.7,34390.600000000006,8883.4,1053.2
788-5688,50050.700000000004,12236.52,8628.82,988.4
788-5758,12502.02,12050.4,7978.5,1038.1
788-5785,4545.400000000001,4352.0,2500.8,126.00999999999999
788-5858,12314.24,52729.12,50415.04,505.7
788-5877,12878.7,55445.8,11897.199999999999,816.3
788-5959,12646.72,11960.12,14056.92,367.1
788-5985,11311.5,11790.42,9776.92,390.71
788-6557,48834.420000000006,8457.0,51290.62,387.0
788-6577,2693.1,4738.01,4085.6,129.6
788-6579,10459.8,13139.31,11223.4,757.4
788-6658,11980.82,17425.899999999998,12078.3,369.12
788-6677,3060.91,23145.5,2707.7,97.1
788-6679,6398.43,26597.32,6003.8,226.8
788-6755,48913.520000000004,13134.6,12297.6,547.32
788-6795,10036.84,15975.619999999999,9199.619999999999,303.1
788-6856,11224.02,16436.1,9670.1,493.12
788-6879,8586.52,54677.82,13746.8,447.52
788-6977,14818.94,32294.100000000002,19467.53,746.3
788-6979,11763.54,12299.92,12551.099999999999,968.9
788-6997,10576.42,31710.1,13557.119999999999,521.8199999999999
788-6999,14458.5,9943.13,73340.71,260.9
788-7558,2585.51,4306.11,4713.0,177.4
788-7567,4683.5,2245.0,3181.2,92.1
788-7569,10062.0,5367.1,6954.8,308.9
788-7577,12081.5,13494.2,11154.2,830.6999999999999
788-7598,11994.82,15472.04,53597.62,226.22
788-7659,15025.6,7659.0199999999995,16069.82,599.72
788-7755,7748.22,30880.600000000002,8562.1,658.52
788-7757,5012.6,4379.01,4224.2,218.6
788-7759,25583.92,23420.850000000002,103797.12,1333.6
788-7767,4247.2,4451.8,2096.0,186.79999999999998
788-7777,23036.2,5956.71,5930.41,119.3
788-7786,2226.9,2601.5099999999998,4068.8,151.0
788-7787,3819.0,23269.41,2476.4,344.8
788-7789,7114.2,26667.73,6368.0,482.5
788-7795,16318.02,8015.32,11500.62,393.32
788-7799,6000.7,10058.52,9799.52,405.59999999999997
788-7876,3878.61,2339.5099999999998,2379.9,203.7
788-7896,9884.83,13675.43,12325.33,579.5
788-7969,11581.22,7909.2,9434.2,463.59999999999997
788-7977,11098.02,11335.199999999999,50410.8,870.8199999999999
788-7978,3983.7,4112.9,4304.8,140.31
788-7979,5897.12,8826.5,12449.24,534.0
788-7986,5800.8,6647.4,6270.099999999999,367.0
788-7998,7729.9,9265.0,8272.02,312.93
788-8585,11073.029999999999,16021.6,10193.6,959.71
788-8587,13084.92,15166.62,13099.6,510.09999999999997
788-8678,16231.6,12477.02,12193.92,335.62
788-8755,17916.0,50328.020000000004,14087.9,551.12
788-8757,8089.5,12764.52,12783.62,713.7
788-8797,11284.93,14653.6,23771.8,567.52
788-8897,12803.61,2289.3,2531.8,158.8
788-8899,20040.91,5570.1,7878.719999999999,398.4
788-8998,13516.9,11720.92,51242.62,503.02
788-9558,6349.31,7910.610000000001,8580.3,469.0
788-9568,49807.3,8165.9,8479.42,528.8
788-9577,2385.5,2361.6,2534.7,331.31
788-9579,11240.42,10965.220000000001,10098.42,525.03
788-9585,58443.94,42860.54,63068.66,1763.72
788-9657,6860.84,12049.44,8340.32,591.8199999999999
788-9679,11731.22,11898.699999999999,16065.22,565.5
788-9777,6045.299999999999,4233.5,6235.01,113.39999999999999
788-9779,101078.8,56927.9,18562.2,914.2
788-9867,7777.62,12414.3,12506.099999999999,497.4
788-9879,38983.920000000006,49831.2,29155.92,1183.34
788-9888,14056.02,12404.9,50836.5,494.32
788-9896,7622.719999999999,7836.599999999999,5814.43,429.42
788-9899,13323.32,14645.199999999999,8033.9,549.92
788-9959,11680.42,15537.9,50439.3,644.4
788-9969,28981.420000000002,91815.8,49887.020000000004,649.12
788-9989,12042.32,9937.9,50547.2,590.12
788-9998,14982.8,15454.699999999999,11701.699999999999,595.5
788-9999,7797.92,18730.14,14382.1,515.7
789-5577,7961.42,12287.6,7653.62,363.4
789-5579,4430.299999999999,2518.8,2489.8,132.0
789-5598,16635.8,50054.92,72589.9,423.0
789-5599,12351.82,48129.1,6719.9,359.2
789-5675,14374.5,50048.560000000005,28982.44,1099.62
789-5677,2320.7,5102.7,4453.8099999999995,181.1
789-5679,5792.3,12624.3,7577.43,375.42
789-5699,12932.9,8066.2,13886.699999999999,384.41999999999996
789-5756,5665.0,8085.0,6073.3,360.82
789-5775,67738.42,34705.799999999996,23132.8,1632.82
789-5776,47314.11000000001,9178.43,26847.02,475.52
789-5779,2375.3,4732.9,2865.2,138.0
789-5789,9693.3,7433.02,10184.699999999999,476.5
789-5795,46414.12,10327.9,5574.1,424.51
789-5797,61990.82000000001,62226.520000000004,69401.42,1591.12
789-5857,50038.72,11079.24,11979.24,1067.54
789-5878,5075.599999999999,11423.4,8394.62,416.33
789-5889,10921.119999999999,53639.2,8155.8,685.8
789-5897,4344.0,5563.8,7372.63,466.8
789-5968,9176.199999999999,5622.3,9118.31,392.7
789-5977,34026.7,12073.1,12206.5,594.22
789-5987,7715.92,51515.5,8931.9,875.72
789-5988,19680.94,17256.82,22599.1,876.24
789-5997,11407.6,8743.6,6087.7,796.1
789-5998,8479.42,5860.0,46566.2,626.8
789-5999,5921.22,7784.82,7526.4,316.3
789-6569,11293.3,12654.4,7490.299999999999,436.59999999999997
789-6659,11518.94,49886.12,8600.1,577.9
789-6775,13337.2,10820.22,20610.699999999997,769.53
789-6798,8182.84,15384.22,16648.5,508.52
789-6877,50037.520000000004,6678.02,17844.12,442.12
789-6885,13142.32,50504.399999999994,12011.72,390.12
789-6887,3999.6000000000004,2814.1,2337.2,145.89999999999998
789-6889,7454.4,6731.4,10679.099999999999,453.8
789-6955,11548.7,12622.6,17782.34,404.8
789-6975,11203.3,5580.92,10232.1,417.52
789-7576,11198.1,14881.1,10705.130000000001,716.82
789-7586,8047.9,14225.52,10183.42,1036.2
789-7596,9380.32,6277.7,7002.610000000001,339.02
789-7597,6737.7,7954.9,7707.610000000001,390.4
789-7599,58071.21,58219.7,33255.7,1109.6200000000001
789-7657,4374.31,4108.91,4210.4,325.5
789-7658,54540.22,54277.920000000006,12370.9,729.22
789-7759,7177.72,12403.119999999999,91215.52,473.5
789-7775,15011.9,15260.51,13502.52,719.91
789-7787,2361.0,2428.9,4252.2,117.3
789-7789,15915.9,12040.4,12353.1,306.21999999999997
789-7875,1756.4099999999999,2219.4,2463.1,169.41
789-7877,30402.02,244118.62,31662.219999999998,1652.34
789-7887,9522.2,5656.3,30488.600000000002,690.5
789-7895,4885.91,5702.4,5811.0,759.23
789-7959,10121.4,33964.12,12507.22,500.1
789-7975,2423.9,4186.2,4360.1,141.2
789-7977,4136.8,4138.799999999999,2310.2,175.2
789-7985,50457.2,8755.22,16616.02,470.6
789-7989,63987.520000000004,18782.92,21410.02,1111.62
789-7997,11814.4,13110.02,8139.1,386.09999999999997
789-8597,8800.12,12228.9,6494.4,767.02
789-8659,15570.599999999999,8221.22,16476.0,952.82
789-8686,12192.6,12009.52,8224.6,607.62
789-8757,11636.8,11621.619999999999,17379.52,733.02
789-8767,2256.9,2186.5099999999998,4044.81,132.7
789-8896,11103.72,9008.82,7903.3,449.6
789-8898,10676.8,18823.3,54373.8,888.0
789-8955,16862.100000000002,26802.100000000002,30782.2,347.93
789-8967,6618.32,47888.899999999994,6182.32,333.1
789-8977,3793.0,1855.8999999999999,3861.5,309.2
789-8997,5280.5,5460.62,9961.2,411.2
789-9559,12221.7,49054.24,53676.62,492.6
789-9565,37359.020000000004,23268.32,22116.22,1072.2
789-9578,49252.99999999999,16073.140000000001,12132.8,558.92
789-9579,11071.6,5372.0,10919.42,375.51
789-9595,7987.2,49817.200000000004,8967.5,431.62
789-9597,14266.02,12554.3,12608.42,612.5
789-9599,11581.51,7737.22,27281.6,431.0
789-9659,7937.910000000001,7251.33,12449.0,528.3
789-9685,63580.2,16424.64,64907.04,1033.52
789-9688,7885.04,11772.24,11807.02,493.71999999999997
789-9695,12325.119999999999,13704.099999999999,11987.22,452.82
789-9756,27691.74,8097.400000000001,15943.51,222.91
789-9758,9535.21,28961.4,8673.32,857.02
789-9767,4299.3099999999995,30763.700000000004,10812.630000000001,311.3
789-9785,7125.22,15401.02,12303.4,528.82
789-9787,11897.4,8290.6,7201.2,478.6
789-9788,16003.2,15766.7,12180.92,434.0
789-9795,12037.72,5794.8,26681.2,786.11
789-9856,11180.119999999999,8798.4,12545.5,352.40999999999997
789-9859,5585.91,28471.62,7934.2,387.4
789-9876,9569.23,8044.9,8358.61,251.5
789-9877,35020.72,21947.12,20589.82,1031.62
789-9887,11935.32,15699.42,13816.24,512.3199999999999
789-9899,13268.8,26887.6,10361.699999999999,355.7
789-9958,47299.310000000005,26663.0,6397.7300000000005,365.71999999999997
789-9975,20826.1,35055.520000000004,55626.43,839.3199999999999
789-9978,7995.4,11694.4,15401.1,497.9
789-9996,8798.199999999999,6010.62,9915.61,823.5
795-5555,6251.82,16204.800000000001,13341.1,370.21999999999997
795-5568,16369.9,12217.7,8118.32,531.5
795-5575,2348.9,2471.31,2353.1,176.4
795-5579,15526.82,50054.9,16353.92,704.42
795-5585,15544.32,12125.699999999999,12318.4,445.4
795-5587,49871.5,11418.42,12234.82,482.4
795-5595,5870.2,5922.3099999999995,9351.599999999999,346.4
795-5596,8630.3,8205.1,17872.02,366.6
795-5597,11329.22,53349.12,13558.119999999999,561.52
795-5656,11200.82,11822.3,7290.3,509.0
795-5679,92496.7,14777.0,9815.0,512.1
795-5685,12367.92,8475.32,12653.02,524.0
795-5755,54704.2,17250.2,8468.82,570.54
795-5776,3831.5999999999995,5979.21,4695.11,118.5
795-5777,7817.42,11847.24,7541.5,318.82
795-5778,7800.4,15661.199999999999,11871.619999999999,346.59999999999997
795-5779,2163.7,23052.9,4084.8100000000004,164.5
795-5787,16023.9,20513.3,38730.2,874.53
795-5788,17793.2,20789.4,35376.32,490.21
795-5789,17944.12,19601.9,37686.54,831.13
795-5796,5853.7,10001.2,5818.42,293.6
795-5799,47504.82,68412.8,49476.51,460.4
795-5859,29203.8,35510.43,21152.32,1119.92
795-5865,11658.8,15583.220000000001,11442.8,762.42
795-5867,12011.32,11362.7,8711.82,530.62
795-5875,3950.11,2642.4,4463.8,183.01
795-5877,2149.21,2301.01,4266.01,180.4
795-5887,15009.32,16633.12,12187.2,571.1
795-5889,16809.74,54329.2,14433.4,662.6
795-5895,11187.730000000001,10417.12,7706.9,462.43
795-5897,9658.630000000001,5831.83,50118.41,438.4
795-5898,9347.31,10185.5,8362.199999999999,401.24
795-5959,52769.1,13746.92,54205.3,681.42
795-5976,7504.92,17492.42,11434.9,481.21999999999997
795-5977,2253.7,2493.01,4443.8,191.4
795-5979,5455.0199999999995,9913.630000000001,8185.419999999999,388.8
795-5986,11441.5,12594.4,49967.520000000004,976.8
795-5987,3939.9999999999995,4386.6,23226.410000000003,165.01
795-5988,15535.92,21034.12,40156.6,760.3299999999999
795-5989,11458.4,12087.6,27233.329999999998,398.90999999999997
795-5997,4348.7,2396.8,5050.6,158.6
795-5998,8600.5,12447.0,13742.12,846.6999999999999
795-5999,11886.82,6104.9,10984.6,404.0
795-6575,4107.1,4978.4,2191.3,111.3
795-6579,11884.32,53327.3,11627.7,553.62
795-6586,6240.43,15573.599999999999,17203.2,495.21
795-6595,11884.02,8199.62,5274.8,269.1
795-6696,10028.82,12226.720000000001,12262.7,477.42
795-6697,72116.8,53431.52,17881.5,1212.8
795-6758,11397.22,30043.300000000003,12396.5,692.34
795-6769,49206.22,16166.5,12379.9,1402.72
795-6776,2485.5,2275.51,2549.2999999999997,183.2
795-6777,2382.7,2521.8,4839.7,140.8
795-6779,10019.220000000001,10670.6,12880.4,330.3
795-6795,4354.41,4225.71,4436.6,176.4
795-6796,5829.82,8503.91,10073.9,451.4
795-6799,4826.01,23300.3,2569.4,378.0
795-6856,12485.42,11518.32,11742.82,1260.2
795-6877,7197.32,50092.12,13557.52,458.02
795-6878,15179.199999999999,18170.899999999998,53780.8,356.1
795-6885,12300.119999999999,49586.02,8746.42,524.7
795-6897,34716.1,14181.92,12801.699999999999,568.3
795-6899,26334.2,5879.02,8010.5,329.40000000000003
795-6958,50063.3,16116.220000000001,6066.3,591.52
795-6967,4076.2,3825.81,3838.61,84.71000000000001
795-6969,10026.6,5625.3,9324.0,336.82
795-6977,4001.7,3728.4,2517.9,109.0
795-6995,7956.21,7477.93,8173.5,501.7
795-6997,5795.82,7970.0,7044.0,382.12
795-6999,8228.31,30608.8,10112.4,653.0
795-7559,5930.61,6599.2,4738.91,253.4
795-7579,2018.6,2517.4,4898.6,94.19999999999999
795-7597,4156.7,4503.0,8196.11,257.51
795-7599,8808.5,9938.62,8398.02,305.1
795-7676,2188.11,2346.8,4217.9,313.29999999999995
795-7678,6880.0199999999995,13692.5,11302.72,405.6
795-7679,4923.21,4735.820000000001,13050.8,301.7
795-7697,23321.510000000002,23063.5,4228.5,117.8
795-7699,6083.7,10429.02,7203.7,732.5
795-7775,2241.31,2354.4,2436.4,184.2
795-7776,4132.61,25387.4,6325.599999999999,320.11
795-7777,2415.0,23234.91,23194.100000000002,105.81
795-7778,4089.7,2098.6,2430.5,119.1
795-7779,17192.0,12376.9,11644.31,844.23
795-7785,6495.509999999999,28152.22,28060.210000000003,343.51
795-7787,9371.8,10357.4,10400.8,512.91
795-7788,2448.0,2372.8,23761.5,192.7
795-7795,5582.31,10101.6,5860.22,458.62
795-7796,9039.8,5900.0,6120.42,824.0
795-7855,11724.42,11672.92,9426.32,702.4
795-7856,20313.63,54586.33,16707.73,807.3
795-7857,15451.599999999999,16848.02,8454.699999999999,410.9
795-7877,2351.4,4137.5,3460.5,125.00999999999999
795-7879,1999.0,23406.399999999998,4252.7,159.91
795-7889,2131.8,2611.6,1946.2,149.8
795-7897,10825.199999999999,11067.8,7433.8,363.51
795-7898,4357.5,2365.6,4824.8,170.3
795-7899,13302.4,71043.5,9957.53,660.51
795-7957,11676.02,17705.24,12554.55,1351.62
795-7959,6152.62,13015.5,12632.51,380.32
795-7965,2382.7999999999997,2202.8,3851.7999999999997,160.8
795-7968,3924.21,2257.6,2148.8,114.89999999999999
795-7975,53791.72,12772.0,53624.200000000004,656.8
795-7979,16595.61,14102.62,14598.5,1065.91
795-7987,2193.4,2268.8,23172.100000000002,159.9
795-7988,7590.599999999999,12377.64,11963.42,643.12
795-7997,21034.72,43353.11,78445.92,630.51
795-7998,3915.2,4441.4,2244.9,139.0
795-7999,4066.1,4565.11,4255.6,147.0
795-8577,15883.4,14483.03,18443.2,796.8299999999999
795-8595,11376.72,50016.9,12961.7,630.72
795-8758,25917.2,26343.32,38417.3,1160.84
795-8767,2440.7,2462.6,5189.099999999999,172.8
795-8778,11810.11,35445.2,16795.31,834.6999999999999
795-8785,50014.4,12272.119999999999,9284.72,528.1999999999999
795-8797,12287.199999999999,49752.2,9048.9,388.7
795-8798,23008.51,38236.22,17604.71,1018.64
795-8885,8389.32,12710.1,7317.2,564.8
795-8967,9872.0,10895.9,13728.6,419.3
795-8977,15855.0,12273.199999999999,15788.94,586.4
795-8985,11965.02,8101.3,7223.8,340.1
795-9557,4028.5999999999995,4236.41,23299.01,179.7
795-9559,23084.21,29606.93,88873.74,1499.6200000000001
795-9575,2321.1,3937.4,4330.31,164.01
795-9578,12340.42,13690.02,8147.92,678.9
795-9579,2898.91,3661.5,2182.31,88.81
795-9589,24949.5,23934.8,105938.2,1853.42
795-9595,6011.22,28805.000000000004,49762.11,420.31
795-9597,15891.92,20796.5,22453.63,747.21
795-9598,16372.599999999999,8222.5,15942.62,1129.8
795-9599,7235.429999999999,6856.4,5909.23,319.43
795-9688,7502.7,11901.32,12697.04,589.0
795-9696,9650.31,5574.62,11464.7,485.0
795-9697,31335.61,67996.6,7861.9,381.3
795-9698,10819.82,11547.44,92010.82,661.22
795-9755,2216.0,2545.8,23315.3,68.1
795-9757,10882.199999999999,10636.63,13167.5,678.02
795-9768,4174.799999999999,2225.8,2278.0,126.2
795-9776,6496.5199999999995,47832.7,9881.1,373.7
795-9779,7609.92,49309.6,11049.33,364.23
795-9785,49188.520000000004,30041.91,12043.5,864.71
795-9788,6308.9,6482.9,27879.4,387.8
795-9795,11371.8,8318.4,12199.32,550.12
795-9798,9987.4,11485.92,14615.02,370.4
795-9799,10307.82,12406.699999999999,13988.8,634.6999999999999
795-9878,2174.6099999999997,23187.11,23314.300000000003,167.4
795-9889,20825.84,21516.739999999998,20224.44,1025.24
795-9898,12985.73,72732.45,34938.82,1163.3999999999999
795-9899,6152.599999999999,6831.9,6144.3099999999995,455.72
795-9955,5643.4,11541.52,26725.2,297.3
795-9957,7798.5,5901.73,11727.099999999999,366.41999999999996
795-9959,53678.4,7840.599999999999,17442.62,776.82
795-9965,5694.9,5714.9,7238.3,785.2
795-9968,13148.130000000001,15415.34,20157.2,594.8
795-9977,12017.32,15906.4,11983.7,567.72
795-9985,6976.219999999999,9385.3,47876.5,392.4
795-9988,11736.02,12570.32,7802.9,444.1
795-9989,9340.62,9624.3,30194.5,327.42
795-9998,19215.6,16908.72,17267.6,654.32
795-9999,16883.91,16059.24,17095.899999999998,976.9100000000001
796-5567,2150.8999999999996,2211.71,22889.02,174.6
796-5569,6184.7,5969.32,47605.82,486.7
796-5578,48050.0,13539.24,50243.42,375.12
796-5587,17133.22,53537.0,8145.099999999999,676.1
796-5677,4190.8,2368.1,2328.6,147.71
796-5699,11303.220000000001,9367.800000000001,9560.42,330.51
796-5759,52282.2,26734.2,25177.22,1194.45
796-5775,7164.92,16003.3,54369.72,486.5
796-5779,2405.5,4173.599999999999,2512.7,164.91
796-5787,18815.73,53596.6,16397.62,608.43
796-5789,2331.01,2397.31,4741.31,153.4
796-5797,7753.22,13619.72,12010.64,535.0
796-5798,11772.6,9644.24,7807.9400000000005,329.7
796-5799,65131.7,15067.32,43446.240000000005,1144.93
796-5857,9572.74,8138.82,11932.1,870.22
796-5858,29498.4,7868.12,16426.5,611.92
796-5867,11454.4,8072.4,16288.619999999999,478.5
796-5868,8180.3,16909.62,31077.4,452.6
796-5876,15196.119999999999,11736.9,7484.0199999999995,579.52
796-5888,14737.42,20294.52,16243.0,639.23
796-5987,11196.210000000001,5988.9,7728.8,726.9300000000001
796-5989,5498.53,6015.13,8477.23,451.71999999999997
796-5995,22054.12,52089.630000000005,24035.43,1609.94
796-6597,9902.52,49131.799999999996,11727.0,809.52
796-6755,7852.4,12330.6,8438.4,387.34
796-6775,12065.42,50115.12,16063.119999999999,638.7
796-6798,11348.72,9432.44,55468.52,521.42
796-6965,12172.619999999999,16772.54,8763.1,998.0
796-6997,3851.4,2460.7,4318.3,114.8
796-6999,11210.599999999999,10574.1,11473.5,360.82
796-7578,3940.5,4213.2,22992.02,96.31
796-7656,50254.7,11997.4,8363.42,495.09999999999997
796-7659,4894.9,23211.8,2069.3,122.8
796-7687,6214.8,8477.92,16112.42,969.8
796-7698,3860.3999999999996,2420.9,4249.3,330.0
796-7785,13589.13,9306.43,11100.4,636.3299999999999
796-7786,2434.0,2515.41,4811.4,188.6
796-7795,15678.5,9924.300000000001,53748.0,525.42
796-7868,8457.24,7895.099999999999,16349.199999999999,1272.5
796-7888,23144.600000000002,2278.71,2395.0,177.91
796-7895,2524.2,2909.4,4292.6,155.20999999999998
796-7897,2080.0,2512.3,4121.9,126.39999999999999
796-7899,5306.6,6228.82,7576.7,331.0
796-7995,10226.599999999999,11834.8,12884.02,617.0
796-8565,6907.34,15816.82,15902.92,355.02
796-8587,3941.2,3835.8100000000004,4514.4,147.5
796-8589,9142.199999999999,6715.13,7914.12,421.7
796-8665,12520.9,12620.62,12365.1,508.40000000000003
796-8765,10605.42,16401.62,13208.52,559.1
796-8768,11990.52,12209.5,53831.600000000006,541.52
796-8775,2368.4,2285.11,23520.100000000002,199.11
796-8867,8816.62,18257.4,53383.9,1054.22
796-8988,11124.3,12106.8,16860.5,509.0
796-8995,9615.5,9613.11,69019.3,395.73
796-9559,11404.94,15490.099999999999,13226.62,830.62
796-9576,3862.6,2284.7,2544.5,181.7
796-9578,6155.5,6251.9,48104.72,365.52
796-9579,26508.54,66285.63,25778.73,1715.93
796-9596,12021.199999999999,9986.8,47898.02,380.6
796-9656,12265.32,11545.5,14494.599999999999,334.1
796-9659,8607.3,68498.20000000001,7129.82,269.9
796-9698,10567.599999999999,9707.5,7557.0199999999995,512.22
796-9768,8607.6,14703.62,8286.72,510.5
796-9777,11150.01,9149.21,7167.2,412.91
796-9797,50506.62,9861.9,5914.0,449.01
796-9799,47739.01,6165.71,6044.1,319.21999999999997
796-9869,9867.4,12054.82,34003.62,784.92
796-9888,26726.52,9889.93,48001.32,540.91
796-9895,21631.02,18706.920000000002,19910.8,1042.31
796-9965,9629.82,9532.6,15909.119999999999,558.3
796-9968,11549.62,12114.0,12307.8,289.54
796-9978,4344.9,2302.4,2396.3,143.8
796-9979,10241.11,30192.0,11590.91,459.31
796-9986,4947.5,5926.13,8199.4,396.7
796-9989,10587.42,12542.1,8274.22,672.9
796-9998,12159.02,10062.0,6116.5,402.3
796-9999,7874.33,26825.399999999998,11595.11,402.31
797-5558,8172.34,15994.44,8500.32,547.72
797-5559,8582.52,51745.6,11793.9,500.59999999999997
797-5576,43933.8,24992.420000000002,1800.1100000000001,145.1
797-5577,3899.9,2337.1,2236.4,119.7
797-5579,2428.7,4385.2,2455.4,411.5
797-5588,16514.82,14243.42,16095.7,296.8
797-5589,16612.02,8208.72,30391.0,328.52
797-5595,16856.72,8879.02,8651.3,417.40000000000003
797-5597,15523.81,14285.130000000001,13928.01,483.8
797-5599,6066.92,8108.099999999999,47611.6,731.72
797-5679,13328.41,8537.6,10802.4,952.81
797-5685,12313.42,11703.62,53422.520000000004,378.40000000000003
797-5687,2429.5,4328.4,2519.3,112.7
797-5689,12625.0,17305.92,8283.22,535.12
797-5758,54093.8,12460.82,51265.700000000004,351.6
797-5759,15586.519999999999,52415.72,14205.4,443.03
797-5768,4785.610000000001,2409.0,4328.5,93.61
797-5775,7297.9,12412.2,8343.0,468.6
797-5777,15985.519999999999,18805.52,14437.5,450.5
797-5778,7772.6,11874.099999999999,50057.3,318.4
797-5779,3862.81,4179.5,4591.5,149.41
797-5785,3805.2999999999997,2083.1,4083.6,141.2
797-5787,2333.1,4423.2,2385.5,171.5
797-5789,21604.7,24117.12,25805.82,1144.6399999999999
797-5795,8537.7,8251.84,54118.42,505.42
797-5797,12605.02,18694.41,56012.0,929.7
797-5799,11436.6,11607.210000000001,6103.0199999999995,522.22
797-5855,2706.7,3350.4,4344.7,142.3
797-5867,12041.1,8416.72,8425.5,561.1
797-5868,49922.32,12028.9,12396.3,623.4
797-5875,4386.3,23198.3,4361.599999999999,331.8
797-5876,4206.71,4170.3,2310.2,145.3
797-5877,10130.519999999999,8468.8,8537.92,370.7
797-5878,11990.32,8824.82,12832.619999999999,983.82
797-5885,8705.52,53740.3,50548.799999999996,656.1
797-5895,21352.420000000002,80931.26,33359.84,1001.41
797-5896,8457.130000000001,12659.4,9818.1,438.52
797-5897,66966.3,106212.54000000001,53306.22,1696.74
797-5957,4076.7,4179.099999999999,4140.9,171.2
797-5959,11640.0,11775.9,11661.0,436.8
797-5965,7954.72,12091.84,8292.72,564.4
797-5977,2389.0,13209.5,4586.6,97.61
797-5995,2459.6,2385.01,4287.6,176.01
797-5997,10980.3,9938.82,5781.6,504.52
797-5999,9840.7,17139.0,10696.5,304.91
797-6555,11144.1,11879.24,16219.8,909.0
797-6558,2158.81,2052.4,2332.4,69.9
797-6568,2151.0,4160.5,4024.71,343.71000000000004
797-6595,11915.8,8555.12,7938.7,882.8
797-6687,2060.3,4356.3,2385.0099999999998,120.2
797-6697,8262.3,8383.9,8442.04,451.8
797-6769,4138.5,4287.799999999999,4319.5,199.7
797-6776,8442.02,11936.5,12349.82,556.1999999999999
797-6777,75737.22,55951.3,20527.74,437.93
797-6779,19170.14,19861.3,14041.9,778.12
797-6789,54484.240000000005,24439.12,20980.44,1116.84
797-6797,41601.83,84116.14,60443.53,1132.13
797-6799,9700.42,11796.9,5802.6,835.0
797-6857,6998.5,71078.5,16713.43,495.03
797-6869,53993.100000000006,7929.5,15772.32,570.54
797-6875,4069.0,5481.51,2144.61,110.81
797-6895,6027.8,12719.82,5884.5,371.12
797-6898,8614.1,12526.2,15705.099999999999,648.8399999999999
797-6955,12320.1,53913.6,53682.14,1035.8
797-6969,7983.3,50059.5,12418.4,556.5
797-6975,7897.82,7888.22,17748.5,683.52
797-6989,7255.42,7895.62,7889.21,221.72
797-6998,15448.199999999999,11046.44,15696.12,476.24
797-6999,8507.199999999999,12377.92,13613.32,1074.82
797-7555,7598.72,14440.54,12491.52,660.0
797-7557,12458.32,12445.82,71661.72,461.24
797-7558,5282.01,23068.41,2149.7,139.6
797-7567,22971.4,4127.8,2749.0099999999998,131.4
797-7575,7492.5,17016.52,16061.74,929.72
797-7578,6989.1,4516.5,5373.51,243.01999999999998
797-7579,14296.619999999999,16103.13,20238.899999999998,734.62
797-7587,12711.84,51611.520000000004,8685.3,591.82
797-7588,8281.52,16222.7,11914.119999999999,622.8199999999999
797-7595,12515.3,11465.699999999999,55228.92,390.22
797-7596,10987.22,14508.1,52427.82,668.55
797-7599,4352.9,2243.7,23362.2,104.5
797-7659,4862.6,23132.4,2353.1,137.4
797-7667,8439.11,27567.6,6843.22,293.21
797-7675,16160.5,25787.5,24130.42,1196.72
797-7686,23114.3,4345.91,4479.01,154.6
797-7697,3987.5,2070.4,4805.1,121.10000000000001
797-7698,2059.4,2211.6,4018.81,193.0
797-7699,2256.2,4100.4,4132.9,146.8
797-7755,15231.12,17197.52,15801.42,638.6
797-7756,11247.699999999999,12208.7,8857.82,582.8
797-7757,2437.61,2451.6,2311.8999999999996,146.29999999999998
797-7766,4472.5,4825.8099999999995,9176.5,554.1
797-7775,6574.0,8072.91,4804.3,280.31
797-7777,30967.3,55956.4,25338.2,1045.32
797-7779,8482.24,8437.82,17479.62,571.92
797-7787,2047.8,2109.61,2248.1,193.41
797-7788,52061.240000000005,14501.35,16585.32,709.9
797-7796,8311.72,11924.6,7264.099999999999,482.91999999999996
797-7797,10942.03,35907.71,32359.32,805.94
797-7798,17619.6,57810.62,13054.4,680.12
797-7799,37847.21,33596.61,24612.95,2384.2200000000003
797-7856,50364.22,49503.1,8339.92,623.3199999999999
797-7857,2484.0,3217.0,2396.7,161.1
797-7858,11178.8,8495.8,12556.1,1175.42
797-7859,6151.5,11413.699999999999,9748.4,438.2
797-7878,4178.6,5064.2,4205.5,155.01
797-7879,6475.7,7333.7,27361.92,306.01
797-7889,4087.2,13566.41,2205.2,148.60999999999999
797-7895,23540.71,22345.82,68476.62,1273.7
797-7896,13076.4,13614.2,9007.1,475.94
797-7897,4062.0,2142.0099999999998,4129.41,345.1
797-7898,14613.54,16707.32,13863.720000000001,881.7
797-7899,7836.21,8318.1,53838.91,533.3
797-7955,7700.42,11904.9,11718.9,407.3
797-7957,11773.800000000001,10019.31,13677.33,484.70000000000005
797-7958,69116.0,21949.87,51554.8,1199.6299999999999
797-7965,2480.1,2416.21,23290.600000000002,162.01
797-7967,4425.9,4013.0,2627.0,128.6
797-7969,121179.61,13518.03,12708.619999999999,557.6
797-7975,6214.41,7050.51,6469.5,269.9
797-7976,15404.599999999999,12311.93,19969.52,939.11
797-7977,29351.5,8973.199999999999,30652.31,679.11
797-7979,12106.61,39020.51,76629.15000000001,596.32
797-7985,4063.4999999999995,4379.7,4321.71,132.5
797-7986,12556.4,12905.9,12183.4,632.6
797-7989,19063.8,15931.43,13648.4,978.3
797-7997,8586.82,15348.519999999999,12358.4,543.0
797-7999,44248.630000000005,59973.32,23290.32,1090.24
797-8559,2713.1,2458.3,2797.0,188.51
797-8575,4278.9,2437.11,2563.5,119.81
797-8585,14451.599999999999,12661.4,51653.0,970.6
797-8595,11664.02,6098.51,47717.7,289.81
797-8656,4159.099999999999,3136.41,2449.9,169.6
797-8659,14117.42,12030.0,12028.32,396.34
797-8667,3896.61,3628.6,4195.9,133.01
797-8677,2058.6,2573.1,4152.4,151.71
797-8759,2366.2,2413.41,2240.5,105.1
797-8765,12866.6,16582.13,54277.100000000006,597.21
797-8769,2280.91,4310.31,2361.0,159.4
797-8775,12979.119999999999,48685.7,13776.119999999999,476.9
797-8776,16926.92,11943.3,8764.6,404.82
797-8779,13321.400000000001,4354.4,13208.01,128.8
797-8799,4351.8,4511.599999999999,4381.0,125.19999999999999
797-8857,5996.299999999999,17806.62,6611.6,347.8
797-8859,6051.12,8274.03,7968.12,447.8
797-8877,2283.0,23811.91,2132.4,104.21
797-8887,4250.41,2457.01,2282.6,173.1
797-8899,9223.92,28038.61,5296.599999999999,339.71
797-8965,5539.82,9242.21,7671.22,365.91
797-8967,4242.8,4369.9,4351.5,172.31
797-8975,2410.2,2381.8,4184.6,107.61
797-8999,8105.62,8066.7,7811.2,263.5
797-9557,1904.81,2375.11,4040.3100000000004,130.7
797-9558,9096.24,50583.4,8730.72,402.32
797-9559,9648.9,6555.3,6033.099999999999,378.4
797-9567,26272.6,7527.8,6350.91,326.4
797-9576,3849.5,2194.7,3829.71,146.8
797-9578,14716.41,13589.8,11623.21,523.8199999999999
797-9579,5254.1,2362.2,4232.31,182.6
797-9596,7684.42,9956.2,10133.11,464.02
797-9598,11791.1,10568.1,10979.0,559.52
797-9655,4057.61,3015.41,23421.61,72.4
797-9656,10042.5,12368.12,15139.42,657.71
797-9657,13181.1,2255.71,4514.9,191.71
797-9658,7970.8,12053.3,10624.92,786.1999999999999
797-9659,75794.31999999999,40712.61,29140.26,1568.31
797-9677,11812.9,8936.0,49866.5,656.4
797-9679,2130.1,4306.7,4319.41,326.2
797-9695,8591.52,12239.42,11428.199999999999,503.0
797-9696,13638.93,16370.82,21688.8,928.1
797-9698,47572.2,6163.2,8008.01,545.5
797-9699,51516.84,18672.12,18854.93,926.64
797-9757,6043.7300000000005,9816.4,5821.5,328.4
797-9758,1706.6,2285.7,1924.11,133.2
797-9765,12614.5,8077.22,9678.0,592.6999999999999
797-9766,4387.8,11978.6,11457.0,605.4
797-9769,19122.0,17680.12,11356.85,1015.61
797-9775,56228.8,16380.3,58844.55,657.61
797-9777,62607.52,20111.72,28029.04,1035.52
797-9778,10022.5,11901.4,16382.140000000001,625.6
797-9787,23369.010000000002,4331.6,2561.81,134.79999999999998
797-9789,13003.1,13341.93,14770.9,1020.1
797-9796,2285.71,4819.0,23272.100000000002,177.0
797-9797,11765.92,16488.41,32564.3,734.11
797-9798,2363.0,4219.31,4319.81,155.0
797-9857,34117.94,63532.14000000001,65865.5,1735.64
797-9875,2419.1,4002.8999999999996,2431.4,160.9
797-9877,3704.9,2111.8,2191.9,103.8
797-9878,23869.0,20833.92,18922.84,769.3299999999999
797-9886,20224.12,16777.2,58355.700000000004,1096.52
797-9889,6050.2,11967.0,10245.5,357.71999999999997
797-9897,15761.5,16394.02,8625.7,550.4
797-9898,2237.9,2158.1,23087.5,348.09999999999997
797-9899,20004.8,56963.01,19498.94,991.91
797-9957,2211.81,4367.5,23190.1,366.0
797-9958,15947.0,17707.83,77291.92,1038.83
797-9959,23728.15,20477.72,38845.82,1108.92
797-9965,5830.9,5669.11,68839.3,330.73
797-9967,2004.81,2396.21,2365.5,70.41
797-9968,24708.8,24595.13,22530.01,997.53
797-9976,10656.4,15992.52,16826.6,651.23
797-9977,23552.72,22401.44,54618.840000000004,1597.53
797-9978,2230.6,4496.4,2897.51,113.7
797-9985,21595.3,16382.32,67081.3,918.02
797-9986,12432.9,11541.2,13149.74,1038.02
797-9987,4243.099999999999,2819.6,2306.4,166.2
797-9989,8401.5,5314.61,9833.3,436.3
797-9995,18545.11,22237.7,18865.44,1642.14
797-9996,6397.22,10932.42,7808.5199999999995,452.44
797-9997,51453.61,11335.63,11781.3,837.3
797-9998,14850.22,19846.51,59787.12,672.0
797-9999,17881.45,38347.81,37535.63,841.32
798-5567,25940.42,20575.26,61323.4,967.6
798-5569,11694.42,14743.52,32272.12,494.8
798-5579,10837.8,9891.82,7174.91,412.22
798-5588,12660.5,11199.4,15408.1,464.12
798-5658,11789.72,13501.119999999999,7951.64,371.92
798-5678,8428.6,10077.7,8767.32,849.12
798-5686,16123.1,50230.9,7936.219999999999,573.42
798-5755,19898.12,66466.0,20236.44,1279.6
798-5757,4249.51,3915.8,2524.9,130.5
798-5758,45556.5,22256.01,67953.62,1803.62
798-5767,12388.9,49514.22,13290.5,573.92
798-5776,4005.0,2125.9,3982.7,137.81
798-5778,2161.81,2107.8,2874.5,112.60000000000001
798-5788,10125.9,12313.0,11323.119999999999,469.71999999999997
798-5796,11352.5,5869.3,11354.52,452.71
798-5798,53737.12,19294.8,18861.1,1013.64
798-5855,26797.899999999998,65663.72,20410.3,1517.4
798-5857,4947.1,3067.4,2186.1,319.7
798-5859,12704.42,11497.0,9071.62,592.6999999999999
798-5878,11885.82,15746.3,12073.02,842.62
798-5885,13737.699999999999,14836.9,14628.32,935.72
798-5886,16031.72,11992.119999999999,15944.699999999999,579.8
798-5889,16397.1,12233.72,15907.52,650.82
798-5897,4865.599999999999,2337.0,13341.61,360.0
798-5899,12215.8,5934.599999999999,17168.73,509.52
798-5958,5742.0199999999995,9299.93,6139.5,385.2
798-5959,21804.43,22388.93,23874.6,1458.0
798-5968,15345.0,8171.4,9750.5,1141.3
798-5976,2625.7,2367.9,22847.7,121.1
798-5977,50198.72,13911.82,12302.9,390.09999999999997
798-5978,44971.93,45319.24,125542.7,1765.36
798-5996,6386.8,9636.12,29964.62,664.8
798-5998,5922.22,11768.62,50037.1,410.93
798-6557,1957.0,6562.51,2543.92,351.8
798-6559,5486.3,11126.42,7544.82,741.1
798-6659,8189.799999999999,12403.9,12294.72,680.2
798-6758,16729.6,12252.52,11652.199999999999,699.4200000000001
798-6779,12322.119999999999,12522.5,29919.7,476.0
798-6787,14941.1,22003.01,57144.700000000004,903.5
798-6788,14160.01,13842.4,28674.9,888.43
798-6857,30440.06,31998.41,20762.25,899.33
798-6888,11470.32,9033.94,53821.520000000004,509.52
798-6975,8831.2,8219.01,14017.21,512.81
798-6988,8348.22,7422.02,53776.8,527.62
798-6989,16407.1,10114.91,16926.43,520.0
798-7555,2309.81,4278.099999999999,2381.21,157.2
798-7556,15545.9,9137.32,8168.5,442.52
798-7558,4186.71,2438.5,4258.2,103.31
798-7559,14225.4,12155.3,8556.3,467.8
798-7565,11822.32,53905.62,15978.5,533.02
798-7579,13794.199999999999,20116.1,16284.1,371.03
798-7587,2360.9,23223.41,2435.11,156.0
798-7588,12020.92,8382.8,51141.920000000006,398.8
798-7589,5666.8,30521.11,9594.630000000001,406.6
798-7595,4057.71,5424.6,2387.3,121.91
798-7599,2563.3,2398.2,22964.899999999998,129.3
798-7675,11990.1,22418.64,10660.7,669.21
798-7758,11129.84,50149.92,15672.2,669.7
798-7759,26832.5,27819.199999999997,6444.81,266.4
798-7767,6407.91,7352.7,6145.31,264.71
798-7768,2109.2,2203.9,2176.31,109.6
798-7769,8008.7,9703.5,9970.609999999999,383.13
798-7775,2055.6,2082.9,23136.7,171.31
798-7776,2957.7,23668.100000000002,2369.41,151.6
798-7777,49051.0,9629.11,10478.31,538.93
798-7778,108037.32,23744.64,24470.899999999998,839.12
798-7785,4182.01,4279.7,13119.2,106.5
798-7786,2373.51,23213.4,4185.9,184.8
798-7797,4503.21,3920.0,4320.4,149.91
798-7865,11406.6,16125.099999999999,11914.62,985.6
798-7867,12888.82,11775.42,13894.12,559.6
798-7875,54008.44,7068.099999999999,16955.1,499.7
798-7876,2175.31,2585.9,2520.51,166.0
798-7877,57516.520000000004,20641.1,60318.92,688.31
798-7878,7204.34,15737.93,9429.53,361.3
798-7879,27205.3,24682.8,58117.82,724.4
798-7889,16000.8,11403.92,12107.619999999999,502.02
798-7899,7273.419999999999,7745.5,11200.3,346.40999999999997
798-7959,2145.81,2195.61,4455.0,393.4
798-7976,6910.7,31003.8,5978.71,426.5
798-7977,18724.22,15945.3,15944.720000000001,361.32
798-7978,102842.0,58990.64,64373.06,1002.4399999999999
798-7979,13620.82,14759.85,16491.2,981.31
798-7985,7434.610000000001,11421.099999999999,21030.0,340.7
798-7987,2420.81,4327.7,2385.9,170.21
798-7989,75832.12999999999,131840.12,38688.56,2090.45
798-7997,8222.93,9180.7,11307.9,306.11
798-7998,53300.4,11894.3,8274.5,1148.3
798-7999,18028.64,21859.33,24728.34,859.35
798-8578,12222.42,8005.82,12010.9,978.72
798-8588,10700.599999999999,12054.0,15772.22,957.8
798-8595,12317.02,12170.4,12092.3,326.12
798-8597,2024.7,23867.6,4183.31,81.5
798-8599,5724.2,31253.52,49566.31,273.5
798-8679,53652.3,15746.52,10338.7,623.9
798-8755,2212.51,4250.599999999999,4348.5,138.4
798-8757,8822.52,13453.6,16030.599999999999,687.82
798-8768,10476.92,14794.92,11528.32,598.2
798-8777,3616.7,27206.7,8177.22,277.1
798-8785,11320.119999999999,11795.199999999999,15657.82,325.9
798-8795,11209.1,11384.119999999999,15782.92,565.9399999999999
798-8799,8646.0,11744.6,49737.71000000001,520.92
798-8855,15994.9,12107.72,8463.84,394.2
798-8875,14263.61,14813.83,11995.82,1157.51
798-8876,54788.92,8062.9,12392.32,360.12
798-8887,2387.8,4824.01,3922.8999999999996,228.10999999999999
798-8889,5943.42,8529.710000000001,48864.42,549.01
798-8895,5742.71,6310.41,7628.2,486.11
798-8955,47427.71,11578.42,11933.32,432.1
798-8969,11268.5,53662.1,12006.02,900.02
798-8977,47700.2,68870.5,11906.11,233.4
798-9555,9469.130000000001,11637.62,4869.21,289.3
798-9558,7654.530000000001,6044.72,11461.5,245.91
798-9567,7002.3,11857.82,12879.82,590.3
798-9576,8468.6,8091.0,12116.619999999999,563.9
798-9578,13378.9,16133.32,15676.32,456.02
798-9588,12222.5,8474.7,7669.42,485.44
798-9595,7999.530000000001,10218.22,6553.0,376.21
798-9599,11172.13,8431.73,33857.6,376.7
798-9657,67086.22,22921.8,23327.899999999998,887.74
798-9668,8118.6,17327.52,50070.4,507.02
798-9695,5629.8,8028.71,5848.02,417.93
798-9698,16203.42,49659.42,49561.420000000006,1100.1
798-9755,3969.71,2297.6,4297.2,377.09999999999997
798-9759,126113.92,50796.6,27452.93,1192.92
798-9768,9970.599999999999,6217.719999999999,6060.22,347.4
798-9775,14988.44,17664.62,35204.14,1348.55
798-9776,2370.51,2434.5,2463.91,69.91
798-9777,4117.0,4156.099999999999,4334.099999999999,108.2
798-9786,11676.51,26831.500000000004,11464.92,462.5
798-9787,11626.0,50759.91,8827.22,685.6999999999999
798-9789,12631.8,8856.82,53920.4,679.1
798-9795,2379.8,1976.7,4775.3,161.2
798-9796,5513.91,11083.52,6212.93,226.53
798-9797,11080.3,11199.3,7630.4,213.0
798-9858,66104.54000000001,59524.719999999994,25314.92,1052.82
798-9876,5553.41,6068.2,9736.61,382.3
798-9877,9721.81,6620.3099999999995,25384.5,285.41
798-9878,9937.599999999999,12731.9,12235.52,539.1
798-9879,2492.5,2360.4,2406.0,130.1
798-9887,20808.62,18940.739999999998,21607.1,1076.02
798-9897,6607.400000000001,6676.7,5954.7,340.9
798-9899,18228.8,18609.12,53776.12,750.7
798-9955,11272.01,9307.22,6676.32,688.1999999999999
798-9957,71444.3,58300.92,59531.3,454.53
798-9959,47320.01,5393.31,9821.82,693.2
798-9967,15985.03,9683.21,34691.420000000006,466.2
798-9969,8642.12,8168.91,32457.2,371.71999999999997
798-9975,12247.2,11514.519999999999,12341.3,630.8
798-9977,2079.0099999999998,4085.4,3972.3,183.2
798-9978,12443.539999999999,19245.62,13246.11,633.05
798-9979,10037.51,6945.0,7562.3,405.3
798-9986,7573.22,11972.5,53855.520000000004,321.82
798-9988,8275.02,16118.02,8359.72,363.82
798-9989,15654.609999999999,10454.54,15530.01,511.81
798-9995,12554.22,17391.24,26307.62,627.8199999999999
798-9998,7668.2,5559.72,8464.43,272.90999999999997
798-9999,8208.21,9706.0,14785.73,900.3
799-5557,7551.42,12223.519999999999,12922.199999999999,568.2
799-5568,27776.02,21195.62,20016.899999999998,1642.82
799-5569,11070.72,8551.82,11486.9,396.21999999999997
799-5577,12004.8,12135.44,7619.2,406.5
799-5579,7911.0,7707.82,10401.5,292.22
799-5585,9920.32,12206.2,13616.31,588.0
799-5586,7922.9,13548.32,11167.519999999999,538.62
799-5596,47785.5,9856.02,5369.12,437.6
799-5597,3958.4,2247.91,4115.31,113.2
799-5599,7512.9,9687.91,49690.81,296.6
799-5659,10681.0,53800.0,9854.5,709.8
799-5677,4155.8099999999995,2440.4,2403.0,342.8
799-5687,9767.2,11921.52,11249.4,257.42
799-5697,11667.23,9793.22,9515.7,580.5
799-5757,37566.21,15308.0,13673.6,700.83
799-5766,9479.74,15376.11,43045.61,693.0
799-5767,13673.0,29450.600000000002,7726.099999999999,538.8
799-5768,12195.81,5997.099999999999,7860.22,319.83
799-5777,4189.7,3040.7,4609.599999999999,143.71
799-5779,48252.31,12328.1,8757.72,444.31
799-5785,7591.92,5656.1,10793.4,315.9
799-5787,2388.0,4155.1,4329.51,134.6
799-5855,6259.62,7324.6,29729.8,390.3
799-5888,11776.74,50254.7,56543.82,422.8
799-5895,11263.9,7536.2,13041.0,343.01
799-5956,16019.3,8561.22,7907.8,393.59999999999997
799-5957,56439.299999999996,56898.0,61963.92,1171.8
799-5959,27857.129999999997,28160.76,65742.42,1706.8400000000001
799-5967,11602.619999999999,49901.22,8179.4,588.7
799-5976,4162.099999999999,2631.0,23939.91,95.5
799-5977,12148.3,11752.119999999999,12513.32,573.12
799-5989,63997.72,22398.23,18378.11,913.6
799-5995,14367.34,21561.21,20059.6,1014.53
799-5996,6446.4,11410.0,31990.71,323.8
799-5997,15694.63,10394.4,11270.63,515.8100000000001
799-6558,17639.1,61567.54,18182.1,1064.7
799-6559,11626.42,12271.24,8547.9,583.0
799-6567,13351.02,15959.52,16612.82,478.12
799-6568,4741.9,11598.1,11486.93,638.03
799-6577,19759.52,61088.340000000004,21350.32,1106.8999999999999
799-6578,11674.62,10088.24,11925.24,344.0
799-6585,8896.9,53907.7,53801.1,656.3
799-6668,17732.22,13722.599999999999,29988.420000000002,657.7
799-6687,5090.8,7956.9,6089.43,383.7
799-6695,11925.1,12891.720000000001,12226.92,492.91999999999996
799-6777,7891.82,30907.8,7727.42,269.9
799-6779,12017.92,50155.2,11671.84,629.52
799-6785,13035.8,17102.02,10069.02,450.42
799-6786,52689.0,12448.82,7610.32,1050.3
799-6789,8927.699999999999,7843.2,11544.23,397.71999999999997
799-6797,6901.83,11552.2,9812.81,476.42
799-6855,11865.52,9868.8,8824.52,422.2
799-6897,14042.8,8561.7,14274.199999999999,628.33
799-6969,16399.02,8234.4,12096.699999999999,511.8
799-6975,48533.0,10920.0,15719.22,522.54
799-6989,7653.32,10477.03,13925.9,916.3
799-6995,13389.5,8707.0,10661.12,399.92
799-7558,7058.52,47856.12,6262.2,470.4
799-7568,7743.1,17156.52,15568.52,938.72
799-7577,2455.01,4726.4,4769.01,97.2
799-7578,6087.9,6047.2,49027.1,361.13
799-7579,9800.62,9798.4,6818.5,378.0
799-7585,8384.6,8320.3,11343.8,717.83
799-7596,11427.5,9925.0,6001.099999999999,424.31
799-7597,2225.71,23310.699999999997,2325.41,160.7
799-7599,9197.21,30727.4,5994.03,473.59999999999997
799-7667,11620.01,27297.5,50321.11,287.9
799-7669,49301.4,49469.82,8441.71,468.31
799-7686,25470.420000000002,48542.43,12233.11,464.3
799-7687,2383.11,4394.799999999999,2090.0,139.7
799-7756,25372.0,46417.31,5405.12,271.51
799-7758,2754.7,13093.11,23319.800000000003,130.1
799-7765,14097.199999999999,16256.0,13832.2,1192.32
799-7768,2041.4,4688.6,3454.31,153.6
799-7769,2171.7,4304.610000000001,2262.4,170.81
799-7775,27477.010000000002,21690.93,88454.33,1132.36
799-7776,2373.11,2502.1,2350.5,314.9
799-7777,5260.7,6665.2,6633.9,529.91
799-7778,7719.0,46496.21,7586.8,533.61
799-7788,8656.4,10555.24,15976.3,656.12
799-7795,32648.31,13571.4,33212.63,364.01
799-7797,7067.11,9566.4,7271.009999999999,372.71999999999997
799-7798,8810.4,30604.4,13597.82,747.31
799-7799,11525.63,20364.04,17825.52,1071.75
799-7857,54081.9,98330.03,23794.23,917.9399999999999
799-7859,18828.399999999998,46181.899999999994,17126.91,1037.22
799-7865,6977.12,12061.44,10883.119999999999,482.3
799-7885,11640.199999999999,33599.52,10299.91,490.31
799-7886,8304.22,91118.1,50430.740000000005,659.02
799-7887,10904.099999999999,8418.8,12127.9,536.7
799-7889,10058.9,8266.64,8330.3,267.03
799-7897,34261.8,12841.41,10954.41,577.63
799-7898,18693.1,20686.32,25753.84,2364.2400000000002
799-7899,4572.81,9573.3,26969.100000000002,487.62
799-7966,17578.12,23305.01,21871.3,856.8199999999999
799-7968,9267.02,8066.299999999999,11873.41,474.92
799-7969,129190.85,16282.72,17946.8,773.11
799-7977,7485.5199999999995,11615.4,31052.0,883.0
799-7978,15843.34,42619.560000000005,18983.5,1628.14
799-7979,20976.5,18652.6,14703.5,1036.32
799-7985,11160.82,7796.3,11535.81,277.12
799-7988,48122.42,14042.91,7871.72,340.9
799-7995,96726.04,70268.62,33390.72,2047.54
799-7997,21997.5,20605.82,23963.82,1177.41
799-8556,8281.1,54371.5,51350.22,466.0
799-8559,6257.5,9881.02,48157.6,393.71
799-8589,8042.9,8430.1,10029.800000000001,540.34
799-8656,7684.3,6461.33,9837.5,415.21999999999997
799-8667,5920.400000000001,5010.099999999999,6377.22,770.3
799-8675,23372.0,5218.700000000001,4150.5,248.39999999999998
799-8677,5981.5199999999995,7001.7,7799.92,333.41
799-8695,26832.100000000002,8860.0,49517.42,478.09999999999997
799-8769,5745.91,7668.51,5574.1,398.2
799-8797,3550.2,4001.61,2123.0,88.4
799-8799,28129.74,21542.81,69054.35,690.22
799-8857,8029.4,20597.11,8120.93,565.3299999999999
799-8859,7711.8,7371.8,12572.94,858.32
799-8867,3677.2999999999997,4152.3,2202.51,160.5
799-8869,6693.6,11993.3,9803.93,378.7
799-8886,27531.05,23181.3,27429.05,1708.6499999999999
799-8887,7760.93,6259.93,9554.0,801.82
799-8895,11491.44,12476.4,15949.019999999999,400.9
799-8896,7851.4,91691.62000000001,13525.0,446.2
799-8959,9286.9,6044.43,5679.9,354.2
799-8967,11519.02,11613.9,8119.8,350.11
799-8985,48683.12,15581.32,8537.02,1029.82
799-8995,6031.3,9510.82,11535.199999999999,374.51
799-8998,12239.41,28990.23,8097.22,671.7
799-9558,15240.02,68548.42,24118.64,723.22
799-9566,8107.14,11698.4,15210.599999999999,424.82
799-9568,8903.2,50493.82,18415.12,1012.22
799-9575,4382.11,4309.2,4078.1,136.6
799-9578,10194.01,7730.42,9534.8,439.90999999999997
799-9579,28760.36,14407.2,19769.11,1127.6
799-9595,12176.71,11677.82,11580.6,644.02
799-9596,15763.82,14739.6,10520.2,514.62
799-9598,11814.199999999999,50150.24,8451.8,534.32
799-9599,21353.83,55815.3,38764.31,564.62
799-9655,9676.61,10135.11,28363.11,353.0
799-9658,11863.1,12583.8,56202.72,683.52
799-9687,9844.130000000001,11620.6,8996.82,424.32
799-9697,13105.5,10235.61,13085.11,627.02
799-9699,5352.72,12054.51,11825.11,683.8
799-9756,36600.9,58579.0,17427.21,723.84
799-9757,2221.1,2300.3,5037.41,143.51
799-9758,52658.0,35475.630000000005,74381.01,1179.9
799-9765,17985.5,63351.62,21377.6,971.32
799-9769,15764.15,30967.23,26796.61,906.18
799-9777,31083.300000000003,48024.4,21300.8,338.9
799-9785,13866.24,50179.520000000004,11443.62,738.84
799-9787,17313.72,17624.72,18212.82,1143.12
799-9796,22667.260000000002,56435.600000000006,47524.42,1062.44
799-9797,29743.309999999998,27280.12,31762.329999999998,1564.95
799-9798,6879.3,9242.199999999999,11595.4,301.5
799-9855,19398.04,32450.6,23062.9,1715.64
799-9859,9371.82,26917.91,6034.7,383.11
799-9868,8348.9,7834.52,8274.3,601.8
799-9875,5855.9,8568.42,9824.6,435.2
799-9877,5532.7,6149.099999999999,6139.1,357.72
799-9878,10540.1,232486.9,8790.72,516.72
799-9885,13473.12,13575.64,54441.22,554.24
799-9888,11081.04,10986.699999999999,11885.0,641.2
799-9898,6048.8,9875.9,30880.32,1075.82
799-9899,12014.1,7597.84,12821.22,489.12
799-9959,5685.599999999999,9855.0,12154.11,757.91
799-9966,11403.82,53608.020000000004,12739.4,585.1
799-9967,5235.33,8221.93,6027.6,185.51
799-9976,10051.61,6623.6,10153.2,406.3
799-9977,2170.9,4391.3,4271.0,120.8
799-9978,31838.399999999998,119724.41,71633.54000000001,2052.8
799-9979,65813.84,25794.14,100374.44,1235.24
799-9987,58095.86,70818.81999999999,111965.94,1694.32
799-9989,29259.000000000004,10577.1,9584.11,454.52
799-9995,22973.73,40636.15,22476.74,1240.42
799-9996,8568.6,49103.31,7574.099999999999,352.71
799-9997,33905.42,57705.65,31227.649999999998,1609.74
799-9999,24950.13,33694.33,19844.4,1318.05
955-5569,53016.4,50354.72,90830.9,1161.1200000000001
955-5577,2361.1,2454.91,2483.5,198.2
955-5579,48254.5,10233.01,9890.42,533.3
955-5758,7783.4,8557.8,50220.4,817.02
955-5865,11485.92,15794.34,8077.92,582.22
955-5879,16178.740000000002,15701.52,29508.020000000004,342.0
955-6685,13914.699999999999,51219.81999999999,12030.3,574.9
955-6698,11759.22,19419.719999999998,73789.2,529.0
955-7758,8208.9,10413.119999999999,49498.32,533.2
955-7799,1932.21,4253.8,2051.51,154.7
955-7855,11760.1,11692.2,12222.42,401.6
955-7959,11857.72,7991.01,11640.9,329.61
955-7977,2319.9,4250.2,2218.2,357.31
955-8568,7163.54,15573.6,11690.6,686.8199999999999
955-8777,11913.4,11889.72,8006.099999999999,912.02
955-8799,11840.2,72507.02,13718.52,650.42
955-9597,4220.2,2312.21,4135.8,139.79999999999998
955-9599,7861.599999999999,9442.03,11168.7,291.02
955-9799,17787.45,25764.92,40185.41,865.8
955-9956,16860.12,16974.7,53101.2,355.82
955-9969,10821.8,33461.9,12168.9,645.0
955-9979,5900.9,48336.12,5793.7,629.11
957-5595,2354.61,4311.7,2386.2,152.9
957-5659,2447.81,13134.31,2362.3,127.8
957-5757,2367.8,4155.9,1932.31,144.8
957-5955,4341.4,2431.8,2344.2,95.3
957-5999,2184.5,2767.1,4830.6,171.2
957-6568,4054.7,4129.62,3960.01,170.4
957-6699,3744.81,2309.5099999999998,2477.7,334.3
957-7556,2100.41,4156.110000000001,4079.11,401.9
957-7558,2306.5,3028.4,4443.2,152.81
957-7578,23326.0,2338.0,23329.5,143.8
957-7579,3310.6099999999997,2386.0,5252.099999999999,154.8
957-7585,2457.8,23235.7,2402.2999999999997,186.60999999999999
957-7756,2861.21,4457.71,4180.41,158.7
957-7789,4288.8,2370.3,2424.5,159.0
957-7969,4025.7,3945.2,4311.0,295.3
957-7989,3800.2,23210.4,2245.71,163.3
957-8575,2532.6,2342.3,2493.71,202.5
957-8577,2029.9,2351.8,2614.0,102.1
957-8797,1917.6999999999998,1793.3,4173.099999999999,171.01
957-9755,23411.7,2339.11,4250.5,205.21
957-9799,3817.6,2537.4,5594.5,168.81
957-9879,2406.7,4229.81,4479.51,161.10999999999999
957-9896,1981.3999999999999,4205.0,4265.110000000001,340.91
957-9987,2338.7,4518.4,4327.0,138.0
958-5655,15391.82,50452.62,12035.0,614.9
958-5695,58021.1,10675.25,10473.0,1664.7
958-5779,1947.6999999999998,2491.3,5001.7,78.0
958-5796,8698.42,54172.82,34193.92,527.3
958-5888,15123.42,35591.12,7829.62,541.84
958-5979,8943.0,5835.0,8596.0,194.7
958-5998,14970.62,15697.8,8340.22,727.52
958-6757,5135.2,4353.1,3355.0,108.7
958-6759,50089.12,53296.2,56167.020000000004,652.4
958-6788,15614.220000000001,13010.720000000001,12143.3,586.62
958-6855,7882.4400000000005,15622.82,10648.220000000001,543.14
958-6959,9297.8,11823.699999999999,6937.5,438.82
958-6965,12222.8,11562.32,12038.4,451.7
958-6979,3641.7,4231.91,2406.4,318.41
958-6999,7644.3,7599.11,12288.9,445.11
958-7559,2356.6,4662.21,2451.41,99.5
958-7695,12259.0,11959.44,11804.32,435.62
958-7785,23040.3,4326.6,4281.01,181.79999999999998
958-7787,4996.61,6604.51,4784.71,519.21
958-7789,10029.8,5865.12,9589.32,325.61
958-7795,1706.8,3978.9999999999995,4001.3100000000004,101.8
958-7796,12394.699999999999,8160.2,49768.32,583.62
958-7857,62940.44,61724.22,21358.72,1514.01
958-7858,56822.100000000006,9087.3,12468.220000000001,567.44
958-7866,8290.92,13451.1,16323.3,859.4200000000001
958-7895,13513.71,16207.31,9863.8,518.6
958-7995,5156.5199999999995,7073.099999999999,7307.11,333.3
958-8595,8305.7,50582.1,15022.5,493.8
958-8788,13382.6,11922.5,11833.3,816.44
958-8897,12245.02,8557.199999999999,15759.3,420.3
958-8957,90853.5,14783.4,49873.1,531.02
958-8975,8155.84,11706.5,9777.1,781.8199999999999
958-9559,10010.9,13281.23,6145.71,259.3
958-9575,11426.4,15273.62,49804.4,597.42
958-9785,68000.3,50158.6,12197.71,431.09999999999997
958-9787,9819.71,49625.31,9849.03,679.4
958-9878,6890.9,12264.32,11943.4,519.62
958-9889,22117.82,16797.2,69198.42,1099.72
958-9977,13512.12,21293.05,38292.1,711.1
958-9979,10059.3,50164.21,26593.7,504.1
959-5595,5435.01,9290.1,9590.62,324.62
959-5659,5675.41,21031.71,10475.599999999999,295.7
959-5757,4811.7,7670.299999999999,8917.61,301.2
959-5955,49485.4,5892.3,6044.8,324.42
959-5999,5694.0,10299.220000000001,12252.32,365.82
959-6568,6255.4,8806.82,9683.82,398.8
959-6699,28604.33,5558.8099999999995,6216.4,598.7
959-7556,9498.63,7965.21,7642.51,748.62
959-7558,9579.199999999999,7220.12,8148.599999999999,394.51
959-7578,30923.6,9544.699999999999,30467.2,270.7
959-7585,6196.5,30803.2,5718.8,460.31
959-7599,7510.51,9804.6,14032.0,399.7
959-8575,10736.4,9473.1,6151.110000000001,411.7
959-8577,5570.9,5573.099999999999,6752.0,293.0
959-8999,9131.9,9059.12,11704.6,459.11
959-9755,32130.72,5885.43,7555.6,495.33
959-9756,9451.699999999999,5664.62,11134.6,726.5
959-9879,6638.7,8215.210000000001,50555.01,440.61
959-9896,4934.9,11293.92,49560.530000000006,991.81
959-9969,9849.52,7290.4,7722.0,540.32
959-9989,32299.82,44025.5,19941.329999999998,1154.2
959-9999,7470.92,10243.720000000001,9450.1,439.91
975-5558,4425.01,2381.3,2458.4,197.1
975-5585,2141.71,13215.2,4429.21,240.5
975-5697,4750.0,5007.0,2419.7999999999997,110.00999999999999
975-5775,2271.1,2487.1,2799.9,81.61
975-5776,2286.4,5187.4,4306.1,108.6
975-5797,1944.3999999999999,4350.4,2356.2,162.71
975-5865,4264.31,3828.1,4339.0,174.2
975-5888,2195.21,4351.7,3215.6,210.5
975-5975,5079.2,2596.61,2444.5,121.0
975-5976,4080.2,4053.2,2053.0,174.11
975-5997,2341.3,4282.31,2531.11,197.0
975-5999,1976.4,2125.1,4636.0,143.3
975-6578,4046.1000000000004,4323.599999999999,23504.71,140.6
975-6595,3933.1,2760.21,4071.5,116.71
975-6687,2289.41,4662.9,23340.0,153.0
975-6757,2274.4,4469.61,2372.71,219.2
975-6777,6889.41,2222.6,2049.21,128.8
975-6778,2479.5099999999998,3356.2,2924.7,183.91
975-6795,2182.31,4772.9,4420.6,140.5
975-6797,3680.4,2087.51,2018.4,337.3
975-6879,4353.9,3070.11,2415.7,134.79999999999998
975-7557,4113.7,4687.599999999999,4323.7,228.51
975-7577,23163.3,1787.21,4159.91,166.79999999999998
975-7578,23207.3,4448.01,4068.5,128.7
975-7587,2380.1,4418.099999999999,2347.4,371.8
975-7686,4379.21,4380.3,4512.2,125.3
975-7689,2176.4,4691.7,2322.9,188.4
975-7756,2201.5,2700.4,2512.0,95.7
975-7758,6387.82,4530.82,25163.71,303.7
975-7797,4706.1,26042.100000000002,6676.61,318.6
975-7799,1980.4,23206.2,4489.3,113.5
975-7858,4619.9,2217.0,4121.71,131.8
975-7876,7045.31,7150.4,6898.2,262.21
975-7898,2423.0,4265.3,2881.6,125.69999999999999
975-7978,2137.5,4139.8,1953.11,302.91
975-7989,1967.71,23365.6,4395.7,200.1
975-7997,2768.6,4121.11,2023.8,125.8
975-8588,3940.3999999999996,4140.41,4489.41,66.91
975-8757,2375.31,3322.0,4424.4,161.3
975-8769,8585.4,4615.0,4763.32,297.81
975-8788,1982.81,4304.5,2298.8,203.60999999999999
975-8877,2405.91,2280.2,4380.8,195.1
975-8998,2385.7999999999997,4612.11,2818.7,153.1
975-9557,4740.9,23203.0,2319.4,100.69999999999999
975-9569,23233.21,23296.1,23337.0,101.6
975-9689,2010.6,4792.81,4618.4,179.7
975-9699,2122.4,4132.1,22989.8,128.8
975-9757,2280.3,4379.2,2248.1,80.5
975-9785,2269.5,4250.11,4327.81,174.20999999999998
975-9798,2239.6,4314.71,2144.2,97.81
975-9799,4330.51,4186.3,5127.9,149.7
975-9857,4481.4,25676.6,6723.7,340.1
975-9875,2129.2,4249.2,23394.0,96.0
975-9997,4372.91,2365.3,4088.8,143.4
976-5567,1987.1000000000001,2229.7,2271.41,180.2
976-5657,2470.31,3887.71,4340.01,202.29999999999998
976-5665,3791.4,4409.21,2427.71,65.6
976-5668,2475.2999999999997,2491.51,4252.7,177.21
976-5778,2379.31,2400.1,22901.61,200.1
976-5797,2421.71,4365.9,2252.9,85.41
976-5855,2420.11,4436.1,4369.61,150.3
976-5899,2428.11,4311.51,3487.41,182.8
976-6599,3913.0,2354.8,4253.6,102.91
976-6658,4250.8,4399.0,1916.5,117.19999999999999
976-6886,12837.3,4252.81,5082.2,138.51
976-7557,3764.2,2373.5,2204.4,108.5
976-7576,2125.91,5930.3,2122.21,289.81
976-7597,4327.1,2439.3,2270.4,359.51000000000005
976-7676,3914.5,2371.8,2415.1,142.31
976-7679,2290.1,4278.0,4359.61,112.5
976-7699,3900.4100000000003,2152.11,2030.4,63.400000000000006
976-7787,2091.5,4305.9,2111.2,186.9
976-7797,4276.41,4287.81,4120.5,343.31
976-7866,2327.3,2603.5,2299.0,85.2
976-7877,4909.31,2486.4,3053.61,89.0
976-7895,22813.809999999998,2847.9,2225.5,153.9
976-7955,4036.51,2289.71,1808.7,107.8
976-7975,4444.299999999999,4266.81,2142.0,77.7
976-8597,2336.3,3110.5,2807.6,117.91
976-8697,1799.5,4403.0,4269.1,333.29999999999995
976-8787,4156.4,2514.01,2438.81,148.0
976-8799,3330.4,3898.11,5971.4,124.69999999999999
976-8857,2198.9,13122.8,2536.11,123.0
976-8958,4288.099999999999,23293.21,4325.31,96.71000000000001
976-9555,2101.9,2372.6,4921.7,143.4
976-9675,2540.11,3251.81,2323.51,153.2
976-9757,6501.21,7293.01,5935.01,532.91
976-9765,2520.51,2140.1,4183.01,109.5
976-9857,4125.3,2455.7,4017.5099999999998,151.2
976-9969,4464.099999999999,4106.2,4296.3,195.9
977-5557,2177.21,23121.7,4780.6,91.1
977-5565,2423.6,4050.7999999999997,2397.2,145.1
977-5578,4658.599999999999,2208.2,2198.9,110.9
977-5587,4403.9,2578.0,2109.1,108.1
977-5589,4171.5,3335.1099999999997,23432.2,147.2
977-5597,2552.6,4299.6,2412.0,123.21
977-5677,4277.71,4403.42,5870.3099999999995,124.50999999999999
977-5688,23288.11,2365.0,3823.2,143.7
977-5758,2331.7,2573.11,2517.6,160.11
977-5776,4085.6,2439.5099999999998,2516.7,162.9
977-5778,3918.4100000000003,4287.61,2429.3,347.7
977-5779,25417.320000000003,6792.7,6672.610000000001,329.71
977-5786,2241.31,4252.099999999999,2316.0,159.51
977-5796,1876.3,4825.61,3967.4999999999995,358.1
977-5798,29197.91,9311.41,11183.41,697.4
977-5799,2563.41,5022.0,2451.8,225.7
977-5859,6796.21,9695.9,6811.2,309.51
977-5867,3889.8,23245.0,23280.0,355.11
977-5875,23077.410000000003,3983.9,4734.5,213.0
977-5877,1863.6999999999998,2417.5,3877.01,191.79999999999998
977-5878,23273.9,4442.91,5146.4,174.31
977-5879,3837.9,4028.4,2011.7,147.61
977-5958,6700.5,5018.3,4774.7,681.61
977-5977,2292.81,5375.099999999999,4145.61,62.510000000000005
977-6555,3627.1,2503.2,4331.0,185.3
977-6577,2374.1,23313.100000000002,2383.71,121.6
977-6587,2908.0099999999998,3345.6099999999997,2210.7,171.79999999999998
977-6598,3534.8999999999996,2208.5099999999998,2153.2,182.4
977-6599,23126.600000000002,2294.4,2514.9,181.1
977-6667,2381.4,2469.3,4910.4,177.9
977-6687,4682.099999999999,4415.81,2668.3,290.51
977-6769,4190.110000000001,4282.81,4375.7,178.6
977-6778,3872.3999999999996,2471.1,4347.01,173.81
977-6779,2333.1,2900.7999999999997,2478.2,132.2
977-6788,1872.51,2812.1,4531.81,111.4
977-6796,2464.2,3329.3,4967.0,219.6
977-6857,3626.5,23023.8,24736.4,154.1
977-6899,2345.31,2265.11,4099.599999999999,150.0
977-6986,23245.6,2311.8,4208.610000000001,147.81
977-7557,4182.7,2569.71,4443.9,170.20999999999998
977-7567,1926.1,2094.7,3693.3100000000004,130.5
977-7569,4268.61,13023.01,2327.7999999999997,127.69999999999999
977-7575,2408.0,2291.4,23253.710000000003,66.39999999999999
977-7578,4540.4,5923.51,6930.7,351.4
977-7655,4191.81,4283.099999999999,4238.0,203.61
977-7676,2091.81,3389.9,4403.8,61.9
977-7699,4157.91,2267.2,2384.1,154.7
977-7755,24871.22,6419.91,4211.1,279.40999999999997
977-7757,2375.61,2413.61,4114.2,115.1
977-7768,4379.51,4344.7,2486.41,144.41
977-7775,2433.41,2473.9,2437.2,186.91
977-7776,2063.3,2210.7,2358.7999999999997,385.8
977-7777,3799.1,4056.3999999999996,2100.2,112.6
977-7778,30343.21,9173.71,8796.11,492.8
977-7785,2464.9,2534.1,4285.5,154.7
977-7789,4752.599999999999,2483.1,13556.310000000001,195.7
977-7797,4304.2,4254.3,4376.099999999999,92.21
977-7798,1637.4,2366.2,2197.1,112.81
977-7867,2239.81,4706.6,2412.8,199.39999999999998
977-7878,4300.7,2302.5,5680.8,120.71
977-7888,3429.3,2358.61,4472.8,173.81
977-7895,4569.9,6847.8,6758.8099999999995,329.7
977-7896,2188.51,4043.71,2329.5,121.91
977-7968,4455.71,4279.0,4261.2,189.7
977-7975,2281.6,2483.01,2203.41,81.7
977-7977,27836.309999999998,11411.71,9028.42,407.4
977-7988,3938.71,2612.2,2230.4,68.3
977-7998,23300.4,4765.71,2798.2,151.2
977-7999,1633.8999999999999,2379.6,23208.2,309.0
977-8599,4194.5,4296.0,2337.9,187.41
977-8677,4276.099999999999,2455.3,4386.61,139.0
977-8798,4741.11,2129.91,2528.1,155.0
977-8897,2296.61,2284.31,4442.6,175.1
977-8956,3982.7,2157.2999999999997,4128.3,63.3
977-9559,4390.5,3114.51,4299.61,175.5
977-9566,4461.9,1949.2,2414.61,182.1
977-9569,4313.4,1993.31,4994.4,204.11
977-9575,4280.7,2338.4,2316.41,110.60999999999999
977-9578,2202.81,2207.71,2193.9,136.0
977-9585,23343.5,2366.7,4334.099999999999,110.1
977-9597,4831.9,2100.1,12968.7,339.9
977-9679,2384.41,2296.9,5017.299999999999,104.9
977-9758,4214.599999999999,4401.6,7143.4,226.10999999999999
977-9779,2451.2,4767.91,2183.11,183.1
977-9787,2325.91,4336.5,4284.4,87.60000000000001
977-9789,4705.7,4036.2,2540.5,150.6
977-9855,2234.3,23099.91,2470.5099999999998,315.91
977-9856,4468.3,4328.2,4066.51,104.0
977-9867,23070.3,2428.3,2495.9,165.3
977-9877,8430.1,4693.01,8282.210000000001,292.21
977-9878,23272.809999999998,2377.7,2503.0,118.7
977-9879,7309.599999999999,6622.01,7004.110000000001,387.31
977-9885,2234.4,2299.7,4353.81,146.8
977-9898,2068.5099999999998,2831.3,2607.6,116.19999999999999
977-9899,3987.2999999999997,4544.8,2177.3,172.3
977-9955,4177.7,2155.0,3924.3,67.71000000000001
977-9956,2237.71,2279.1099999999997,2238.91,126.71
977-9957,2008.2,23222.800000000003,4520.0,205.71
977-9989,4330.7,2407.1,2857.81,174.31
977-9998,1811.8,4698.9,4422.21,387.81000000000006
978-5558,4223.01,4944.5,2308.5,118.00999999999999
978-5576,3974.7999999999997,2134.4,2192.8,147.1
978-5578,4468.3,23314.600000000002,4024.0,171.5
978-5777,2099.1,4294.61,4891.9,140.0
978-5778,3803.5,2217.0,4361.9,187.7
978-5788,6105.41,6943.21,6789.9,283.59999999999997
978-5795,23707.3,2465.0,2393.91,135.41
978-5797,4289.1,2402.8,4017.4,97.5
978-5799,3900.9100000000003,3914.2,4116.81,96.8
978-5875,24937.8,2265.8,5062.0,386.3
978-5955,4424.110000000001,4340.5,4386.2,173.6
978-5967,4285.3,2439.8,4217.91,171.6
978-5985,4112.8,4480.81,4268.61,123.3
978-6575,4243.4,2491.7,4592.5,112.0
978-6657,2343.7,2319.7,2905.6,335.31
978-6755,2551.21,4246.099999999999,2461.51,89.30000000000001
978-6777,4126.5,2983.5,4484.71,87.2
978-6797,2510.3,4388.9,2430.5,173.0
978-6955,2295.4,2426.6,2417.6,356.11
978-6975,2243.7,4340.400000000001,4484.5,347.79999999999995
978-7557,2181.41,4695.799999999999,2031.4,145.0
978-7587,2410.0,23039.210000000003,4489.9,104.51
978-7677,2477.9,5145.8099999999995,2354.8,95.11
978-7755,2132.8,2417.71,23415.899999999998,175.29999999999998
978-7759,2451.5099999999998,4480.299999999999,4319.51,116.50999999999999
978-7775,6144.51,6504.41,6499.799999999999,197.91
978-7779,2292.5099999999998,4398.81,2431.81,210.3
978-7785,4263.3,5029.7,2432.7999999999997,309.79999999999995
978-7787,4525.61,4438.02,4440.9,189.61
978-7788,4222.4,4347.0,23604.6,166.3
978-7789,2490.3,2411.2999999999997,2562.2,219.79999999999998
978-7798,6401.2,25988.61,25418.210000000003,259.9
978-7855,3572.1000000000004,4267.7,2330.4,121.39999999999999
978-7877,1878.01,4221.21,4394.21,200.2
978-7896,6031.4,6269.71,4755.3,619.21
978-7956,23221.800000000003,4513.4,2492.0,170.81
978-7978,2219.01,2160.81,4911.01,157.31
978-8557,2213.0,2123.9,2152.2,148.1
978-8568,3010.6000000000004,4952.1,3966.01,141.5
978-8778,6681.01,5413.3099999999995,7506.41,220.61
978-8858,2191.0,2460.9,2322.3,115.7
978-8958,3837.2,23220.7,2427.0,228.2
978-8969,2044.5,4104.91,1996.32,167.41
978-9585,4263.9,2831.01,23361.2,138.2
978-9658,4025.4999999999995,2747.5,23362.8,212.51
978-9677,8897.71,6850.0,9851.01,490.01
978-9765,1563.0,2423.4,2374.61,152.61
978-9779,2275.51,4641.91,2556.41,154.81
978-9785,4474.2,4351.5,2398.6,97.6
978-9857,2455.11,2455.11,4353.21,163.1
978-9876,3361.21,2137.8,3206.4,167.4
978-9885,1450.91,2123.7999999999997,4807.599999999999,138.41
978-9967,2540.4,23297.71,4188.01,128.3
978-9977,4321.7,2420.91,2370.9,162.2
979-5585,2909.3999999999996,4422.9,2766.81,150.8
979-5587,1934.4099999999999,2070.61,4198.8,100.3
979-5667,3803.9100000000003,22953.01,2175.7,173.0
979-5677,2105.2,2506.6,23251.2,146.41
979-5686,2431.11,2394.6,4433.1,117.0
979-5695,4413.1,2519.71,2317.91,100.5
979-5767,3714.5,4277.3099999999995,2439.5,118.9
979-5769,4612.7,4744.5,4655.0,115.7
979-5777,24747.01,6414.32,8435.31,339.09999999999997
979-5786,2254.9,23950.910000000003,4495.5,157.9
979-5955,2427.5,2395.0,2340.6,199.2
979-5985,1805.8000000000002,4822.7,23752.9,186.4
979-6569,4305.1,2168.0,23280.2,215.20999999999998
979-6579,2304.51,4557.0,4391.81,118.6
979-6597,4348.400000000001,4313.5,2481.41,161.5
979-6678,2488.31,2422.61,2350.41,173.60999999999999
979-6777,2485.6,4185.599999999999,4644.610000000001,149.6
979-6779,2390.1,4364.799999999999,23204.710000000003,202.7
979-6877,4195.2,4449.01,4370.6,119.4
979-6956,2363.4,2907.31,4142.11,73.7
979-6978,4231.5,2502.0,2426.7,164.7
979-7577,4074.2,12706.820000000002,3655.3999999999996,597.91
979-7596,4259.71,4799.0,2500.7,148.9
979-7675,2129.4,2453.2,3155.7999999999997,104.3
979-7679,2400.7,1997.0,4279.7,213.39999999999998
979-7767,2438.21,23191.4,2380.8,164.6
979-7779,2421.71,4594.01,2437.91,142.7
979-7796,2367.91,2414.6,4222.2,114.9
979-7867,3974.11,2408.3,2173.2999999999997,323.29999999999995
979-7898,23605.3,2533.41,4250.11,143.6
979-7957,4291.41,23247.600000000002,2548.5,142.3
979-7975,2236.1,2365.21,4551.9,156.51
979-7977,3730.6099999999997,2012.31,2259.4,186.6
979-7978,2471.5,2402.0099999999998,2487.2,155.10999999999999
979-7995,4582.9,4334.3099999999995,2940.6,189.4
979-7996,5967.1,7893.7,8426.21,263.6
979-8778,2049.8,4319.599999999999,2382.3,109.00999999999999
979-8987,4832.7,2522.6,2361.1,130.39999999999998
979-9576,1891.6,2178.81,2213.8,181.1
979-9589,2276.0,2366.51,24746.72,303.92
979-9688,4136.01,2570.7,4297.0,211.5
979-9765,2435.4,2022.4,23225.41,150.20000000000002
979-9777,4684.8099999999995,6347.91,27860.010000000002,287.62
979-9778,4295.0,2316.5099999999998,2577.7999999999997,155.5
979-9779,3921.9,2438.8,3891.71,178.20000000000002
979-9789,2119.5,3837.7,2372.11,151.11
979-9797,2421.4,4319.099999999999,4334.21,142.6
979-9857,4053.9,4585.1,4449.2,184.1
979-9859,2543.7,4402.4,2674.8,80.4
979-9877,3907.0999999999995,4319.2,23141.0,109.61
979-9887,2383.3,4597.110000000001,5118.099999999999,125.0
979-9897,23157.100000000002,2340.7,4298.3,171.10999999999999
979-9899,4351.9,2539.41,23277.710000000003,120.61
985-5576,10947.32,7986.3,8495.3,801.8199999999999
985-5577,4095.7999999999997,4484.700000000001,2218.1,322.7
985-5589,26846.82,23083.34,27081.3,1939.1200000000001
985-5597,6922.42,49852.2,6419.02,628.42
985-5657,12575.720000000001,13893.109999999999,13989.7,543.4
985-5687,4331.01,2499.01,4296.5,119.2
985-5689,11562.01,48069.53,11405.82,345.22
985-5755,3969.1099999999997,4399.799999999999,2126.0,128.41
985-5758,7858.4,52460.74,53881.7,341.1
985-5777,8133.9400000000005,12776.44,11772.699999999999,323.44
985-5785,12271.92,7879.14,7799.7,575.92
985-5875,7944.5,16393.8,15876.099999999999,509.53999999999996
985-5876,7478.6,9006.8,8673.21,604.53
985-5877,2485.7999999999997,4218.7,2277.51,390.6
985-5879,8044.5,10237.82,9721.710000000001,840.72
985-5887,12220.9,10511.9,10186.21,356.6
985-5888,8066.8,53939.200000000004,8538.32,525.52
985-5899,6084.82,11022.6,7575.2,313.9
985-5955,7174.21,8069.82,47191.1,356.11
985-5985,14771.1,12117.5,12040.5,271.2
985-5987,11781.62,10595.0,12303.0,453.8
985-6559,12166.640000000001,17057.8,16426.4,456.74
985-6597,2380.8,4280.41,3956.4,155.21
985-6598,50318.8,7019.299999999999,8310.5,466.72
985-6599,5366.7,11338.91,10730.12,327.61
985-6666,12296.92,15924.640000000001,34515.82,535.02
985-6697,4254.0,2421.81,2594.2,361.0
985-6699,11959.6,5965.91,5855.4,665.52
985-6789,2200.3,4247.2,2383.0,164.8
985-6798,8392.2,17527.92,53902.2,560.24
985-6799,15984.0,7982.3,8310.82,528.3
985-6989,5896.62,12262.72,5798.72,419.1
985-6997,49651.2,30456.420000000002,12239.82,437.82
985-7556,23300.5,2357.81,2344.41,171.01
985-7557,2637.5,3777.8,4461.8,152.6
985-7577,34637.6,9627.51,14114.8,563.1
985-7589,13204.199999999999,13475.43,14669.92,652.24
985-7595,12362.62,12145.14,12425.5,920.1999999999999
985-7599,13200.6,11837.82,12218.8,568.42
985-7656,11429.72,15712.2,12444.8,503.59999999999997
985-7658,17054.5,11522.44,54445.020000000004,863.4200000000001
985-7668,1906.8999999999999,2168.6,2190.8,101.69999999999999
985-7676,14839.539999999999,14641.62,51344.0,830.6999999999999
985-7679,12347.82,12533.62,12455.9,490.5
985-7687,3800.7999999999997,4169.0,4674.6,135.01
985-7755,2585.7,4247.71,13077.810000000001,138.2
985-7775,71150.24,29162.239999999998,26370.649999999998,979.73
985-7777,2541.4,2837.2,2439.31,145.3
985-7778,61074.82,72780.35,38264.1,532.92
985-7779,11068.11,94517.81,75041.91,730.4
985-7787,2347.3,23289.510000000002,2352.7,164.8
985-7788,5993.81,7217.11,6051.62,523.62
985-7789,11631.22,12105.599999999999,8339.4,680.9399999999999
985-7796,11132.6,56429.0,10754.91,1124.52
985-7857,4095.9100000000003,2203.8,4851.5,97.21000000000001
985-7858,11342.92,8682.22,54818.42,445.5
985-7886,11781.52,50099.02,10472.4,917.84
985-7895,16230.8,15531.52,15760.52,1069.93
985-7897,7997.3,11610.52,9898.6,996.12
985-7898,12227.52,12690.220000000001,11652.82,1059.8
985-7967,8205.72,18408.0,12269.220000000001,512.1999999999999
985-7976,36392.14,16432.43,13818.91,689.01
985-7988,15930.5,13797.9,10705.03,224.21
985-7989,11938.1,16951.0,16022.22,898.22
985-7995,4401.2,2225.8,2397.4,149.71
985-7996,39671.0,18956.43,78988.67,1399.3600000000001
985-7999,6127.3099999999995,26708.23,11446.02,435.8
985-8757,12418.7,16106.42,50591.520000000004,414.42
985-8778,9998.4,15558.3,12621.8,643.92
985-8867,10337.42,49998.4,11228.32,418.2
985-8875,8478.22,14238.4,13782.0,589.72
985-8978,13069.619999999999,54218.4,37042.5,531.3
985-9556,29762.4,5761.51,47384.030000000006,472.01
985-9558,15350.8,13662.32,11939.72,457.29999999999995
985-9559,15561.599999999999,11696.13,18624.0,413.6
985-9577,22597.24,39896.86,26495.5,1201.5
985-9587,4397.4,4420.599999999999,4200.8,120.2
985-9589,17909.82,19686.32,59094.22,902.94
985-9597,10023.599999999999,29324.82,10699.42,365.1
985-9668,46318.8,10089.2,9577.0,224.1
985-9686,10428.14,8462.6,16655.92,582.8199999999999
985-9687,47571.2,6556.52,10134.12,334.0
985-9697,2001.71,2388.8,2514.8,141.11
985-9699,4963.51,5753.82,6266.3,337.61
985-9755,48558.1,13097.03,17049.11,298.7
985-9777,22783.500000000004,4125.8,4059.0,101.39999999999999
985-9778,9975.4,47517.8,10171.199999999999,311.0
985-9787,8349.32,12848.82,50321.2,621.62
985-9788,5413.0,13125.6,10024.529999999999,521.01
985-9789,45988.53,105378.67,124402.15000000001,2478.85
985-9859,8306.630000000001,9744.220000000001,12540.12,221.13
985-9869,12372.0,8871.34,12726.92,1417.82
985-9895,5808.6,9280.62,7080.3,444.11
985-9958,23694.12,68017.74,19998.32,1078.6399999999999
985-9975,5279.12,7741.299999999999,5832.21,334.21
985-9977,29879.4,7724.3,12590.4,220.1
985-9985,11306.9,13454.699999999999,12436.619999999999,568.12
985-9988,14034.83,19474.61,22455.51,984.11
985-9989,6137.11,9345.4,49405.7,430.40999999999997
985-9995,8116.599999999999,9381.62,9861.6,451.93
985-9996,12599.1,12008.8,11296.4,1030.9
986-5575,17261.399999999998,14779.0,14696.599999999999,557.11
986-5577,4516.71,4141.5,4203.7,156.01
986-5589,5488.7,16343.599999999999,50283.200000000004,533.6
986-5595,11822.72,55854.520000000004,50204.22,664.8
986-5597,11803.83,12029.1,11392.5,414.21
986-5678,53338.3,10228.619999999999,11828.2,179.4
986-5755,12523.1,12177.6,14951.1,538.22
986-5778,2071.81,4732.2,23294.11,421.09999999999997
986-5798,5332.53,11538.42,30778.11,751.6
986-5857,50554.82000000001,16524.899999999998,53136.4,1008.12
986-5859,11070.9,11169.82,12405.02,856.4
986-5866,55503.32,53678.1,12386.0,534.42
986-5875,7208.22,11499.72,14192.4,461.62
986-5878,14696.74,12480.8,49804.020000000004,932.22
986-5887,49637.6,11462.74,7823.0199999999995,462.72
986-5959,8178.24,12114.54,13675.52,559.7
986-6669,9144.7,16408.22,9088.4,482.7
986-6788,7312.32,8464.72,8092.7,760.0
986-6789,8684.6,17712.399999999998,15930.51,592.0
986-6988,8706.2,13422.0,51710.700000000004,727.82
986-7567,1817.1999999999998,4107.599999999999,4039.2,123.89999999999999
986-7569,5030.4,6777.32,11124.6,363.9
986-7597,2986.3,2434.2,2207.21,176.60999999999999
986-7678,9902.3,9928.2,12098.3,563.11
986-7697,10140.41,8725.71,9855.51,662.91
986-7756,7683.22,11810.8,17649.72,517.12
986-7777,50237.44,7832.219999999999,12838.5,489.92
986-7778,2839.8,5073.71,2304.7,148.9
986-7799,4728.2,23397.510000000002,4057.7,210.71
986-7869,17446.6,15692.0,15985.220000000001,779.1999999999999
986-7898,8658.3,8354.3,11673.199999999999,948.4200000000001
986-7899,8557.7,7919.0,11508.1,345.64
986-8599,10074.74,11942.0,14196.8,438.59999999999997
986-8665,7367.22,16442.32,53944.5,292.9
986-8759,13021.6,49915.1,8139.1,383.4
986-8877,7978.0,11217.02,7996.72,512.42
986-8889,12219.199999999999,54080.92,9868.619999999999,550.4
986-8965,10577.02,11242.22,15611.099999999999,438.0
986-8995,20836.25,18123.23,17958.35,1376.62
986-9568,15795.42,12620.599999999999,15713.9,444.62
986-9588,11464.220000000001,53435.0,53686.200000000004,942.8
986-9597,10958.8,47714.920000000006,9242.11,378.93
986-9689,12399.220000000001,53691.3,11735.84,991.4200000000001
986-9758,115136.42,34382.02,14819.04,1350.81
986-9768,12820.74,13640.3,53947.42,386.12
986-9778,10984.199999999999,11601.23,33977.9,565.42
986-9788,1914.4,23112.61,2188.3,174.01
986-9798,11520.32,11320.0,68256.72,398.7
986-9799,8791.62,28624.51,11098.0,390.81
986-9898,8598.12,11807.2,8381.44,514.6
986-9956,15552.32,14108.2,50432.100000000006,642.92
986-9958,29052.2,30474.22,10321.699999999999,710.01
986-9988,9823.7,26931.210000000003,6083.92,524.21
987-5555,17449.02,13062.82,14239.0,823.92
987-5559,8021.3,11939.22,50059.14,754.52
987-5575,12059.4,15374.599999999999,16056.42,463.54
987-5579,13183.019999999999,16338.6,17631.92,656.22
987-5586,4502.099999999999,2357.11,2175.8,121.1
987-5587,2484.8,13377.7,2349.9,174.6
987-5595,13642.099999999999,11472.02,12263.32,509.32
987-5598,15504.82,50661.299999999996,12447.32,511.2
987-5677,12199.9,16752.8,31108.02,262.0
987-5758,8104.62,16143.8,13942.1,808.84
987-5769,2233.4,2387.6,2404.5,187.0
987-5778,3810.2,4141.7,4010.7000000000003,93.5
987-5779,12176.5,13230.74,12555.52,392.84
987-5798,7295.0199999999995,7860.8,7702.1,229.01999999999998
987-5856,15965.62,8549.52,50278.02,471.22
987-5875,4272.0,4469.599999999999,4390.799999999999,201.6
987-5887,2115.31,2487.31,2420.2999999999997,72.00999999999999
987-5889,5415.53,5822.53,5981.5,274.53000000000003
987-5955,12956.72,14960.3,15801.52,408.8
987-5968,2060.1,2314.9,2435.11,185.29999999999998
987-5975,4145.11,4149.61,3992.91,140.11
987-5985,2773.9,2327.3,23388.300000000003,125.4
987-5997,4291.799999999999,2366.1,3043.3,140.61
987-5999,7604.9,9458.1,11119.199999999999,321.53
987-6555,13644.1,8045.2,29080.4,921.1
987-6565,12110.6,12198.699999999999,11850.0,538.1999999999999
987-6577,10858.03,8370.73,18007.13,894.23
987-6677,4342.2,4224.610000000001,4362.9,117.71
987-6765,2386.4,4219.9,2393.0,365.11
987-6787,23051.1,2317.0,2130.6,190.0
987-6795,2416.1,3200.31,4371.7,134.6
987-6797,23094.31,2098.21,4204.3,154.9
987-6798,16132.699999999999,8750.42,15830.92,450.52000000000004
987-6799,26871.81,9805.53,11624.199999999999,442.8
987-6858,6352.14,9461.74,7921.62,515.72
987-6977,1773.7,22883.91,2059.1,75.50999999999999
987-6979,4287.21,1989.3,2241.0,425.5
987-6985,23303.0,2612.5,4263.3,239.8
987-6987,30638.02,10102.52,9964.8,512.8
987-6999,7975.93,9297.2,7991.1,667.2
987-7555,4381.299999999999,4389.0,4207.7,343.0
987-7558,12756.6,8666.1,13462.3,489.8
987-7559,13347.02,12035.52,13450.019999999999,524.3
987-7575,5389.81,2754.4,2234.71,160.2
987-7587,17161.0,8190.8,11827.82,783.4
987-7599,2054.3,4417.1,2201.8,134.2
987-7655,4165.400000000001,2463.2,3353.6,143.3
987-7657,6845.3,13752.42,14488.62,564.6
987-7659,4232.5,2204.91,2664.7,134.1
987-7685,2430.7,3225.1,2435.6,183.29999999999998
987-7756,12876.800000000001,4576.6,2259.9,157.7
987-7757,2192.8,4465.01,2163.5,148.89999999999998
987-7758,2240.9,2291.21,2176.1,304.4
987-7759,3299.81,2414.2,2372.0,151.6
987-7769,2168.7,4329.6,2512.41,205.31
987-7775,36386.13,16369.0,31317.92,826.1999999999999
987-7778,2033.9,23388.9,2830.21,180.51
987-7779,4084.52,3791.0,24936.7,122.71
987-7795,4325.41,2074.7,2269.8,79.3
987-7875,16464.33,14574.8,16278.800000000001,442.83
987-7877,4052.1,4830.9,2140.21,358.61
987-7887,2142.8,2256.4,3455.0,142.31
987-7896,2349.9,2976.1099999999997,2099.5099999999998,114.5
987-7956,2255.0,4426.91,2269.7,121.11
987-7957,2411.91,2486.41,4126.9,161.2
987-7959,10246.7,9265.61,8243.6,487.4
987-7969,8621.92,8709.699999999999,10436.22,688.1
987-7999,12632.2,50112.72,13676.220000000001,610.1999999999999
987-8575,15283.42,11694.7,11959.3,503.3
987-8775,4005.3999999999996,2334.3,4180.9,179.7
987-8776,11484.32,12273.4,11898.8,780.42
987-8777,2233.0099999999998,4186.7,2486.1,169.0
987-8875,4413.7,4838.1,4778.0,125.6
987-8895,8353.4,12037.12,9369.3,223.6
987-8975,2245.7,2024.2,4786.91,145.9
987-8976,2460.9,4710.4,2384.8,199.5
987-8989,7677.9,55433.44,19243.6,342.9
987-8995,48131.22,9110.0,5927.0199999999995,757.5
987-8996,5879.7,12072.699999999999,9911.8,394.02
987-9588,11837.32,8291.3,17657.7,201.72
987-9598,21426.1,65800.32,27873.899999999998,1183.22
987-9599,12253.02,8941.22,11895.02,449.0
987-9658,2135.3,4246.2,2353.5,357.31
987-9665,2022.21,4140.0,2141.7,48.5
987-9766,49816.92,8053.12,16853.2,506.40000000000003
987-9767,4185.1,2519.81,3409.1,136.11
987-9769,5684.599999999999,7695.799999999999,10570.33,487.71
987-9777,10793.8,15415.92,20354.63,720.83
987-9778,2141.6,2473.0099999999998,2314.8,91.41
987-9779,4782.5,2416.91,2415.71,92.8
987-9795,28349.51,5630.92,10004.1,310.9
987-9799,10639.32,32848.41,12067.21,357.3
987-9855,4338.9,4245.4,4407.0,163.11
987-9876,4560.7,4142.7,2220.61,140.9
987-9878,11992.619999999999,11679.64,8300.8,628.0
987-9887,2132.2,2639.11,23365.81,123.6
987-9896,15955.8,16961.83,14547.73,831.4
987-9897,4005.0,3916.3100000000004,4335.9,177.7
987-9899,10079.9,14133.119999999999,14195.5,482.7
987-9957,9498.91,11398.11,7343.7,322.2
987-9958,7243.5,10626.51,13873.6,614.51
987-9967,7684.2,6354.51,7740.7,349.63
987-9968,16417.52,20874.42,16034.32,625.6
987-9977,6045.6,26089.399999999998,4946.21,235.5
987-9989,3901.8100000000004,5165.6,4683.2,370.4
987-9995,16421.12,11924.119999999999,12302.24,617.22
987-9997,16470.62,36921.22,11258.51,539.84
987-9999,6310.72,31129.2,6544.1,325.5
988-5577,1772.2,4275.2,2132.8,172.1
988-5587,10444.0,16634.920000000002,16259.8,659.62
988-5599,5152.32,49815.7,9959.5,402.09999999999997
988-5657,2337.3,4584.9,2380.81,156.91
988-5659,9599.8,7944.6,47456.71000000001,438.51
988-5687,22819.0,2580.2,2278.3,161.60999999999999
988-5689,26693.52,12287.699999999999,10033.52,457.01
988-5755,12435.12,12460.3,15211.4,605.7
988-5757,2127.81,23264.0,2371.0,140.71
988-5759,5137.11,67468.12,47850.3,409.61
988-5775,4325.8,5025.5,3954.9,376.61
988-5778,14373.41,9394.9,18019.7,940.4
988-5779,2208.1,2950.5,4263.71,157.31
988-5787,5544.21,4725.8099999999995,6716.5,239.41
988-5789,11579.9,16263.32,15449.82,469.02
988-5795,12006.699999999999,8647.92,6900.52,654.41
988-5877,3446.7999999999997,3678.5,2165.4,106.8
988-5879,5640.82,7149.820000000001,5822.4,387.6
988-5885,7817.7,12509.699999999999,9395.52,649.6
988-5889,15445.72,53893.020000000004,19786.02,693.1
988-5976,2403.11,4238.799999999999,2600.2,171.5
988-5987,5997.11,47602.61,12366.72,264.62
988-5989,22746.24,25545.2,21849.12,819.83
988-5996,4837.13,11860.22,6084.62,450.6
988-5999,9092.619999999999,11185.199999999999,11545.109999999999,405.51
988-6557,6181.12,11364.6,8156.4,495.71999999999997
988-6566,14082.82,11948.9,17271.34,649.6
988-6657,2195.2,2426.3,2212.61,152.8
988-6659,5398.6,9497.4,6756.13,430.6
988-6676,17890.7,10973.72,13851.32,542.5
988-6755,49511.520000000004,12514.74,13679.199999999999,649.22
988-6756,15153.62,11670.1,91348.40000000001,620.52
988-6785,61678.6,18391.54,62017.22,1214.84
988-6889,14957.22,16472.72,13195.52,1046.4
988-6959,8423.04,17381.899999999998,7515.8,463.14
988-6996,8160.3,11719.8,11710.62,563.42
988-6999,11728.22,12150.0,53891.32000000001,563.12
988-7557,12513.4,8386.2,15974.62,1301.7
988-7565,8125.9,12544.62,8544.6,724.52
988-7569,8558.32,13080.8,11926.84,372.32
988-7575,9121.519999999999,50853.22,12281.3,709.0
988-7577,2357.01,2430.71,2380.61,172.3
988-7588,57683.4,14355.82,38573.4,1113.82
988-7589,16037.5,11785.0,11957.8,867.52
988-7595,4335.0,4238.8,4321.6,86.1
988-7676,1785.6100000000001,2420.11,2417.0,118.3
988-7677,18137.52,15289.83,16770.0,780.1999999999999
988-7678,2341.5,2395.5,2343.1,193.01
988-7686,53031.82,53648.94,15741.04,506.02
988-7698,5509.5,6134.22,9410.12,359.10999999999996
988-7758,2408.7,4200.110000000001,2469.3,102.6
988-7767,4265.099999999999,2349.5,3673.6,175.71
988-7777,2458.21,4116.81,2380.31,176.11
988-7789,8019.3,50599.1,12175.5,919.62
988-7797,16071.01,17455.32,18960.41,1009.85
988-7798,2425.3,4968.5,23284.100000000002,149.4
988-7875,2261.2999999999997,2520.6,2294.0,208.3
988-7885,12343.22,12041.1,50006.520000000004,672.6999999999999
988-7889,11411.62,50830.52,56429.1,967.3
988-7895,8287.9,10107.9,9618.199999999999,512.3
988-7899,4139.9,22919.399999999998,2359.0,108.0
988-7958,6134.200000000001,12642.41,5993.0,358.21999999999997
988-7977,15428.1,24161.93,13366.74,1152.82
988-7986,4282.0,2473.5,2236.3,92.81
988-7987,7520.22,12589.199999999999,8968.9,461.7
988-7995,7778.3,8447.52,12296.9,447.9
988-7996,14314.62,16025.6,15671.8,868.22
988-7997,31480.75,62408.72,34014.11,1569.95
988-8569,13054.4,49989.34,8329.52,675.04
988-8578,11349.119999999999,53742.32,49554.9,599.2
988-8658,15499.8,7456.92,8167.42,898.62
988-8775,49124.04,9023.12,11558.42,637.12
988-8869,7832.9,50838.32,17010.3,1052.8
988-8955,52820.32,18172.72,15963.699999999999,634.9
988-8978,4840.01,2283.4,2433.6,130.7
988-8998,13165.91,9462.0,5743.0199999999995,383.6
988-9559,13261.9,12023.02,7718.24,456.84
988-9575,13174.3,8493.92,12434.1,537.3199999999999
988-9578,12539.199999999999,16711.03,15013.72,1044.4
988-9588,7644.599999999999,5803.42,11670.5,581.0
988-9595,7676.2,11467.0,49487.62,217.5
988-9597,7601.81,5710.01,4722.61,342.8
988-9598,72494.7,16079.61,14454.83,634.7
988-9599,14024.02,51189.299999999996,16980.7,490.92
988-9676,4864.01,5788.110000000001,9558.3,365.59999999999997
988-9757,8618.44,12426.32,11731.699999999999,395.72
988-9767,7914.4,5896.6,10206.1,436.93
988-9777,3925.1,22984.3,4068.6,89.5
988-9778,9420.119999999999,18019.72,16282.650000000001,598.52
988-9779,20366.23,23821.41,60808.13,1186.84
988-9795,8473.41,6591.9,4544.8,488.21
988-9797,6053.42,48117.0,47781.9,311.42
988-9798,6116.82,12031.8,30841.4,397.2
988-9799,14604.93,13522.199999999999,9487.0,486.43
988-9858,11911.4,9806.4,12116.54,774.5
988-9865,49331.520000000004,12062.72,12893.0,898.52
988-9876,16076.7,15880.5,18299.82,692.52
988-9878,49462.32,91968.0,15895.0,570.4
988-9899,11995.6,26779.8,6620.62,371.82
988-9967,11371.699999999999,11998.4,53565.9,818.9
988-9977,2927.31,4240.799999999999,4308.2,367.6
988-9979,9669.62,11485.82,11667.42,728.61
988-9986,11931.6,6254.8,5389.8,336.11
988-9995,21542.44,21578.62,18540.3,1694.03
988-9997,9160.3,6648.32,10327.12,493.4
988-9999,10752.83,12013.699999999999,11900.6,672.9
989-5579,4182.81,4250.0,23440.899999999998,163.21
989-5586,12983.9,47557.71000000001,5658.3,360.59999999999997
989-5587,7148.4,70690.53,9629.93,589.03
989-5589,5920.6,17143.2,9666.9,350.0
989-5597,12214.52,54886.32,8654.7,599.02
989-5599,11260.81,7579.6,27237.699999999997,696.91
989-5777,2025.6999999999998,13399.900000000001,4823.51,149.0
989-5787,9469.52,12609.32,8261.7,472.0
989-5799,5835.2,12351.12,12304.1,560.9
989-5857,51212.3,53512.6,12288.720000000001,626.1
989-5877,13270.42,14901.82,18778.52,1161.82
989-5879,49819.700000000004,10140.62,8556.619999999999,431.2
989-5895,49476.2,7931.219999999999,8117.299999999999,392.4
989-5898,70528.4,70916.2,14500.54,653.03
989-5957,11360.6,13026.220000000001,12306.4,534.02
989-5968,5012.0,5503.7,47644.71,367.0
989-5969,7458.92,10047.199999999999,10069.9,777.8
989-5975,1829.6100000000001,22929.7,4520.2,174.21
989-5977,4116.8,2332.5,3104.41,144.10999999999999
989-5979,15610.73,58784.92,13815.3,483.03
989-5985,6607.599999999999,5904.2,28697.120000000003,241.92
989-5987,15524.92,14609.6,15147.8,565.62
989-5995,22984.29,124651.32,29239.84,1607.93
989-5997,11721.6,6025.72,48555.03,432.40999999999997
989-5999,7183.219999999999,17623.62,12374.130000000001,422.4
989-6588,48893.54,11739.44,10259.7,523.4399999999999
989-6679,8726.32,7998.33,8139.3,407.92999999999995
989-6757,68389.4,26056.94,20964.04,1768.6
989-6777,19612.4,9879.63,11736.1,547.8
989-6795,9925.2,11062.41,11364.619999999999,402.42
989-6965,9510.0,7434.099999999999,47383.3,688.01
989-6977,9389.6,27027.23,5743.42,356.81
989-6985,32920.799999999996,9949.92,11573.62,567.6
989-7557,14879.019999999999,17737.04,8293.4,528.1
989-7558,8342.74,12188.82,12523.099999999999,1043.02
989-7575,9365.91,48480.7,8268.31,458.71999999999997
989-7577,4374.71,2325.5,2355.7,166.91
989-7578,19947.2,16632.2,12566.51,509.90999999999997
989-7595,8016.7,15684.8,10785.3,497.5
989-7598,6792.5,9873.52,5681.3,237.22
989-7599,28144.81,33951.2,39062.93,1146.4099999999999
989-7655,7665.3,6162.0,7299.22,269.40000000000003
989-7659,11771.099999999999,9053.91,6395.599999999999,275.4
989-7685,9832.72,9442.82,10028.300000000001,435.2
989-7757,8840.52,11740.6,8566.12,594.9
989-7759,10768.23,11895.3,47455.799999999996,355.21999999999997
989-7775,9798.9,5899.92,9882.720000000001,851.0
989-7779,10067.52,9094.0,10203.4,378.82
989-7785,2230.4,2249.9,2105.8,109.4
989-7786,79755.8,83946.43,13776.6,1070.63
989-7856,22855.4,4088.41,4337.12,148.31
989-7877,11765.02,8753.02,6150.51,652.71
989-7878,3933.1000000000004,2044.9,2151.4,137.3
989-7879,49769.840000000004,16444.8,50030.0,795.8
989-7885,2380.9,2528.6,4209.7,190.9
989-7887,5651.8,9896.9,7376.0,327.21
989-7898,11370.5,6243.5199999999995,9749.82,312.82
989-7956,22120.52,63118.81,15117.72,569.85
989-7958,9485.51,13404.5,8947.7,507.4
989-7977,2693.6,4337.1,2995.4,203.71
989-7978,6032.0,26877.0,6534.51,499.40999999999997
989-7985,47946.82,6010.4,5833.4,344.8
989-7986,6050.6,7950.8,8407.32,541.63
989-7999,8517.6,12340.04,8429.5,574.22
989-8765,15049.3,54801.200000000004,9260.42,661.3
989-8775,10687.4,5614.2,11417.0,448.4
989-8777,5587.81,7393.62,9501.4,427.2
989-8796,53704.92,11331.3,8316.7,511.42
989-8797,9996.619999999999,8807.02,12098.6,435.9
989-8879,22538.81,2679.6,4879.71,169.9
989-8885,8314.220000000001,8704.42,53829.22,566.7
989-8899,25506.71,6492.1,8823.23,349.42
989-8957,14789.699999999999,16437.399999999998,49850.9,719.82
989-9555,8068.4,8067.2,12828.0,643.0
989-9579,14743.32,12372.3,17828.6,421.32
989-9589,8642.8,34304.4,9355.92,639.0
989-9599,72726.43000000001,10205.93,36135.8,1153.23
989-9658,5264.0,11693.82,6005.0,534.41
989-9665,47584.41,9430.3,6018.3,227.29999999999998
989-9677,8738.3,25459.699999999997,6497.91,307.31
989-9679,7880.7,30711.3,7646.82,429.11
989-9688,12244.099999999999,12220.8,53321.82,273.71999999999997
989-9699,11847.0,9866.0,47893.01,307.4
989-9759,12303.3,55355.22,54252.72,705.92
989-9775,6671.0,15605.72,9256.4,413.2
989-9778,7975.3,6079.51,9747.800000000001,327.73
989-9779,8090.7,12074.72,11329.82,560.34
989-9797,2343.0,2344.11,2319.2999999999997,186.5
989-9798,8825.4,51014.8,8481.82,501.9
989-9799,9336.4,47591.51,6055.3,427.22
989-9855,7685.9,11448.8,11815.3,351.83
989-9856,49955.0,6188.12,10412.82,407.7
989-9885,15086.3,55938.72,21613.16,989.14
989-9887,9295.6,10055.31,27021.91,300.4
989-9889,12901.02,12236.22,11812.24,570.1
989-9899,6112.9,6611.61,5967.42,383.82
989-9957,1875.31,2588.3,4224.599999999999,130.1
989-9958,6128.2,49462.62,11936.52,741.83
989-9959,17005.81,17464.01,17390.1,638.3
989-9965,9000.039999999999,17306.02,8644.52,418.6
989-9977,4477.610000000001,23197.41,23404.899999999998,235.1
989-9978,54361.700000000004,13164.4,11941.599999999999,647.62
989-9979,10737.3,11710.02,8938.4,409.13
989-9986,13880.0,10946.22,49967.52,704.2
989-9987,2115.41,2397.3,3382.31,116.8
989-9989,12071.92,24071.2,57881.73,848.9
989-9997,13962.4,7441.54,16188.699999999999,648.92
989-9999,19449.63,39207.909999999996,45336.2,915.82
995-5558,10919.71,6063.4,9704.4,500.2
995-5585,5195.8099999999995,21418.0,8079.41,840.1
995-5699,8001.6,8725.1,9732.199999999999,394.90999999999997
995-5797,4831.62,7779.4,9497.1,352.13
995-5865,12031.91,10978.82,7989.82,342.2
995-5888,5566.21,11653.8,6445.02,512.3199999999999
995-5975,16555.3,15717.34,14780.1,527.81
995-5976,11928.4,78659.52,13635.92,869.22
995-5997,5601.82,7530.71,5161.13,487.7
995-5999,5590.4,5831.8,8514.6,415.0
995-6578,7480.02,7909.92,28666.13,322.79999999999995
995-6595,9708.5,7026.2,10225.3,442.92
995-6689,9374.61,11869.1,30507.9,425.9
995-6777,10372.9,6350.5,5869.0,284.0
995-6797,6836.6,5485.51,5406.6,640.72
995-6899,12166.02,9992.13,6485.099999999999,308.7
995-6957,9590.0,8159.51,12097.91,445.5
995-6995,5671.83,8596.2,11657.4,405.8
995-6998,5734.41,11527.32,6867.1,369.61
995-7557,11347.199999999999,12436.4,7943.1,556.31
995-7577,27007.52,8664.81,7954.33,738.5
995-7578,30185.300000000003,8225.91,7260.62,383.21999999999997
995-7686,8019.8099999999995,11915.0,8764.619999999999,349.2
995-7689,5591.82,8533.4,9175.02,503.5
995-7756,8272.699999999999,6537.7,48416.82,312.6
995-7799,5844.9,9247.4,49381.62,360.5
995-7858,11933.4,5827.2,11747.51,407.92
995-7896,12093.630000000001,14267.1,6622.1,373.71999999999997
995-7898,9873.5,13167.02,11533.52,266.0
995-7958,58178.06,52270.340000000004,34117.33,1260.6200000000001
995-7989,6019.01,32719.3,50259.100000000006,936.0999999999999
995-8588,6113.0,6373.42,5835.7,274.12
995-8769,11470.92,6241.6,9031.51,353.62
995-8788,8602.130000000001,11969.3,9661.8,393.72999999999996
995-8899,9631.53,5583.5,7999.799999999999,383.1
995-8959,9324.03,7513.22,11581.32,325.5
995-8969,48423.72,9723.82,9468.82,535.4
995-8998,9774.4,9654.63,48610.4,338.0
995-9557,8594.82,26837.3,6214.4,634.82
995-9569,27225.73,27146.1,27223.620000000003,274.52
995-9587,5848.02,12363.32,47473.700000000004,670.4
995-9689,26672.100000000002,12312.11,7776.9,360.9
995-9699,6545.5,12745.62,26472.6,286.1
995-9757,5632.52,7796.12,5474.2,213.42
995-9799,8006.2300000000005,7806.099999999999,8811.3,332.4
995-9857,47325.1,5600.32,9157.2,493.12
995-9859,47363.52,27550.100000000002,12797.6,454.52
995-9875,5059.4,11587.6,31500.120000000003,221.6
995-9876,8216.099999999999,9553.12,8049.099999999999,444.01
995-9978,5917.8,5900.4,9635.220000000001,393.12
995-9985,5570.0,49196.91,8033.31,352.90999999999997
995-9997,10352.21,14163.130000000001,15482.0,589.9
995-9998,9201.6,7692.91,5559.2,274.13
995-9999,65905.64,65707.75,26532.71,1273.7
996-5569,4930.0,5671.2,7899.83,745.1
996-5657,5948.53,7151.7300000000005,7758.91,494.0
996-5665,7394.02,9560.81,9890.11,161.2
996-5668,10848.8,7710.03,7584.3,497.51
996-5778,6007.81,6067.62,26510.51,485.8
996-5799,9788.41,13355.1,5401.12,233.73
996-5855,5708.3099999999995,49942.299999999996,11391.83,296.9
996-5899,9621.71,11307.41,49776.41,385.2
996-6599,11075.720000000001,9692.52,11632.92,358.81
996-6658,8490.4,8599.9,9620.4,207.29999999999998
996-6886,20833.600000000002,8235.61,8850.8,438.21
996-7599,7658.52,6500.6,9438.8,548.71
996-7679,5782.599999999999,11900.6,11611.710000000001,361.32
996-7699,7744.799999999999,9571.9,5848.02,177.7
996-7787,10028.02,7965.9,5396.62,847.82
996-7797,11867.630000000001,48939.33,8164.400000000001,648.21
996-7866,9623.4,6784.2,9309.62,290.0
996-7897,10272.51,10442.9,12387.31,269.12
996-7955,7776.21,6291.83,5196.52,232.2
996-7995,8323.7,49242.530000000006,8693.9,292.2
996-8597,9569.0,12213.8,6178.2,274.11
996-8697,9814.72,49749.520000000004,7625.3,602.62
996-8789,49396.1,6234.53,6159.530000000001,301.02
996-8799,4546.5,5756.8,10198.6,273.3
996-8857,5222.72,17243.1,6426.61,392.7
996-8958,14699.3,29271.34,10352.01,412.11
996-9555,6270.6,5953.22,9131.300000000001,302.2
996-9557,6572.6,5937.6,5592.2,341.42
996-9576,5638.2,8874.800000000001,5974.5199999999995,658.72
996-9676,7566.200000000001,5814.2,5640.4,340.43
996-9695,6309.93,7135.509999999999,8436.91,418.8
996-9757,6279.5,7754.6,9772.5,811.1999999999999
996-9759,5616.6,13833.21,8793.8,502.82
996-9859,7301.6,5791.0,11333.31,434.8
996-9895,26015.61,48480.0,9402.0,432.21999999999997
996-9965,9888.53,5744.4,6627.01,330.0
996-9969,50095.6,7545.2,7614.2,497.9
997-5559,9842.11,26792.72,8639.6,321.1
997-5565,9765.42,10738.5,8889.199999999999,415.52
997-5578,12119.92,47405.9,9754.8,274.02
997-5589,8139.4,48645.62,5165.5,232.4
997-5599,9837.7,7909.9,9922.3,250.70999999999998
997-5688,27048.21,6184.32,11328.8,518.02
997-5758,47626.600000000006,10449.81,5990.0,322.71
997-5779,5720.51,7687.32,7873.13,839.21
997-5786,5927.23,11320.6,5909.12,403.01
997-5796,7404.820000000001,9528.51,5874.22,868.0200000000001
997-5798,7341.71,7913.11,9914.82,516.9
997-5859,5956.6,49994.299999999996,7480.0,826.73
997-5867,7264.9,31317.020000000004,26479.8,620.71
997-5875,30251.41,7430.02,12046.8,554.52
997-5879,6455.5,12084.3,5531.4,439.53
997-5897,5404.0,5774.1,7086.53,475.3
997-5996,10951.12,9799.1,5927.02,376.9
997-5998,5416.6,9947.1,11800.62,436.42
997-5999,6474.3099999999995,8202.3,9508.3,450.4
997-6555,6632.799999999999,6269.32,8016.0,447.7
997-6687,8481.6,11642.93,14378.62,535.61
997-6769,7348.81,49646.030000000006,8048.42,432.8
997-6778,7241.5,9553.9,7715.11,360.21
997-6779,5496.92,6460.8,6273.3,392.79999999999995
997-6788,10229.41,11490.699999999999,8245.91,401.6
997-6796,6263.7,52121.52,14511.6,435.02
997-6899,6185.31,9814.509999999998,11757.4,431.7
997-6986,48229.5,9403.5,7513.31,399.53
997-7557,11765.5,48882.71000000001,8284.0,460.40999999999997
997-7655,9816.51,12584.8,11469.52,393.73
997-7676,9114.73,7697.62,49636.920000000006,171.0
997-7755,4949.5199999999995,9811.5,6204.5,352.42
997-7776,8911.0,5280.6,5999.3,960.3
997-7785,9850.699999999999,6174.9,12513.7,451.7
997-7797,7877.82,11615.5,7861.12,343.40999999999997
997-7888,6689.5,5940.43,11694.8,443.73
997-7896,5377.11,7191.33,4896.52,282.71
997-7968,10735.33,11629.3,49345.600000000006,882.9
997-7977,16766.02,18683.61,15081.41,557.3199999999999
997-7978,70585.7,16999.3,8289.3,435.2
997-7995,5425.62,6112.03,5568.21,284.1
997-7997,30842.8,8055.8,10292.210000000001,415.9
997-7998,26873.2,11828.21,6798.7,401.7
997-7999,7806.0,9596.4,26760.4,411.09999999999997
997-8697,7927.8,5780.3,12594.11,445.5
997-9566,8251.3,5407.9,10404.51,460.6
997-9569,15571.73,26420.14,56134.5,665.03
997-9575,6068.3,5970.1,26878.91,276.8
997-9578,9965.9,11076.9,6124.6,736.2
997-9758,5798.5,9658.4,9761.12,263.71
997-9768,7798.21,8064.3,6004.71,369.53
997-9789,19895.6,17077.3,23751.61,802.32
997-9855,9225.2,25135.309999999998,6162.01,602.21
997-9856,7857.6,11528.3,7355.91,328.7
997-9867,26353.02,9781.6,5974.599999999999,469.2
997-9869,9136.91,12167.199999999999,5761.2,499.7
997-9879,17566.920000000002,15392.25,17919.61,1022.52
997-9885,9317.4,5590.3,12816.21,793.1999999999999
997-9898,35960.12,16541.899999999998,12495.6,571.92
997-9899,26051.54,70620.20999999999,25725.83,1393.01
997-9955,5264.2,10253.0,10438.6,561.52
997-9956,50297.22,10025.599999999999,10330.3,329.32
997-9957,10674.3,29108.2,17692.0,1147.11
997-9958,9159.1,5496.599999999999,8853.0,372.9
997-9977,5848.8099999999995,49285.7,11378.02,371.0
997-9988,9686.42,6705.0,6341.0,292.2
997-9989,7949.52,5913.8,10676.61,353.83
998-5558,11551.23,11776.699999999999,5576.8,231.93
998-5576,11453.02,9793.72,5859.12,341.8
998-5598,11594.9,30924.5,7196.3,478.2
998-5778,7782.0,5746.599999999999,8098.0,498.3
998-5788,14915.33,18648.03,14111.0,805.9
998-5797,5220.3,11901.51,11237.82,701.82
998-5895,47896.2,6488.9,7937.9,530.9
998-5955,7724.110000000001,8162.3,10711.3,453.2
998-5967,11568.12,5873.2,49226.21000000001,317.7
998-5985,7545.0,8097.71,12306.01,269.62
998-5995,69490.82,6081.0,6054.51,320.51
998-5999,17650.31,18955.62,15978.93,514.62
998-6595,48306.200000000004,6022.0,8629.019999999999,241.72
998-6659,4906.4,8038.8,7033.3,518.71
998-6755,11512.91,49265.4,27986.21,211.6
998-6777,7534.2,10861.199999999999,8106.410000000001,318.4
998-6799,6278.0,11820.52,6247.0,425.32
998-6955,5683.3,9473.52,5717.2,566.71
998-6995,7518.4,10579.9,18241.7,815.4
998-7557,10043.71,8683.8,11588.2,350.21999999999997
998-7587,5661.4,26128.81,8386.1,246.63
998-7699,10011.82,8991.61,6321.9,387.53
998-7755,5135.3,5968.91,31106.82,441.0
998-7785,7833.5199999999995,8690.619999999999,9785.199999999999,561.8
998-7787,6143.43,9129.03,6074.4,338.0
998-7789,13189.230000000001,8186.299999999999,14803.9,743.4
998-7798,9396.4,28578.5,5868.32,357.62
998-7799,5972.3099999999995,8196.310000000001,10063.91,504.8
998-7855,10491.3,11417.3,9664.9,287.1
998-7896,21084.0,21008.11,14946.199999999999,1421.9099999999999
998-7897,5323.91,7684.31,8107.13,410.82
998-7956,30604.1,7607.0,5979.7,344.11
998-7959,6322.11,8515.42,12141.41,330.13
998-7975,7387.4,8110.3,47588.200000000004,315.8
998-7978,10170.4,10022.699999999999,6186.2,491.8
998-7988,11492.8,12995.699999999999,31117.8,760.4200000000001
998-7989,5551.22,8608.71,5806.099999999999,252.11
998-8557,9892.9,5944.8,9532.1,706.5
998-8568,48212.6,13240.9,7548.03,326.3
998-8778,8236.82,5772.3,7156.11,488.4
998-8858,9144.4,9588.3,47391.22,256.0
998-8958,7009.12,26691.6,5855.62,431.1
998-8969,5793.8,9688.92,5855.92,332.8
998-8978,5561.11,11176.21,7779.7,256.61
998-9585,11260.5,10636.51,26830.42,444.7
998-9658,7496.2,6552.2,31927.3,585.11
998-9677,15429.93,11632.42,16681.52,835.11
998-9697,8412.32,11119.4,51092.73,947.1
998-9765,8648.6,6042.5,9671.93,310.41
998-9775,5069.41,5502.61,7473.7,276.63
998-9779,9372.21,8302.33,50264.71,310.11
998-9785,8310.62,8051.92,9892.5,329.3
998-9857,5931.43,6169.71,7968.91,345.72
998-9876,48761.11,6245.299999999999,6848.4,519.4
998-9885,4537.22,6128.9,6214.3,344.5
998-9969,5973.5,30299.13,11748.93,297.12
998-9977,11800.5,7409.33,9498.82,410.0
998-9998,10912.4,48092.41,26373.81,312.59999999999997
999-5585,6839.5,49639.22,7091.8099999999995,290.7
999-5589,57345.11000000001,13290.64,40469.82,752.9399999999999
999-5667,11208.51,26722.309999999998,9629.4,538.82
999-5677,17482.920000000002,16573.65,39241.32,837.53
999-5686,10120.01,47420.9,12699.199999999999,350.6
999-5695,8071.0,6186.51,5519.63,343.0
999-5767,10502.1,12830.109999999999,9955.6,365.12
999-5769,8175.4,13407.199999999999,12945.6,383.21999999999997
999-5779,30254.530000000002,47575.2,47827.920000000006,480.5
999-5786,10358.6,31775.11,8234.4,404.1
999-5798,37344.229999999996,13986.51,19426.81,967.0
999-5859,10447.31,74377.6,9819.23,459.1
999-5878,26652.1,8164.71,50364.1,344.51
999-5955,47850.32,11260.8,5974.5199999999995,484.0
999-5958,19067.0,15625.8,15710.699999999999,1178.33
999-5977,36809.2,34908.13,23007.73,584.72
999-5979,8855.509999999998,7600.8099999999995,12663.3,903.22
999-5985,4562.32,10700.1,27352.4,827.4
999-6569,11602.9,5642.2,30676.1,781.71
999-6589,10300.130000000001,11663.51,5690.2,338.1
999-6598,6678.2,10278.23,10162.6,380.0
999-6599,49513.25,52384.020000000004,34108.590000000004,1546.7
999-6667,5731.92,11231.8,12041.720000000001,732.0
999-6678,10096.11,5891.73,9662.61,353.83
999-6779,6186.9,8503.599999999999,30944.410000000003,382.9
999-6857,5237.8,48128.8,9314.9,457.59999999999997
999-6877,7607.2,8149.31,7815.2,389.7
999-6956,8255.4,7053.53,7350.2300000000005,275.9
999-6977,6353.8,7870.099999999999,12814.03,331.12
999-6998,49462.9,6263.8,6114.6,422.59999999999997
999-7578,9185.52,49555.409999999996,6168.92,425.8
999-7695,5369.1,6036.5,10428.1,354.4
999-7699,49159.51,47514.1,5782.8,402.2
999-7757,5998.01,47828.13,11300.4,376.9
999-7778,7179.41,9446.51,7510.110000000001,454.09999999999997
999-7798,5017.0,47478.7,10336.1,363.51
999-7895,9340.52,9927.1,11273.11,479.02
999-7898,27882.9,6461.83,12419.31,423.92
999-7957,8164.63,30803.0,48294.700000000004,783.4
999-7967,5797.71,26723.02,47499.8,418.41999999999996
999-7977,49267.01,48210.310000000005,10176.4,528.62
999-7995,54926.3,57868.42,15458.8,690.31
999-7996,18983.43,18164.9,15208.82,978.42
999-7998,38566.8,19377.91,15361.52,806.11
999-8599,11783.32,11622.12,9947.199999999999,373.61
999-8798,13331.9,15661.4,13401.83,403.01
999-8897,9739.21,5596.53,11878.599999999999,414.4
999-8956,7858.9,10265.099999999999,11686.6,186.42
999-8987,12013.199999999999,10013.7,10059.0,342.0
999-8998,7969.61,8306.31,5928.4,327.21999999999997
999-9559,11610.5,10455.31,49694.71,402.2
999-9569,4280.6,5763.12,7827.61,306.52
999-9575,7614.5,5631.599999999999,5541.73,357.21
999-9576,5790.599999999999,5990.22,6251.9,424.09999999999997
999-9577,5223.3,27009.22,5220.7,884.3
999-9578,13456.7,8552.2,16287.2,1184.73
999-9585,32272.420000000002,5983.1,49288.3,229.82
999-9589,6039.1,6307.22,9600.220000000001,257.32
999-9596,11439.71,8692.2,8397.0,266.8
999-9597,12406.0,5713.12,22487.7,653.8199999999999
999-9679,15424.33,18684.3,17053.3,786.8
999-9688,7617.33,11571.1,49638.1,504.2
999-9755,30613.53,6307.6,9219.0,437.6
999-9789,5999.21,7737.599999999999,11456.52,310.8
999-9795,5925.03,10550.0,5926.7,504.21
999-9797,15659.3,17375.13,18508.3,797.61
999-9798,7565.0,5973.93,6278.6,312.02
999-9799,21795.87,28003.54,23528.97,1117.42
999-9857,12682.02,7992.62,8128.599999999999,373.6
999-9859,48020.72,7795.02,5905.2,286.0
999-9867,7028.51,9741.720000000001,9382.220000000001,508.81999999999994
999-9877,6268.2,7906.2,28375.4,320.40999999999997
999-9887,9703.5,11761.11,12334.599999999999,290.4
999-9895,9690.9,8219.6,6115.0199999999995,407.2
999-9897,28865.0,70825.3,15780.630000000001,637.84
999-9898,9730.8,5724.2,13393.42,357.31
999-9899,7975.6,6316.71,30672.41,367.93
999-9965,6038.12,9051.1,26455.33,275.82
999-9989,10228.599999999999,10735.0,10924.630000000001,441.33
999-9996,10816.4,7404.599999999999,11440.01,398.9
999-9998,46774.92,11858.4,11826.71,588.9100000000001
999-9999,5968.72,6049.0,10933.61,386.22
