Phone Number,Account Length,VMail Message,Day Mins,Day Calls,Day Charge,Eve Mins,Eve Calls,Eve Charge,Night Mins,Night Calls,Night Charge,Intl Mins,Intl Calls,Intl Charge,CustServ Calls
327-1058,112.0,0.0,166.0,79.0,28.22,74.6,100.0,6.34,247.9,74.0,9.1,6.3,7.0,1.7,0.0
327-1319,22.0,23.0,182.1,94.0,30.96,164.6,59.0,13.99,128.8,102.0,5.8,12.7,4.0,3.43,3.0
327-3053,87.0,0.0,110.9,91.0,18.85,158.5,115.0,13.47,207.5,131.0,9.34,6.2,5.0,1.67,1.0
327-3587,103.0,36.0,87.2,92.0,14.82,169.3,110.0,14.39,166.7,80.0,7.5,10.9,5.0,2.94,6.0
327-3850,91.0,0.0,149.0,115.0,25.33,245.3,105.0,20.85,260.0,94.0,11.7,8.3,3.0,2.24,0.0
327-3954,99.0,0.0,198.2,87.0,33.69,207.3,76.0,17.62,190.9,113.0,8.59,8.7,3.0,2.35,4.0
327-4795,119.0,0.0,230.4,117.0,39.17,225.0,101.0,19.13,198.5,101.0,8.93,7.6,6.0,2.05,3.0
327-5525,61.0,16.0,143.5,76.0,24.4,242.6,58.0,20.62,147.7,95.0,6.65,11.3,3.0,3.05,0.0
327-5817,98.0,29.0,179.9,97.0,30.58,189.2,89.0,16.08,164.3,76.0,7.39,12.8,7.0,3.46,3.0
327-6087,107.0,0.0,146.9,94.0,24.97,114.3,100.0,9.72,114.5,97.0,5.15,11.4,5.0,3.08,3.0
327-6179,53.0,0.0,168.8,97.0,28.7,220.3,87.0,18.73,154.3,113.0,6.94,10.9,2.0,2.94,0.0
327-6194,85.0,0.0,212.3,107.0,36.09,228.4,103.0,19.41,163.3,116.0,7.35,7.7,3.0,2.08,0.0
327-6764,105.0,0.0,162.3,99.0,27.59,212.5,95.0,18.06,214.7,114.0,9.66,10.9,8.0,3.0,4.0
327-6989,75.0,42.0,248.9,93.0,42.31,170.8,108.0,14.52,104.5,91.0,4.7,11.2,8.0,3.02,1.0
327-8495,41.0,0.0,232.1,74.0,39.46,327.1,88.0,27.8,226.5,119.0,10.19,10.9,2.0,2.94,3.0
327-8732,100.0,27.0,221.7,100.0,37.69,236.1,70.0,20.07,192.7,91.0,8.67,8.0,4.0,2.16,0.0
327-9289,52.0,31.0,142.1,77.0,24.16,193.0,97.0,16.41,253.4,88.0,11.4,11.0,4.0,2.97,1.0
327-9341,122.0,34.0,146.4,104.0,24.89,89.7,103.0,7.62,220.0,91.0,9.9,15.6,4.0,4.21,2.0
327-9957,80.0,0.0,51.5,90.0,8.76,164.0,98.0,13.94,169.4,80.0,7.62,9.5,4.0,2.57,3.0
328-1206,155.0,23.0,243.9,112.0,41.46,133.0,106.0,11.31,213.7,123.0,9.62,13.4,11.0,3.62,2.0
328-1222,118.0,0.0,235.3,60.0,32.1,217.4,64.0,18.48,220.1,100.0,9.9,8.2,7.0,2.21,4.0
328-1373,48.0,0.0,149.2,146.0,25.36,161.9,109.0,13.76,197.9,109.0,8.91,8.3,2.0,2.24,3.0
328-1522,73.0,0.0,175.4,130.0,29.82,248.1,105.0,21.09,122.4,85.0,5.51,12.2,4.0,3.29,0.0
328-1768,93.0,20.0,187.5,110.0,31.88,169.8,94.0,14.43,175.3,127.0,7.89,12.1,4.0,3.27,1.0
328-2110,137.0,0.0,144.0,90.0,24.48,181.6,100.0,15.44,128.1,93.0,5.76,12.3,2.0,3.32,0.0
328-2236,97.0,0.0,112.7,119.0,19.16,217.7,109.0,18.5,152.1,76.0,6.84,6.5,5.0,1.76,1.0
328-2478,116.0,0.0,229.3,93.0,38.98,184.5,100.0,15.68,168.2,91.0,7.57,8.8,3.0,2.38,2.0
328-2647,81.0,0.0,203.5,89.0,34.6,289.6,69.0,24.62,212.9,71.0,9.58,8.7,3.0,2.35,3.0
328-2982,95.0,0.0,69.4,79.0,11.8,190.8,109.0,16.22,219.9,102.0,9.9,8.9,5.0,2.4,0.0
328-3266,97.0,0.0,239.8,125.0,40.77,214.8,100.0,18.26,143.3,81.0,6.45,8.7,5.0,2.35,2.0
328-3402,125.0,0.0,191.6,115.0,32.57,205.6,108.0,17.48,210.2,123.0,9.46,9.2,3.0,2.48,2.0
328-4231,60.0,31.0,191.8,75.0,32.61,267.8,135.0,22.76,200.5,62.0,9.02,12.8,3.0,3.46,2.0
328-5050,58.0,0.0,243.1,105.0,41.33,231.4,108.0,19.67,180.9,120.0,8.14,7.8,4.0,2.11,2.0
328-5188,117.0,0.0,287.4,118.0,48.86,259.6,84.0,22.07,153.2,86.0,6.89,10.0,3.0,2.7,1.0
328-6011,94.0,0.0,234.4,103.0,39.85,279.3,109.0,23.74,234.2,121.0,10.54,2.0,2.0,0.54,1.0
328-6289,139.0,23.0,157.6,129.0,26.79,247.0,96.0,21.0,259.2,112.0,11.66,13.7,2.0,3.7,0.0
328-6770,93.0,0.0,151.4,89.0,25.74,186.4,76.0,15.84,172.5,120.0,7.76,10.9,3.0,2.94,0.0
328-7209,149.0,20.0,198.9,77.0,33.81,274.0,88.0,23.29,190.7,76.0,8.58,14.3,9.0,3.86,1.0
328-7252,77.0,0.0,185.9,95.0,31.6,212.0,98.0,18.02,282.3,81.0,12.7,11.3,4.0,3.05,3.0
328-7833,98.0,0.0,227.1,116.0,38.61,120.5,103.0,10.24,117.0,102.0,5.27,4.7,4.0,1.27,5.0
328-8147,120.0,27.0,153.5,84.0,26.1,194.0,73.0,16.49,256.5,94.0,11.54,10.2,7.0,2.75,5.0
328-8179,90.0,27.0,156.7,51.0,26.64,236.5,118.0,20.1,123.2,101.0,5.54,12.6,6.0,3.4,2.0
328-8230,28.0,0.0,180.8,109.0,30.74,251.6,58.0,24.55,191.9,91.0,8.64,14.1,6.0,3.81,2.0
328-8747,162.0,0.0,135.2,98.0,22.98,242.0,107.0,20.57,246.9,96.0,9.1,10.2,2.0,2.75,2.0
328-8808,109.0,0.0,137.0,128.0,23.29,217.0,116.0,18.45,182.1,86.0,8.19,10.0,5.0,2.7,2.0
328-8980,37.0,0.0,239.9,120.0,40.78,261.6,88.0,23.23,207.1,88.0,9.32,8.9,4.0,2.4,2.0
328-9006,78.0,0.0,139.2,140.0,23.66,191.4,113.0,16.27,286.5,125.0,12.89,11.8,3.0,3.19,3.0
328-9267,97.0,32.0,90.0,87.0,15.3,276.3,113.0,23.49,185.2,107.0,8.33,8.6,6.0,2.32,2.0
328-9315,109.0,35.0,230.5,116.0,39.19,265.8,130.0,22.59,269.7,69.0,12.14,10.6,6.0,2.86,5.0
328-9797,63.0,0.0,261.8,69.0,44.51,245.0,135.0,20.83,202.1,94.0,9.09,14.7,4.0,3.97,0.0
328-9869,194.0,0.0,162.3,88.0,27.59,213.7,118.0,18.16,192.1,81.0,8.64,10.9,2.0,2.94,0.0
329-1410,87.0,30.0,262.8,114.0,44.68,215.8,130.0,18.34,154.8,88.0,6.97,7.8,2.0,2.11,0.0
329-1955,108.0,0.0,293.0,88.0,49.81,160.6,101.0,13.65,143.9,87.0,6.48,10.0,6.0,2.7,2.0
329-2045,96.0,0.0,144.0,102.0,24.48,224.7,73.0,19.1,227.7,91.0,10.25,10.0,7.0,2.7,1.0
329-2204,99.0,33.0,179.1,93.0,30.45,238.3,102.0,20.26,165.7,96.0,7.46,10.6,1.0,2.86,2.0
329-2388,122.0,0.0,144.2,87.0,24.51,212.2,74.0,18.04,169.3,87.0,7.62,9.5,4.0,2.57,0.0
329-2786,161.0,0.0,194.2,106.0,33.01,249.4,105.0,21.2,254.9,129.0,11.47,12.9,1.0,3.48,1.0
329-2789,86.0,0.0,226.3,88.0,38.47,223.0,107.0,18.96,255.6,92.0,11.5,13.0,3.0,3.51,4.0
329-2918,80.0,0.0,149.8,123.0,25.47,276.3,75.0,23.49,241.4,75.0,10.86,10.9,7.0,2.94,2.0
329-3222,119.0,29.0,117.8,66.0,20.03,256.8,114.0,21.83,147.6,76.0,6.64,7.6,3.0,2.05,3.0
329-3458,118.0,39.0,91.5,125.0,15.56,219.9,113.0,18.69,229.0,99.0,10.31,12.7,8.0,3.43,2.0
329-4391,193.0,0.0,170.9,124.0,29.05,132.3,95.0,11.25,112.9,89.0,5.08,11.6,3.0,3.13,1.0
329-4474,137.0,19.0,175.3,96.0,29.8,241.3,146.0,20.51,211.4,109.0,9.51,7.8,2.0,2.11,0.0
329-5114,123.0,0.0,257.9,92.0,43.84,211.6,71.0,17.99,189.3,104.0,8.52,9.4,2.0,2.54,2.0
329-5377,74.0,0.0,102.7,89.0,17.46,149.3,100.0,12.69,188.1,114.0,8.46,11.0,5.0,2.97,0.0
329-5400,122.0,30.0,230.1,108.0,39.12,287.6,76.0,24.45,177.1,85.0,7.97,6.9,3.0,1.86,2.0
329-6144,81.0,0.0,154.5,84.0,26.27,216.2,91.0,18.38,229.8,82.0,10.34,13.7,3.0,3.7,1.0
329-6191,41.0,37.0,239.8,110.0,40.77,221.9,115.0,18.86,189.1,100.0,8.51,7.3,1.0,1.97,2.0
329-6192,66.0,40.0,141.7,87.0,24.09,268.3,89.0,22.81,241.3,68.0,10.86,8.5,7.0,2.3,0.0
329-6562,138.0,0.0,170.5,87.0,28.99,118.2,116.0,10.05,187.9,101.0,8.46,11.2,7.0,3.02,2.0
329-6603,65.0,0.0,129.1,137.0,21.95,228.5,83.0,19.42,208.8,101.0,9.4,12.7,6.0,3.43,4.0
329-6731,123.0,0.0,123.2,104.0,20.94,190.0,117.0,16.15,170.3,95.0,7.66,12.9,5.0,3.48,4.0
329-7102,63.0,0.0,132.9,122.0,22.59,67.0,62.0,5.7,160.4,121.0,7.22,9.9,2.0,2.67,3.0
329-7347,121.0,0.0,170.4,108.0,28.97,350.5,68.0,29.79,297.0,87.0,13.37,11.2,3.0,3.02,0.0
329-8056,95.0,23.0,160.3,87.0,27.25,202.4,101.0,17.2,191.1,122.0,8.6,7.4,3.0,2.0,0.0
329-8115,86.0,16.0,145.7,88.0,24.77,191.0,129.0,16.24,215.5,82.0,9.7,11.3,7.0,3.05,0.0
329-8436,160.0,0.0,97.5,113.0,16.58,268.1,69.0,22.79,255.3,62.0,11.49,13.2,4.0,3.56,3.0
329-8638,90.0,22.0,124.5,94.0,21.17,231.7,90.0,19.69,252.15,108.0,10.0,6.4,12.0,1.73,1.0
329-8669,156.0,0.0,237.7,122.0,40.41,181.5,91.0,15.43,185.7,151.0,8.36,7.7,4.0,2.08,1.0
329-8788,24.0,0.0,235.6,132.0,40.05,115.9,129.0,9.85,185.4,136.0,8.34,16.2,2.0,4.37,0.0
329-9001,147.0,0.0,157.0,79.0,26.69,103.1,94.0,8.76,211.8,96.0,9.53,7.1,6.0,1.92,0.0
329-9046,74.0,0.0,148.5,102.0,25.25,146.5,42.0,12.45,289.2,83.0,13.01,9.9,6.0,2.67,3.0
329-9067,100.0,0.0,249.8,109.0,42.47,242.4,106.0,20.6,231.8,78.0,10.43,11.6,4.0,3.13,0.0
329-9364,148.0,0.0,202.0,102.0,34.34,243.2,128.0,20.67,261.3,90.0,11.76,10.9,3.0,2.94,1.0
329-9517,47.0,27.0,165.0,89.0,28.05,127.3,118.0,10.82,284.4,95.0,12.8,7.7,4.0,2.08,2.0
329-9667,115.0,0.0,251.3,69.0,42.72,252.5,96.0,21.46,118.3,112.0,5.32,9.9,1.0,2.67,3.0
329-9689,102.0,0.0,224.2,81.0,38.11,243.3,90.0,20.68,147.8,66.0,6.65,12.0,8.0,3.24,3.0
329-9847,43.0,0.0,251.5,105.0,42.76,212.8,104.0,18.09,157.8,67.0,7.1,9.3,4.0,2.51,0.0
330-1175,106.0,33.0,81.6,120.0,13.87,235.6,85.0,20.03,150.9,113.0,6.79,9.9,4.0,2.67,1.0
330-1627,87.0,33.0,125.0,99.0,21.25,235.3,81.0,20.0,215.3,95.0,9.69,10.2,7.0,2.75,2.0
330-1835,67.0,0.0,171.7,80.0,29.19,110.4,81.0,9.38,195.4,101.0,8.79,11.9,4.0,3.21,2.0
330-2635,57.0,0.0,115.0,65.0,19.55,122.3,96.0,10.4,245.0,75.0,11.03,6.4,1.0,1.73,0.0
330-2662,107.0,27.0,283.4,104.0,48.18,224.1,152.0,19.05,241.3,63.0,10.86,14.4,7.0,3.89,2.0
330-2693,112.0,0.0,161.9,138.0,27.52,200.9,114.0,17.08,134.0,134.0,6.03,10.7,4.0,2.89,1.0
330-2849,43.0,0.0,241.9,101.0,41.12,129.4,121.0,11.0,264.8,104.0,11.92,5.9,3.0,1.59,1.0
330-2881,96.0,27.0,261.3,96.0,32.39,220.9,101.0,18.78,179.4,97.0,8.07,11.3,2.0,3.05,1.0
330-3008,80.0,0.0,220.0,114.0,37.4,207.7,76.0,17.65,168.4,137.0,7.58,12.1,3.0,3.27,2.0
330-3429,183.0,0.0,116.7,92.0,19.84,213.8,112.0,18.17,214.3,112.0,9.64,9.7,6.0,2.62,2.0
330-3589,137.0,0.0,174.4,120.0,29.65,156.3,98.0,13.29,136.5,121.0,6.14,10.2,5.0,2.75,0.0
330-4364,130.0,0.0,132.4,81.0,22.51,200.3,110.0,17.03,202.5,103.0,9.11,6.0,1.0,1.62,2.0
330-4419,107.0,0.0,157.1,79.0,26.71,162.6,124.0,13.82,150.0,138.0,6.75,12.1,6.0,3.27,1.0
330-4914,106.0,0.0,52.2,106.0,8.87,220.1,113.0,18.71,112.3,95.0,5.05,11.4,2.0,3.08,2.0
330-4978,80.0,0.0,268.7,120.0,45.68,301.0,147.0,25.59,167.0,140.0,7.52,5.8,1.0,1.57,2.0
330-5168,63.0,49.0,214.9,86.0,36.53,198.2,89.0,16.85,170.8,139.0,7.69,8.2,5.0,2.21,0.0
330-5255,104.0,0.0,130.5,77.0,22.19,131.2,117.0,23.23,264.7,63.0,11.91,13.0,6.0,3.51,0.0
330-5462,108.0,0.0,103.0,129.0,17.51,242.3,103.0,20.6,170.2,89.0,7.66,7.9,3.0,2.13,1.0
330-5824,137.0,0.0,258.0,112.0,43.86,246.5,117.0,20.95,173.2,100.0,7.79,10.9,3.0,2.94,0.0
330-6165,99.0,0.0,95.4,105.0,16.22,207.2,101.0,17.61,136.0,117.0,6.12,5.6,5.0,1.51,1.0
330-6208,123.0,0.0,150.0,98.0,25.5,89.8,95.0,7.63,326.0,91.0,14.67,10.9,3.0,3.0,3.0
330-6436,50.0,31.0,302.7,93.0,51.46,240.5,119.0,20.44,193.9,103.0,8.73,13.6,14.0,3.67,3.0
330-6626,75.0,0.0,166.7,113.0,28.34,148.3,122.0,12.61,186.9,121.0,8.41,10.1,3.0,2.73,3.0
330-6630,165.0,0.0,207.7,109.0,35.31,164.8,94.0,14.01,54.5,91.0,2.45,7.9,3.0,2.13,0.0
330-7137,71.0,0.0,186.1,114.0,31.64,198.6,140.0,16.88,206.5,80.0,9.29,13.8,5.0,3.73,4.0
330-7483,86.0,0.0,176.3,79.0,29.97,259.2,97.0,22.03,287.4,78.0,12.93,6.2,3.0,1.67,0.0
330-7486,67.0,0.0,138.9,65.0,23.61,208.9,109.0,17.76,232.4,82.0,10.46,9.2,3.0,2.48,2.0
330-7754,91.0,0.0,145.0,89.0,24.65,175.8,102.0,14.94,223.7,151.0,10.07,16.7,3.0,4.51,2.0
330-8142,79.0,0.0,144.0,90.0,24.48,135.8,91.0,11.54,212.4,129.0,9.56,13.0,4.0,3.51,1.0
330-8173,141.0,37.0,258.6,84.0,43.96,251.6,100.0,18.87,326.4,97.0,14.69,11.2,5.0,3.02,0.0
330-8351,60.0,0.0,183.0,110.0,32.39,206.7,93.0,17.57,203.8,119.0,9.17,10.9,6.0,3.0,1.0
330-9294,181.0,27.0,190.3,93.0,32.35,249.0,127.0,21.17,215.7,82.0,9.71,10.6,4.0,2.86,1.0
330-9354,68.0,0.0,249.9,127.0,42.48,254.5,118.0,21.63,273.2,98.0,12.29,8.9,6.0,2.4,2.0
330-9833,76.0,0.0,198.3,130.0,33.71,217.1,86.0,18.45,188.4,96.0,8.48,12.5,3.0,3.38,0.0
331-1391,149.0,0.0,242.5,83.0,41.23,245.4,97.0,20.86,219.6,80.0,9.88,10.0,3.0,2.7,3.0
331-2144,1.0,26.0,208.0,115.0,35.36,185.0,113.0,15.73,252.15,144.0,8.0,8.1,9.0,2.19,1.0
331-3174,131.0,39.0,69.1,122.0,11.75,101.3,136.0,8.61,104.8,94.0,4.72,9.1,4.0,2.46,0.0
331-3202,33.0,0.0,213.9,88.0,36.36,239.8,119.0,20.38,148.7,71.0,6.69,9.8,14.0,2.65,2.0
331-3698,174.0,0.0,124.3,76.0,21.13,277.1,112.0,23.55,250.7,115.0,11.28,15.5,5.0,4.19,3.0
331-3842,59.0,0.0,153.6,92.0,26.11,205.5,88.0,17.47,114.5,89.0,5.15,12.5,10.0,3.38,1.0
331-4184,87.0,0.0,238.0,97.0,40.46,164.5,97.0,13.98,282.5,132.0,12.71,10.6,6.0,2.86,2.0
331-4807,80.0,0.0,203.7,92.0,34.63,216.4,97.0,18.39,154.2,66.0,6.94,7.6,5.0,2.05,2.0
331-4902,131.0,36.0,214.2,115.0,36.41,161.7,117.0,13.74,264.7,102.0,11.91,9.5,4.0,2.57,3.0
331-5138,22.0,0.0,110.3,107.0,18.75,166.5,93.0,14.15,202.3,96.0,9.1,9.5,5.0,2.57,0.0
331-5919,56.0,0.0,137.2,102.0,23.32,165.9,119.0,14.1,182.3,72.0,8.2,14.3,4.0,3.86,1.0
331-5962,172.0,47.0,274.9,102.0,46.73,186.6,118.0,15.86,245.0,123.0,11.03,8.8,2.0,2.38,1.0
331-5999,129.0,36.0,192.8,103.0,32.78,177.0,83.0,15.05,216.5,118.0,9.74,16.4,5.0,4.43,1.0
331-6229,49.0,28.0,214.4,78.0,36.45,235.2,100.0,23.23,206.2,107.0,9.28,8.0,13.0,2.16,3.0
331-6270,66.0,0.0,118.0,133.0,20.06,248.1,99.0,21.09,214.4,122.0,9.65,5.3,5.0,1.43,1.0
331-6629,138.0,0.0,169.3,82.0,28.78,217.9,147.0,18.52,184.2,77.0,8.29,9.4,9.0,2.54,1.0
331-7342,55.0,8.0,235.3,104.0,37.83,171.5,94.0,14.58,377.5,114.0,16.99,9.7,2.0,2.62,1.0
331-7425,116.0,0.0,215.4,104.0,36.62,204.8,79.0,17.41,278.5,109.0,12.53,12.6,5.0,3.4,3.0
331-8462,127.0,0.0,96.0,117.0,16.32,177.0,68.0,15.05,162.2,127.0,7.3,9.7,4.0,2.62,3.0
331-8484,87.0,39.0,82.6,113.0,14.04,224.4,63.0,19.07,163.6,88.0,7.36,9.5,1.0,2.57,3.0
331-8713,43.0,0.0,135.8,125.0,23.09,163.2,88.0,13.87,229.8,106.0,10.34,12.6,3.0,3.4,0.0
331-8909,121.0,35.0,68.7,95.0,11.68,209.2,69.0,17.78,197.4,42.0,9.1,11.4,4.0,3.08,1.0
331-9149,139.0,0.0,196.0,135.0,32.39,186.0,146.0,15.81,153.0,92.0,6.89,9.8,1.0,2.65,3.0
331-9293,74.0,0.0,155.7,116.0,26.47,173.7,63.0,14.76,257.4,97.0,11.58,8.1,4.0,2.19,0.0
331-9861,100.0,26.0,153.7,115.0,26.13,137.8,146.0,11.71,213.5,104.0,9.61,15.9,5.0,4.29,1.0
332-1060,41.0,0.0,143.6,117.0,24.41,152.4,108.0,12.95,194.4,110.0,8.75,8.6,3.0,2.32,1.0
332-1109,173.0,0.0,191.4,114.0,32.54,168.5,138.0,14.32,109.3,99.0,4.92,10.3,3.0,2.78,1.0
332-1494,96.0,0.0,97.6,98.0,16.59,105.5,118.0,8.97,220.2,105.0,9.91,11.6,9.0,3.13,1.0
332-1502,46.0,0.0,90.4,108.0,15.37,276.2,77.0,23.48,146.5,101.0,6.59,12.7,2.0,3.43,1.0
332-1690,110.0,0.0,192.6,102.0,32.74,178.9,118.0,15.21,214.6,74.0,9.66,9.4,4.0,2.54,1.0
332-2126,123.0,0.0,163.1,119.0,27.73,249.4,51.0,21.2,168.2,77.0,7.57,9.0,10.0,2.43,1.0
332-2137,80.0,0.0,105.8,110.0,17.99,43.9,88.0,3.73,189.6,87.0,8.53,13.1,5.0,3.54,0.0
332-2258,86.0,38.0,123.0,158.0,20.91,133.9,119.0,11.38,138.2,103.0,6.22,13.3,4.0,3.59,1.0
332-2275,71.0,0.0,185.0,84.0,31.45,232.5,129.0,19.76,191.1,82.0,8.6,14.9,4.0,4.02,3.0
332-2462,39.0,0.0,60.4,158.0,10.27,306.2,120.0,26.03,123.9,46.0,5.58,12.4,3.0,3.35,1.0
332-2650,78.0,0.0,103.5,115.0,17.6,117.9,102.0,10.02,201.0,94.0,9.05,12.0,3.0,3.24,4.0
332-2889,143.0,0.0,167.8,72.0,28.53,211.0,99.0,17.94,153.5,109.0,6.91,10.5,6.0,2.84,4.0
332-2965,45.0,0.0,159.8,91.0,27.17,120.4,86.0,10.23,163.0,93.0,7.34,10.6,3.0,2.86,2.0
332-3381,138.0,0.0,87.6,112.0,14.89,266.9,107.0,22.69,214.6,104.0,9.66,9.8,10.0,2.65,2.0
332-3544,47.0,30.0,196.6,93.0,33.42,241.4,140.0,20.52,226.0,118.0,10.17,12.9,4.0,3.48,2.0
332-3617,88.0,0.0,181.5,116.0,30.86,187.0,119.0,15.9,220.3,96.0,9.91,10.5,7.0,2.84,1.0
332-3642,124.0,0.0,131.8,82.0,22.41,284.3,119.0,24.17,305.5,101.0,13.75,11.3,2.0,3.05,1.0
332-3693,87.0,0.0,124.3,91.0,21.13,173.4,105.0,14.74,256.3,109.0,11.53,7.5,5.0,2.03,3.0
332-3804,107.0,0.0,86.8,95.0,14.76,108.1,85.0,9.19,204.3,87.0,9.19,13.2,3.0,3.56,1.0
332-4289,118.0,0.0,136.1,120.0,23.14,204.2,103.0,17.36,228.2,90.0,10.27,11.3,4.0,3.05,1.0
332-4291,93.0,0.0,152.4,74.0,25.91,274.6,88.0,23.34,252.2,120.0,11.35,6.6,5.0,1.78,3.0
332-5084,100.0,0.0,176.9,128.0,30.07,102.8,56.0,8.74,213.7,84.0,9.62,10.5,2.0,2.84,4.0
332-5521,122.0,0.0,157.1,134.0,26.71,184.9,122.0,15.72,197.2,59.0,8.87,8.5,5.0,2.3,4.0
332-5582,21.0,0.0,91.9,109.0,15.62,198.4,100.0,16.86,171.7,125.0,7.73,13.0,7.0,3.51,2.0
332-5596,121.0,0.0,103.3,110.0,17.56,129.1,82.0,10.97,167.1,113.0,7.52,10.7,3.0,2.89,0.0
332-5820,145.0,0.0,224.2,89.0,38.11,314.9,121.0,26.77,182.9,121.0,8.23,16.1,3.0,4.35,1.0
332-5949,46.0,0.0,257.4,67.0,43.76,261.1,91.0,22.19,204.4,107.0,9.2,13.4,5.0,3.62,2.0
332-5964,56.0,0.0,146.1,57.0,24.84,196.2,97.0,16.68,310.1,110.0,13.95,9.2,3.0,2.48,0.0
332-6139,152.0,41.0,146.8,128.0,24.96,285.6,96.0,24.28,213.6,80.0,9.61,4.3,2.0,1.16,1.0
332-6181,129.0,0.0,334.3,118.0,56.83,192.1,104.0,16.33,191.0,83.0,8.59,10.4,6.0,2.81,0.0
332-6633,134.0,40.0,142.9,105.0,24.29,88.6,61.0,7.53,290.0,96.0,13.05,10.8,6.0,2.92,1.0
332-6934,78.0,0.0,149.7,119.0,25.45,182.2,115.0,15.49,261.5,126.0,11.77,9.7,8.0,2.62,0.0
332-6958,89.0,0.0,105.9,151.0,18.0,189.6,142.0,16.12,170.9,67.0,7.69,12.7,7.0,3.43,0.0
332-7391,25.0,0.0,242.6,69.0,41.24,209.0,117.0,23.23,219.7,82.0,9.89,14.4,6.0,3.89,2.0
332-7607,33.0,35.0,161.9,85.0,27.52,151.2,82.0,12.85,191.0,131.0,8.59,8.5,2.0,2.3,1.0
332-8103,91.0,31.0,273.0,78.0,46.41,215.5,98.0,18.32,104.7,114.0,4.71,9.6,2.0,2.59,1.0
332-8160,149.0,28.0,180.7,92.0,30.72,187.8,64.0,15.96,265.5,53.0,11.95,12.6,3.0,3.4,3.0
332-8764,80.0,0.0,202.4,118.0,34.41,260.2,67.0,22.12,177.4,112.0,7.98,9.2,5.0,2.48,3.0
332-9118,101.0,42.0,209.2,82.0,35.56,159.7,74.0,13.57,181.6,100.0,8.17,9.5,3.0,2.57,0.0
332-9446,130.0,0.0,154.0,95.0,26.18,205.9,106.0,17.5,233.7,75.0,10.52,12.9,1.0,3.48,1.0
332-9460,149.0,0.0,176.2,87.0,29.95,145.0,81.0,12.33,249.5,92.0,11.23,5.7,4.0,1.54,0.0
332-9525,80.0,31.0,166.4,92.0,28.29,238.3,74.0,20.26,150.7,84.0,6.78,10.7,4.0,2.89,4.0
332-9891,149.0,0.0,140.4,94.0,23.87,271.8,92.0,23.1,188.3,108.0,8.47,10.9,9.0,3.0,1.0
332-9896,71.0,0.0,211.2,70.0,35.9,252.7,122.0,21.48,225.8,104.0,10.16,12.3,3.0,3.32,0.0
333-1012,108.0,41.0,171.6,110.0,29.17,136.1,78.0,11.57,183.4,103.0,8.25,10.8,7.0,2.92,0.0
333-1967,70.0,0.0,170.2,98.0,28.93,155.2,102.0,13.19,228.6,76.0,10.29,15.0,2.0,4.05,1.0
333-2337,100.0,0.0,188.5,152.0,32.05,148.3,115.0,12.61,179.8,88.0,8.09,15.2,5.0,4.1,2.0
333-2611,55.0,0.0,194.1,121.0,33.0,176.6,110.0,15.01,302.8,136.0,13.63,7.0,7.0,1.89,2.0
333-2906,133.0,0.0,245.8,102.0,41.79,264.7,90.0,22.5,252.15,103.0,5.03,11.2,7.0,3.02,0.0
333-2964,94.0,0.0,136.2,114.0,23.15,165.1,118.0,14.03,137.9,71.0,6.21,9.6,5.0,2.59,0.0
333-3010,98.0,36.0,168.0,81.0,28.56,163.2,125.0,13.87,172.7,120.0,9.1,8.0,2.0,2.16,6.0
333-3221,73.0,0.0,214.3,145.0,36.43,268.5,135.0,22.82,241.2,92.0,10.85,10.8,13.0,2.92,1.0
333-3421,110.0,0.0,149.8,112.0,25.47,180.0,93.0,15.3,140.0,119.0,6.3,11.7,4.0,3.16,2.0
333-3447,100.0,25.0,246.6,94.0,41.92,141.4,112.0,12.02,189.8,109.0,8.54,13.0,5.0,3.51,1.0
333-3460,159.0,0.0,198.8,107.0,33.8,195.5,91.0,16.62,213.3,120.0,9.6,16.5,7.0,4.46,5.0
333-3531,160.0,0.0,176.2,90.0,29.95,196.0,115.0,23.23,263.9,95.0,11.88,9.2,4.0,2.48,1.0
333-3595,93.0,0.0,176.1,103.0,29.94,199.7,130.0,16.97,263.9,96.0,11.88,8.5,6.0,2.3,2.0
333-3704,115.0,0.0,245.2,105.0,41.68,159.0,109.0,13.52,229.9,74.0,10.35,7.2,8.0,1.94,0.0
333-4154,83.0,0.0,202.3,87.0,34.39,201.5,100.0,17.13,101.7,82.0,4.58,6.8,4.0,1.84,0.0
333-4492,135.0,0.0,190.9,44.0,32.45,161.4,109.0,13.72,231.9,100.0,10.44,8.4,2.0,2.27,1.0
333-4594,92.0,29.0,201.3,130.0,34.22,203.7,115.0,17.31,129.9,113.0,5.85,6.4,6.0,1.73,1.0
333-5101,140.0,0.0,120.3,108.0,20.45,240.4,84.0,20.43,216.4,74.0,9.74,7.7,3.0,2.08,4.0
333-5295,126.0,31.0,278.0,88.0,47.26,253.2,65.0,21.52,223.2,114.0,10.04,8.7,4.0,2.35,0.0
333-5430,98.0,31.0,121.0,105.0,20.57,218.9,98.0,18.61,226.7,110.0,10.2,12.0,1.0,3.24,1.0
333-5551,166.0,0.0,152.1,95.0,25.86,121.0,105.0,10.29,198.0,126.0,8.91,9.8,5.0,2.65,0.0
333-5609,82.0,24.0,155.2,131.0,26.38,244.5,106.0,20.78,122.4,68.0,5.51,10.7,3.0,2.89,1.0
333-5729,168.0,0.0,163.4,134.0,27.78,240.1,87.0,20.41,164.0,147.0,7.38,11.6,2.0,3.13,2.0
333-6296,84.0,0.0,216.1,114.0,36.74,197.5,107.0,16.79,217.8,104.0,9.8,9.8,3.0,2.65,1.0
333-6575,194.0,0.0,193.3,106.0,32.86,169.0,150.0,14.37,225.2,122.0,10.13,11.8,4.0,3.19,0.0
333-7225,95.0,0.0,190.2,119.0,32.33,157.1,70.0,13.35,181.5,120.0,8.17,14.0,6.0,3.78,0.0
333-7449,148.0,0.0,17.6,121.0,2.99,161.7,125.0,13.74,203.1,82.0,9.14,10.6,6.0,2.86,1.0
333-7460,83.0,26.0,226.4,117.0,38.49,234.7,97.0,19.95,133.6,82.0,6.01,10.8,7.0,2.92,1.0
333-7631,80.0,0.0,322.3,113.0,54.79,251.6,95.0,18.87,162.8,123.0,7.33,6.7,8.0,1.81,0.0
333-7637,75.0,0.0,117.3,114.0,19.94,201.1,61.0,17.09,107.9,82.0,4.86,12.2,3.0,3.29,1.0
333-7749,141.0,0.0,260.2,131.0,44.23,179.2,120.0,15.23,135.0,119.0,6.08,7.2,8.0,1.94,3.0
333-7869,169.0,0.0,142.5,82.0,24.23,231.4,110.0,19.67,131.2,67.0,5.9,10.0,4.0,2.7,2.0
333-7961,157.0,0.0,276.2,95.0,46.95,165.8,119.0,14.09,151.6,79.0,6.82,2.2,4.0,0.59,3.0
333-8180,140.0,0.0,235.5,81.0,40.04,257.2,130.0,21.86,103.1,101.0,4.64,11.5,4.0,3.11,2.0
333-8822,64.0,40.0,210.0,116.0,35.7,232.7,89.0,19.78,168.8,94.0,7.6,5.9,4.0,1.59,8.0
333-8954,129.0,37.0,205.0,94.0,34.85,165.4,103.0,14.06,185.0,81.0,8.32,11.7,8.0,3.16,1.0
333-8996,133.0,0.0,176.8,92.0,30.06,187.5,97.0,15.94,196.8,88.0,8.86,6.5,3.0,1.76,2.0
333-9002,131.0,0.0,131.6,95.0,22.37,179.3,109.0,15.24,251.2,129.0,11.3,15.5,3.0,4.19,1.0
333-9133,177.0,0.0,175.4,99.0,29.82,155.3,83.0,13.2,179.4,86.0,8.07,11.5,3.0,3.11,1.0
333-9253,64.0,19.0,180.1,106.0,30.62,127.5,92.0,10.84,237.4,118.0,10.68,7.5,3.0,2.03,0.0
333-9266,128.0,0.0,148.5,105.0,25.25,243.0,106.0,20.66,255.2,114.0,11.48,6.8,2.0,1.84,1.0
333-9511,141.0,37.0,185.4,87.0,31.52,178.5,128.0,15.17,218.3,107.0,9.82,8.0,3.0,2.16,4.0
333-9643,148.0,0.0,216.2,95.0,36.75,185.7,105.0,15.78,252.15,143.0,13.5,10.0,5.0,2.7,2.0
333-9664,152.0,20.0,214.6,108.0,36.48,96.6,82.0,8.21,170.7,145.0,7.68,7.9,5.0,2.13,1.0
333-9728,123.0,27.0,218.7,79.0,37.18,163.4,78.0,13.89,173.8,116.0,7.82,15.0,1.0,4.05,0.0
333-9826,75.0,0.0,122.8,89.0,20.88,211.3,104.0,17.96,261.4,91.0,11.76,10.7,2.0,2.89,2.0
334-1275,155.0,0.0,203.4,100.0,34.58,190.9,104.0,16.23,196.0,119.0,8.82,8.9,4.0,2.4,0.0
334-1311,157.0,30.0,194.3,107.0,33.03,243.2,108.0,20.67,252.15,114.0,14.5,7.1,5.0,1.92,1.0
334-1337,86.0,0.0,223.9,75.0,38.06,155.7,109.0,13.23,150.2,143.0,6.76,7.3,9.0,1.97,1.0
334-1339,102.0,0.0,158.0,94.0,26.86,207.9,100.0,17.67,190.4,120.0,8.57,10.1,10.0,2.73,0.0
334-1508,91.0,37.0,162.3,107.0,27.59,233.9,115.0,19.88,277.4,94.0,12.48,9.2,4.0,2.48,0.0
334-1872,112.0,0.0,193.3,96.0,32.86,264.1,123.0,22.45,128.6,115.0,5.79,9.1,3.0,2.46,4.0
334-2577,95.0,0.0,238.1,65.0,40.48,187.2,98.0,15.91,190.0,115.0,8.55,11.8,4.0,3.19,4.0
334-2729,60.0,0.0,135.4,134.0,23.02,205.9,85.0,17.5,204.0,103.0,9.18,7.9,4.0,2.13,1.0
334-2730,151.0,0.0,134.5,88.0,22.87,143.1,112.0,12.16,223.9,61.0,10.08,15.4,1.0,4.16,1.0
334-2800,142.0,38.0,163.3,104.0,27.76,136.0,114.0,11.56,249.1,127.0,11.21,4.3,6.0,1.16,0.0
334-2961,155.0,0.0,163.1,94.0,27.73,291.7,108.0,24.79,96.4,101.0,4.34,11.2,3.0,3.02,0.0
334-3142,155.0,0.0,163.0,93.0,27.71,203.9,102.0,17.33,159.0,109.0,7.15,15.1,4.0,4.08,2.0
334-3289,169.0,0.0,179.2,102.0,30.46,175.2,130.0,14.89,228.6,92.0,10.29,9.9,6.0,2.67,2.0
334-4354,121.0,0.0,213.2,79.0,36.24,120.7,116.0,10.26,252.15,102.0,11.0,7.5,4.0,2.03,1.0
334-4438,90.0,0.0,37.8,80.0,6.43,155.3,105.0,13.2,175.0,101.0,7.88,14.2,5.0,3.83,3.0
334-4506,96.0,29.0,150.0,91.0,25.5,159.4,75.0,13.55,228.1,55.0,10.26,8.5,3.0,2.3,1.0
334-4678,20.0,35.0,171.5,98.0,29.16,153.1,127.0,13.01,165.6,125.0,7.45,7.1,3.0,1.92,0.0
334-5029,115.0,0.0,286.4,125.0,48.69,205.7,74.0,17.48,191.4,141.0,8.61,6.9,6.0,1.86,1.0
334-5223,28.0,0.0,168.2,87.0,28.59,161.7,92.0,13.74,192.4,112.0,8.66,10.1,3.0,2.73,3.0
334-5263,79.0,0.0,41.9,124.0,7.12,211.0,95.0,17.94,237.9,55.0,10.71,11.4,5.0,3.08,1.0
334-5337,91.0,0.0,231.8,120.0,39.41,150.6,106.0,12.8,269.2,129.0,12.11,11.6,7.0,3.13,3.0
334-5634,150.0,0.0,169.2,123.0,28.76,216.8,83.0,18.43,179.4,107.0,8.07,12.6,3.0,3.4,1.0
334-5844,83.0,20.0,95.0,89.0,16.15,167.9,92.0,14.27,200.6,79.0,9.03,11.2,2.0,3.02,0.0
334-6129,77.0,44.0,103.2,117.0,17.54,236.3,86.0,20.09,203.5,101.0,9.16,11.9,2.0,3.21,0.0
334-6142,13.0,0.0,146.4,74.0,24.89,148.5,92.0,12.62,216.7,96.0,9.75,11.3,3.0,3.05,1.0
334-6519,76.0,0.0,272.7,97.0,46.36,236.4,95.0,20.09,235.5,105.0,10.6,7.7,2.0,2.08,0.0
334-6605,85.0,0.0,176.4,122.0,32.39,224.9,123.0,19.12,219.6,50.0,9.88,11.5,1.0,3.11,1.0
334-7443,79.0,0.0,130.2,119.0,22.13,290.9,121.0,24.73,194.8,140.0,8.77,14.0,6.0,3.78,3.0
334-7618,93.0,0.0,239.8,70.0,40.77,251.8,99.0,21.4,168.6,112.0,7.59,10.9,10.0,2.94,1.0
334-7685,43.0,0.0,84.2,134.0,14.31,80.8,103.0,6.87,196.1,79.0,8.82,10.8,2.0,2.92,1.0
334-8694,105.0,0.0,270.9,98.0,46.05,226.2,110.0,19.23,178.8,60.0,8.05,8.8,5.0,2.38,0.0
334-8817,90.0,0.0,193.7,83.0,32.93,154.2,79.0,13.11,299.0,60.0,13.46,12.7,3.0,3.43,1.0
334-8967,120.0,24.0,212.7,73.0,36.16,257.5,103.0,21.89,227.8,119.0,10.25,9.7,13.0,2.62,2.0
334-9163,166.0,28.0,175.8,126.0,29.89,253.6,76.0,21.56,128.5,72.0,5.78,11.4,5.0,3.08,1.0
334-9182,21.0,19.0,132.7,94.0,22.56,204.6,101.0,17.39,154.7,78.0,6.96,12.9,7.0,3.48,3.0
334-9505,132.0,36.0,226.2,103.0,38.45,181.6,125.0,15.44,258.8,102.0,11.65,10.5,5.0,2.84,3.0
334-9806,80.0,0.0,206.3,97.0,35.07,154.9,98.0,13.17,263.6,82.0,11.86,12.4,12.0,3.35,0.0
334-9818,130.0,0.0,115.6,129.0,19.65,167.8,104.0,14.26,141.8,124.0,6.38,12.6,9.0,3.4,1.0
335-1697,108.0,0.0,198.5,99.0,33.75,267.8,60.0,22.76,354.9,75.0,15.97,9.4,3.0,2.54,0.0
335-1838,132.0,0.0,99.5,110.0,16.92,129.1,80.0,10.97,125.1,124.0,5.63,9.7,3.0,2.62,0.0
335-1874,87.0,0.0,322.5,106.0,54.83,204.6,93.0,17.39,186.2,128.0,8.38,9.4,4.0,2.54,2.0
335-2019,159.0,0.0,275.8,103.0,46.89,189.5,108.0,16.11,223.9,93.0,10.08,7.4,5.0,2.0,2.0
335-2261,77.0,0.0,175.5,86.0,29.84,205.1,78.0,17.43,245.2,100.0,11.03,17.8,3.0,4.81,4.0
335-2274,21.0,0.0,244.7,81.0,41.6,168.0,117.0,14.28,281.5,87.0,12.67,6.6,1.0,1.78,1.0
335-2331,150.0,0.0,146.3,133.0,24.87,202.7,95.0,17.23,234.7,103.0,10.56,13.1,3.0,3.54,1.0
335-2967,60.0,0.0,289.8,101.0,49.27,255.6,115.0,21.73,242.8,76.0,10.93,11.7,4.0,3.16,2.0
335-3110,36.0,25.0,152.8,110.0,25.98,242.8,67.0,20.64,147.4,74.0,6.63,9.1,2.0,2.46,1.0
335-3133,139.0,0.0,181.6,119.0,30.87,335.7,118.0,28.53,149.8,64.0,6.74,8.3,6.0,2.24,4.0
335-3320,118.0,0.0,140.4,112.0,23.87,187.1,60.0,15.9,207.9,155.0,9.36,7.9,1.0,2.13,0.0
335-3681,75.0,0.0,147.5,110.0,25.08,191.7,97.0,16.29,135.0,68.0,6.08,16.4,3.0,4.43,2.0
335-3880,93.0,0.0,114.3,100.0,19.43,221.1,103.0,18.79,126.3,88.0,5.68,10.9,9.0,2.94,0.0
335-3913,186.0,26.0,74.3,107.0,12.63,177.3,116.0,15.07,296.3,90.0,9.1,14.5,3.0,3.92,2.0
335-4414,110.0,0.0,185.1,100.0,31.47,165.1,88.0,14.03,252.15,104.0,5.02,6.3,4.0,1.7,3.0
335-4584,146.0,0.0,206.3,151.0,35.07,148.6,89.0,12.63,167.2,91.0,7.52,6.1,3.0,1.65,1.0
335-4719,117.0,0.0,184.5,97.0,31.37,351.6,80.0,29.89,215.8,90.0,9.71,8.7,4.0,2.35,1.0
335-4858,162.0,0.0,70.7,108.0,12.02,157.5,87.0,13.39,154.8,82.0,6.97,9.1,3.0,2.46,4.0
335-4888,136.0,0.0,269.8,106.0,45.87,228.8,101.0,19.45,257.5,106.0,11.59,10.1,8.0,2.73,1.0
335-5591,1.0,0.0,196.1,107.0,32.39,296.5,82.0,25.2,211.5,91.0,9.52,7.0,2.0,1.89,1.0
335-5806,56.0,29.0,37.7,115.0,6.41,144.1,100.0,12.25,226.6,101.0,10.2,4.9,3.0,1.32,1.0
335-5882,167.0,0.0,207.6,88.0,35.29,132.4,63.0,11.25,255.2,98.0,11.48,14.1,5.0,3.81,0.0
335-6508,77.0,0.0,245.2,87.0,41.68,254.1,83.0,21.6,239.4,91.0,10.77,7.5,4.0,2.03,0.0
335-6832,116.0,0.0,245.9,73.0,41.8,240.1,87.0,20.41,158.7,89.0,7.14,8.9,5.0,2.4,3.0
335-7144,84.0,0.0,225.9,86.0,38.4,275.6,105.0,23.43,201.4,108.0,9.06,14.3,3.0,3.86,3.0
335-7257,92.0,16.0,184.0,99.0,31.28,76.4,134.0,6.49,185.1,96.0,8.33,12.7,3.0,3.43,2.0
335-7324,119.0,22.0,172.1,119.0,29.26,223.6,133.0,19.01,150.0,94.0,6.75,13.9,20.0,3.75,1.0
335-8146,128.0,0.0,158.8,75.0,27.0,264.8,91.0,22.51,270.0,77.0,12.15,7.6,7.0,2.05,1.0
335-8427,113.0,0.0,156.0,141.0,26.52,256.8,72.0,21.83,175.3,123.0,7.89,11.9,5.0,3.21,2.0
335-8836,160.0,0.0,174.3,105.0,29.63,171.3,107.0,14.56,220.8,131.0,9.94,8.3,2.0,2.24,0.0
335-9066,74.0,0.0,162.7,102.0,27.66,292.0,105.0,24.82,183.3,80.0,8.25,8.7,6.0,2.35,0.0
335-9501,45.0,0.0,112.8,108.0,19.18,218.8,120.0,18.6,240.2,106.0,10.81,9.0,3.0,2.43,2.0
335-9726,61.0,25.0,163.7,78.0,27.83,113.2,112.0,9.62,134.1,118.0,6.03,9.9,3.0,2.67,3.0
335-9786,90.0,0.0,214.9,97.0,36.53,117.8,117.0,10.01,133.7,78.0,6.02,11.8,2.0,3.19,2.0
336-1043,1.0,0.0,123.8,113.0,21.05,236.2,77.0,20.08,73.2,81.0,3.29,3.7,2.0,1.0,0.0
336-1090,127.0,22.0,166.0,114.0,28.22,174.5,103.0,14.83,244.9,68.0,11.02,10.2,6.0,2.75,1.0
336-1353,121.0,20.0,211.9,110.0,36.02,215.1,120.0,18.28,238.5,107.0,10.73,9.4,2.0,2.54,0.0
336-1462,36.0,0.0,202.4,115.0,34.41,230.7,115.0,19.61,202.0,127.0,9.09,10.2,2.0,2.75,3.0
336-1574,125.0,0.0,168.6,99.0,28.66,175.6,107.0,14.93,243.3,92.0,10.95,10.9,7.0,2.94,0.0
336-1749,123.0,0.0,159.5,77.0,27.12,303.8,92.0,25.82,226.9,120.0,10.21,12.0,4.0,3.24,0.0
336-1880,127.0,19.0,129.7,115.0,22.05,160.8,101.0,13.67,265.0,63.0,11.93,12.2,3.0,3.29,2.0
336-2090,99.0,0.0,155.3,93.0,26.4,265.7,95.0,22.58,145.7,67.0,6.56,12.4,4.0,3.35,0.0
336-2190,95.0,0.0,237.3,83.0,40.34,154.0,65.0,13.09,237.0,105.0,10.67,11.2,6.0,3.02,1.0
336-2322,16.0,0.0,161.9,100.0,27.52,230.1,138.0,19.56,148.8,78.0,6.7,10.2,11.0,2.75,3.0
336-2829,174.0,0.0,139.4,96.0,23.7,143.4,108.0,12.19,225.2,107.0,10.13,10.0,5.0,2.7,2.0
336-3488,189.0,0.0,227.4,84.0,38.66,176.0,81.0,14.96,206.1,120.0,9.27,6.3,4.0,1.7,2.0
336-3738,120.0,0.0,184.5,103.0,31.37,209.0,86.0,23.23,169.7,70.0,7.64,10.2,6.0,2.75,2.0
336-3819,122.0,0.0,296.4,99.0,50.39,214.8,89.0,18.26,133.9,107.0,6.03,11.4,3.0,3.08,4.0
336-4281,132.0,31.0,174.5,101.0,29.67,245.6,105.0,20.88,172.8,76.0,7.78,10.3,9.0,2.78,1.0
336-4656,102.0,0.0,102.6,89.0,17.44,246.0,77.0,20.91,170.5,140.0,7.67,9.1,4.0,2.46,2.0
336-4960,65.0,0.0,207.7,109.0,35.31,217.5,117.0,18.49,125.6,101.0,5.65,8.0,5.0,2.16,1.0
336-5406,78.0,0.0,225.1,67.0,38.27,199.2,127.0,16.93,175.5,102.0,7.9,14.6,2.0,3.94,0.0
336-5495,107.0,0.0,204.5,108.0,34.77,162.4,110.0,13.8,155.0,102.0,6.98,13.4,1.0,3.62,3.0
336-5616,85.0,0.0,225.0,81.0,38.25,176.9,63.0,15.04,194.3,110.0,8.74,7.1,2.0,1.92,3.0
336-5661,74.0,0.0,136.7,106.0,23.24,228.6,105.0,19.43,265.3,114.0,11.94,9.8,4.0,2.65,0.0
336-5702,112.0,0.0,170.4,103.0,28.97,200.2,71.0,17.02,258.3,100.0,11.62,11.6,4.0,3.13,1.0
336-5900,66.0,0.0,205.1,102.0,34.87,232.7,109.0,19.78,259.9,95.0,11.7,9.2,6.0,2.48,2.0
336-5920,122.0,0.0,232.5,96.0,39.53,205.5,120.0,17.47,213.7,91.0,9.62,11.9,2.0,3.21,0.0
336-6085,49.0,0.0,213.8,79.0,36.35,265.1,93.0,22.53,239.8,128.0,10.79,15.6,7.0,4.21,0.0
336-6128,115.0,33.0,145.0,72.0,24.65,194.5,157.0,16.53,242.3,138.0,10.9,14.2,3.0,3.83,2.0
336-6533,74.0,0.0,262.3,114.0,44.59,198.9,96.0,16.91,165.9,90.0,7.47,6.6,5.0,1.78,3.0
336-6907,62.0,0.0,172.4,132.0,29.31,230.5,100.0,19.59,228.2,109.0,10.27,11.0,5.0,2.97,0.0
336-6997,136.0,0.0,252.4,74.0,42.91,167.9,81.0,14.27,248.3,110.0,9.1,10.7,3.0,2.89,2.0
336-7143,140.0,0.0,112.8,89.0,19.18,156.7,65.0,13.32,249.6,85.0,11.23,16.3,6.0,4.4,0.0
336-7155,98.0,23.0,245.5,54.0,41.74,292.7,83.0,24.88,184.0,90.0,8.28,10.8,7.0,2.92,1.0
336-7357,74.0,32.0,174.6,107.0,29.68,310.6,115.0,26.4,234.7,92.0,10.56,9.0,4.0,2.43,1.0
336-7600,65.0,0.0,187.9,116.0,31.94,157.6,117.0,13.4,227.3,86.0,10.23,7.5,6.0,2.03,1.0
336-7696,144.0,0.0,235.3,101.0,22.66,251.6,127.0,21.72,228.6,68.0,10.29,11.6,2.0,3.13,0.0
336-8010,67.0,30.0,186.2,117.0,31.65,286.7,76.0,24.37,164.3,113.0,7.39,12.9,3.0,3.48,2.0
336-8343,212.0,0.0,226.0,127.0,38.42,304.6,83.0,25.89,181.2,132.0,8.15,12.6,4.0,3.4,2.0
336-9053,113.0,30.0,183.8,102.0,31.25,183.4,123.0,15.59,235.0,52.0,10.58,11.6,7.0,3.13,0.0
336-9273,152.0,0.0,228.1,93.0,38.78,136.4,106.0,11.59,197.3,107.0,9.1,9.0,2.0,2.43,1.0
336-9327,72.0,0.0,139.9,117.0,23.78,223.6,96.0,19.01,240.8,93.0,10.84,12.7,4.0,3.43,2.0
336-9390,84.0,0.0,159.5,125.0,27.12,247.1,90.0,21.0,187.9,82.0,8.46,7.2,4.0,1.94,2.0
336-9901,92.0,0.0,139.8,98.0,23.77,174.9,143.0,14.87,201.6,135.0,9.07,9.4,7.0,2.54,2.0
337-1100,102.0,0.0,123.1,106.0,20.93,182.0,102.0,15.47,244.6,75.0,11.01,12.6,7.0,3.4,2.0
337-1151,142.0,0.0,145.4,93.0,24.72,209.1,98.0,23.23,214.0,96.0,9.63,10.9,1.0,2.94,1.0
337-1225,66.0,0.0,34.0,133.0,5.78,278.6,61.0,23.68,129.6,120.0,5.83,11.5,3.0,3.11,0.0
337-1506,76.0,0.0,224.4,121.0,38.15,147.9,97.0,12.57,183.8,74.0,8.27,6.7,2.0,1.81,2.0
337-1586,54.0,0.0,247.5,85.0,42.08,225.4,93.0,19.16,244.3,132.0,10.99,10.2,2.0,2.75,2.0
337-1802,35.0,0.0,158.6,67.0,26.96,130.4,96.0,11.08,229.8,80.0,10.34,6.9,5.0,1.86,2.0
337-2348,121.0,41.0,215.5,95.0,36.64,241.8,92.0,20.55,147.0,108.0,6.61,9.6,3.0,2.59,1.0
337-2442,115.0,0.0,180.0,119.0,30.6,198.8,126.0,16.9,217.1,70.0,9.77,12.4,3.0,3.35,1.0
337-2986,87.0,0.0,186.9,79.0,31.77,182.6,105.0,15.52,143.1,90.0,6.44,4.2,14.0,1.13,1.0
337-3740,51.0,0.0,227.2,89.0,38.62,194.4,106.0,16.52,243.4,126.0,10.95,14.9,2.0,4.02,0.0
337-3769,116.0,0.0,201.8,82.0,34.31,231.5,95.0,19.68,226.1,130.0,10.17,16.5,5.0,4.46,0.0
337-3868,124.0,0.0,169.3,108.0,28.78,178.6,91.0,15.18,242.3,82.0,10.9,12.2,3.0,3.29,1.0
337-3932,123.0,0.0,114.8,94.0,19.52,150.0,104.0,12.75,268.6,119.0,12.09,9.6,4.0,2.59,2.0
337-4101,105.0,42.0,101.9,79.0,17.32,223.1,97.0,18.96,241.6,77.0,10.87,12.9,2.0,3.48,0.0
337-4339,53.0,27.0,25.9,119.0,4.4,206.5,96.0,17.55,228.1,64.0,10.26,6.5,7.0,1.76,1.0
337-4403,152.0,0.0,161.4,84.0,27.44,163.6,88.0,13.91,153.2,121.0,6.89,11.8,5.0,3.19,1.0
337-4600,25.0,0.0,264.9,80.0,45.03,281.2,66.0,23.9,166.1,80.0,7.47,8.4,4.0,2.27,1.0
337-4697,103.0,0.0,185.0,117.0,31.45,223.3,94.0,18.98,252.15,91.0,10.03,12.6,2.0,3.4,2.0
337-4749,97.0,32.0,168.4,129.0,28.63,225.9,97.0,19.2,191.8,95.0,8.63,8.5,7.0,2.3,0.0
337-6851,156.0,0.0,174.3,95.0,29.63,186.6,128.0,15.86,258.2,105.0,11.62,12.9,5.0,3.48,3.0
337-6898,91.0,0.0,133.7,75.0,22.73,195.3,87.0,16.6,280.5,89.0,12.62,5.9,2.0,1.59,0.0
337-7163,42.0,0.0,196.5,89.0,33.41,241.3,123.0,20.51,143.2,105.0,6.44,4.0,7.0,1.08,0.0
337-7167,143.0,0.0,223.3,99.0,37.96,167.1,128.0,14.2,203.0,84.0,9.14,4.5,4.0,1.22,0.0
337-7377,72.0,39.0,92.8,98.0,15.78,271.2,115.0,23.05,167.1,83.0,7.52,5.8,7.0,1.57,1.0
337-7501,139.0,0.0,192.8,104.0,32.78,234.4,96.0,19.92,203.2,101.0,9.14,13.0,3.0,3.51,3.0
337-7739,57.0,0.0,149.3,100.0,25.38,200.2,110.0,17.02,231.7,101.0,10.43,11.9,3.0,3.21,2.0
337-7879,80.0,36.0,190.3,115.0,32.35,256.6,78.0,21.81,214.9,145.0,9.67,3.8,4.0,1.03,1.0
337-8078,117.0,0.0,181.5,95.0,30.86,205.1,88.0,17.43,204.0,82.0,9.18,14.7,9.0,3.97,2.0
337-8618,66.0,0.0,154.0,133.0,26.18,198.9,121.0,16.91,151.9,100.0,6.84,9.5,3.0,2.57,4.0
337-8950,123.0,0.0,166.9,98.0,28.37,221.8,77.0,18.85,243.9,114.0,10.98,12.8,4.0,3.46,3.0
337-9303,94.0,0.0,206.1,49.0,35.04,224.6,115.0,19.09,256.7,74.0,11.55,13.0,1.0,3.51,1.0
337-9326,160.0,0.0,206.3,66.0,35.07,241.1,109.0,20.49,227.8,102.0,10.25,11.7,6.0,3.16,0.0
337-9345,93.0,0.0,179.3,93.0,30.48,178.6,98.0,15.18,225.2,131.0,10.13,11.5,6.0,3.11,3.0
337-9569,79.0,0.0,220.9,107.0,37.55,192.2,97.0,16.34,161.0,74.0,7.25,12.2,2.0,3.29,1.0
337-9710,93.0,0.0,164.9,68.0,28.03,210.4,86.0,17.88,229.4,104.0,10.32,7.8,4.0,2.11,2.0
337-9878,103.0,31.0,185.4,105.0,31.52,197.6,126.0,16.8,147.1,110.0,6.62,14.5,4.0,3.92,2.0
338-1027,137.0,0.0,135.1,95.0,22.97,134.1,102.0,11.4,223.1,81.0,10.04,12.3,2.0,3.32,2.0
338-1400,115.0,0.0,268.0,115.0,45.56,153.6,106.0,13.06,232.3,65.0,10.45,17.0,1.0,4.59,3.0
338-1724,16.0,0.0,153.2,65.0,26.04,229.7,90.0,19.52,148.2,94.0,6.67,10.7,8.0,2.89,1.0
338-1815,121.0,26.0,170.4,91.0,28.97,254.5,90.0,21.63,219.6,122.0,9.88,15.1,5.0,4.08,0.0
338-1840,163.0,0.0,223.0,120.0,37.91,227.0,98.0,19.3,188.3,125.0,8.47,8.8,5.0,2.38,1.0
338-3781,104.0,0.0,156.2,93.0,26.55,193.0,54.0,16.41,252.15,94.0,10.02,13.1,5.0,3.54,1.0
338-4065,73.0,0.0,183.4,80.0,31.18,242.0,115.0,20.57,201.4,100.0,9.06,7.5,3.0,2.03,4.0
338-4307,110.0,0.0,135.1,109.0,22.97,205.2,99.0,17.44,166.3,119.0,7.48,11.7,4.0,3.16,1.0
338-4472,83.0,0.0,134.8,96.0,22.92,167.2,78.0,14.21,161.5,123.0,7.27,7.7,5.0,2.08,2.0
338-5207,63.0,0.0,211.2,80.0,35.9,237.7,93.0,20.2,259.2,58.0,11.66,12.3,2.0,3.32,0.0
338-6018,106.0,26.0,270.3,102.0,45.95,215.2,90.0,18.29,254.0,133.0,11.43,14.4,7.0,3.89,1.0
338-6283,98.0,0.0,206.5,92.0,35.11,176.2,152.0,14.98,232.8,115.0,10.48,12.4,5.0,3.35,5.0
338-6550,100.0,0.0,224.9,117.0,38.23,191.9,127.0,16.31,229.9,97.0,10.35,10.3,3.0,2.78,0.0
338-6556,55.0,0.0,132.0,103.0,22.44,279.6,114.0,23.77,180.0,74.0,8.1,13.5,4.0,3.65,0.0
338-6714,113.0,0.0,235.3,112.0,20.77,131.7,94.0,23.23,169.5,106.0,7.63,10.3,9.0,2.78,5.0
338-6962,112.0,0.0,235.3,92.0,19.02,114.0,143.0,9.69,146.8,79.0,6.61,14.1,3.0,3.81,5.0
338-6981,51.0,0.0,232.4,109.0,39.51,187.4,95.0,15.93,231.2,107.0,10.4,9.1,3.0,2.46,1.0
338-7120,13.0,21.0,315.6,105.0,53.65,208.9,71.0,17.76,260.1,123.0,11.7,12.1,3.0,3.27,3.0
338-7232,160.0,0.0,82.7,116.0,14.06,194.6,95.0,16.54,159.0,54.0,7.15,10.9,9.0,2.94,0.0
338-7305,110.0,0.0,178.5,124.0,30.35,146.9,141.0,12.49,217.1,102.0,9.77,9.9,7.0,2.67,1.0
338-7527,116.0,19.0,155.7,104.0,26.47,185.4,118.0,15.76,192.7,116.0,8.67,8.2,2.0,2.21,3.0
338-7683,67.0,28.0,95.0,94.0,16.15,291.2,73.0,24.75,159.6,114.0,7.18,10.0,2.0,2.7,2.0
338-7709,93.0,32.0,218.7,117.0,37.18,115.0,61.0,9.78,192.7,85.0,8.67,9.4,5.0,2.54,2.0
338-7886,98.0,0.0,216.8,86.0,36.86,190.8,114.0,16.22,187.5,79.0,8.44,11.0,9.0,2.97,0.0
338-7955,137.0,0.0,109.8,120.0,18.67,230.5,86.0,19.59,255.8,103.0,11.51,11.9,6.0,3.21,1.0
338-8050,88.0,0.0,65.4,97.0,32.39,168.2,76.0,14.3,236.0,113.0,10.62,13.8,1.0,3.73,2.0
338-8478,116.0,0.0,192.1,98.0,32.66,312.9,135.0,26.6,130.2,94.0,5.86,7.9,2.0,2.13,3.0
338-8566,141.0,0.0,83.2,74.0,14.14,190.6,104.0,16.2,150.5,79.0,6.77,10.7,7.0,2.89,1.0
338-8784,122.0,28.0,166.0,62.0,28.22,233.9,88.0,19.88,170.1,84.0,7.65,7.7,3.0,2.08,2.0
338-9044,31.0,0.0,97.5,129.0,16.58,260.4,78.0,22.13,88.7,100.0,3.99,7.0,5.0,1.89,1.0
338-9171,138.0,0.0,146.5,101.0,24.91,284.5,142.0,24.18,176.0,98.0,7.92,14.0,6.0,3.78,3.0
338-9210,85.0,37.0,229.6,123.0,39.03,132.3,90.0,11.25,211.9,76.0,9.54,9.5,8.0,2.57,2.0
338-9398,68.0,0.0,237.1,105.0,40.31,223.5,105.0,19.0,97.4,79.0,4.38,13.2,2.0,3.56,1.0
338-9472,126.0,0.0,211.6,70.0,35.97,216.9,80.0,18.44,153.5,60.0,6.91,7.8,1.0,2.11,1.0
338-9612,107.0,36.0,96.3,83.0,16.37,179.6,91.0,15.27,166.3,121.0,7.48,10.3,2.0,2.78,1.0
338-9873,55.0,0.0,119.7,148.0,20.35,231.8,96.0,19.7,252.15,113.0,10.0,4.6,2.0,1.24,2.0
338-9950,120.0,0.0,149.2,98.0,25.36,193.6,88.0,16.46,248.9,119.0,11.2,10.9,5.0,3.0,1.0
338-9952,119.0,32.0,173.0,101.0,29.41,209.4,93.0,17.8,231.1,91.0,10.4,12.2,4.0,3.29,0.0
339-1330,115.0,0.0,245.0,97.0,41.65,250.7,75.0,21.31,270.2,124.0,12.16,13.7,8.0,3.7,1.0
339-1405,151.0,0.0,156.4,108.0,26.59,233.4,118.0,19.84,195.7,141.0,8.81,7.7,6.0,2.08,4.0
339-2616,86.0,23.0,225.5,107.0,38.34,246.3,105.0,20.94,245.7,81.0,11.06,9.8,2.0,2.65,0.0
339-2734,107.0,0.0,103.4,94.0,17.58,189.3,125.0,16.09,227.2,125.0,10.22,14.4,3.0,3.89,1.0
339-2792,121.0,28.0,110.0,94.0,18.7,141.5,76.0,12.03,237.3,87.0,10.68,6.4,3.0,1.73,2.0
339-3049,144.0,48.0,189.8,96.0,32.27,123.4,67.0,10.49,214.2,106.0,9.64,6.5,2.0,1.76,2.0
339-3636,153.0,0.0,154.6,56.0,26.28,263.0,84.0,22.36,367.7,89.0,16.55,15.5,2.0,4.19,1.0
339-4068,108.0,0.0,239.3,102.0,40.68,223.4,127.0,18.99,251.4,104.0,11.31,10.6,6.0,2.86,0.0
339-4317,95.0,27.0,129.5,106.0,22.02,248.9,90.0,21.16,268.0,115.0,12.06,11.9,3.0,3.21,1.0
339-4636,50.0,0.0,154.7,102.0,26.3,298.0,108.0,25.33,210.2,95.0,9.46,10.9,3.0,3.0,0.0
339-5329,70.0,0.0,198.6,102.0,33.76,213.9,115.0,18.18,171.2,105.0,7.7,10.6,6.0,2.86,2.0
339-5423,62.0,0.0,245.3,91.0,41.7,122.9,130.0,10.45,228.4,102.0,10.28,8.5,4.0,2.3,4.0
339-5659,112.0,0.0,189.4,83.0,32.2,219.0,89.0,18.62,168.0,116.0,7.56,7.1,8.0,1.92,3.0
339-6446,34.0,0.0,128.8,80.0,21.9,208.7,93.0,17.74,202.1,103.0,9.09,14.0,7.0,3.78,1.0
339-6477,112.0,0.0,272.5,119.0,46.33,226.1,94.0,19.22,159.1,94.0,7.16,16.4,5.0,4.43,3.0
339-6637,149.0,28.0,126.9,97.0,21.57,166.9,102.0,14.19,145.2,77.0,6.53,8.8,3.0,2.38,5.0
339-6968,91.0,0.0,159.0,109.0,27.03,255.1,142.0,21.68,82.4,73.0,3.71,10.1,4.0,2.73,0.0
339-7139,84.0,0.0,138.6,102.0,23.56,199.0,93.0,16.92,204.1,137.0,9.18,7.8,4.0,2.11,0.0
339-7485,138.0,17.0,225.2,116.0,38.28,173.4,88.0,14.74,145.8,99.0,6.56,11.7,4.0,3.16,0.0
339-7541,74.0,0.0,174.1,96.0,29.6,251.1,94.0,21.34,257.6,123.0,11.59,8.3,5.0,2.24,2.0
339-7602,120.0,0.0,134.8,94.0,22.92,204.1,106.0,17.35,238.4,109.0,10.73,6.7,8.0,1.81,1.0
339-7684,127.0,28.0,235.6,124.0,40.05,236.8,113.0,20.13,241.2,127.0,10.85,7.7,2.0,2.08,1.0
339-8132,70.0,0.0,197.3,91.0,33.54,305.8,81.0,25.99,171.0,105.0,7.69,6.7,6.0,1.81,1.0
339-9026,168.0,42.0,97.4,57.0,16.56,203.6,98.0,17.31,173.9,124.0,7.83,11.4,2.0,3.08,2.0
339-9453,66.0,36.0,106.7,76.0,18.14,209.8,77.0,17.83,190.4,117.0,8.57,12.1,2.0,3.27,1.0
339-9631,92.0,28.0,151.1,90.0,25.69,194.8,79.0,16.56,239.2,114.0,10.76,10.0,3.0,2.7,1.0
339-9798,126.0,0.0,197.6,126.0,33.59,246.5,112.0,20.95,285.3,104.0,12.84,12.5,8.0,3.38,2.0
340-1876,162.0,26.0,179.7,144.0,30.55,218.1,129.0,18.54,212.3,105.0,9.55,9.3,8.0,2.51,1.0
340-2239,68.0,0.0,94.1,93.0,16.0,147.6,80.0,12.55,213.5,85.0,9.61,10.1,2.0,2.73,0.0
340-2855,118.0,39.0,153.8,106.0,26.15,123.3,100.0,10.48,117.8,103.0,5.3,9.2,6.0,2.48,1.0
340-3011,53.0,0.0,205.1,86.0,34.87,160.5,95.0,13.64,149.5,142.0,6.73,10.7,2.0,2.89,3.0
340-3075,48.0,43.0,172.0,102.0,29.24,200.2,64.0,17.02,233.1,96.0,10.49,8.0,5.0,2.16,1.0
340-3182,117.0,0.0,143.3,103.0,24.36,211.3,108.0,17.96,185.2,96.0,8.33,11.5,3.0,3.11,1.0
340-3409,138.0,37.0,75.8,102.0,12.89,173.6,147.0,14.76,162.6,96.0,7.32,8.2,13.0,2.21,0.0
340-3500,149.0,0.0,217.7,91.0,37.01,273.5,74.0,23.25,226.9,99.0,10.21,9.6,3.0,2.59,3.0
340-4028,124.0,0.0,160.9,109.0,27.35,144.2,152.0,12.26,120.4,97.0,5.42,12.9,12.0,3.48,1.0
340-4236,95.0,39.0,260.8,130.0,44.34,213.4,100.0,18.14,195.6,97.0,8.8,10.1,5.0,2.73,1.0
340-4627,95.0,32.0,262.2,123.0,44.57,165.2,82.0,14.04,194.3,57.0,8.74,10.6,5.0,2.86,0.0
340-4953,80.0,0.0,124.3,100.0,21.13,173.0,107.0,14.71,253.2,62.0,11.39,7.9,9.0,2.13,1.0
340-4972,49.0,0.0,237.8,92.0,40.43,208.9,119.0,17.76,167.8,86.0,7.55,15.6,6.0,4.21,2.0
340-4989,143.0,0.0,160.4,120.0,27.27,285.9,104.0,24.3,182.5,85.0,8.21,6.9,4.0,1.86,3.0
340-5121,141.0,0.0,126.9,98.0,21.57,180.0,62.0,15.3,140.8,128.0,6.34,8.0,2.0,2.16,1.0
340-5460,159.0,15.0,113.9,102.0,19.36,145.3,146.0,12.35,195.2,137.0,8.78,11.8,9.0,3.19,1.0
340-5580,174.0,0.0,239.2,72.0,40.66,188.5,124.0,16.02,105.6,116.0,4.75,8.8,3.0,2.38,1.0
340-5678,37.0,0.0,271.7,112.0,46.19,155.1,96.0,13.18,199.5,97.0,8.98,6.6,4.0,1.78,3.0
340-5930,149.0,0.0,196.3,108.0,32.39,136.8,96.0,11.63,154.7,87.0,6.96,7.7,3.0,2.08,2.0
340-6221,142.0,40.0,230.7,101.0,39.22,256.8,88.0,21.83,263.9,92.0,11.88,6.4,3.0,1.73,1.0
340-6339,62.0,0.0,159.9,100.0,27.18,172.2,99.0,14.64,263.2,109.0,11.84,5.6,4.0,1.51,1.0
340-6908,68.0,29.0,195.5,113.0,33.24,171.6,96.0,14.59,204.0,85.0,9.18,13.5,9.0,3.65,1.0
340-7062,139.0,0.0,165.0,132.0,28.05,249.7,86.0,21.22,170.3,128.0,7.66,12.6,8.0,3.4,1.0
340-8177,135.0,0.0,155.2,100.0,26.38,135.9,84.0,11.55,184.6,82.0,8.31,3.8,9.0,1.03,3.0
340-8245,74.0,31.0,249.4,70.0,42.4,209.5,59.0,17.81,180.6,75.0,8.13,9.9,2.0,2.67,4.0
340-8291,196.0,0.0,133.1,80.0,22.63,206.5,120.0,17.55,221.6,96.0,9.97,10.3,8.0,2.78,1.0
340-8323,73.0,0.0,286.4,109.0,48.69,178.2,67.0,15.15,214.2,152.0,9.64,10.7,14.0,2.89,1.0
340-8875,107.0,0.0,273.5,104.0,46.5,183.8,68.0,15.62,153.8,67.0,6.92,11.0,9.0,2.97,2.0
340-9013,83.0,0.0,78.1,70.0,13.28,239.3,115.0,20.34,252.15,112.0,6.5,12.3,4.0,3.32,1.0
340-9200,181.0,0.0,143.3,91.0,24.36,195.5,58.0,16.62,223.3,95.0,10.05,6.0,7.0,1.62,1.0
340-9449,100.0,0.0,219.4,112.0,37.3,225.7,102.0,19.18,255.3,95.0,11.49,12.0,4.0,3.24,4.0
340-9803,75.0,0.0,150.6,99.0,25.6,301.5,83.0,25.63,158.7,104.0,7.14,8.1,5.0,2.19,0.0
340-9910,106.0,0.0,114.4,104.0,19.45,78.3,101.0,23.23,232.7,78.0,10.47,0.0,0.0,0.0,2.0
341-1191,75.0,0.0,314.6,102.0,53.48,169.8,86.0,14.43,285.1,100.0,12.83,5.7,3.0,1.54,2.0
341-1412,73.0,0.0,254.7,80.0,43.3,90.2,79.0,7.67,153.4,60.0,6.9,10.6,8.0,2.86,0.0
341-1594,89.0,0.0,192.1,83.0,32.66,163.6,88.0,13.91,169.7,138.0,7.64,6.1,3.0,1.65,0.0
341-1647,79.0,21.0,264.3,79.0,44.93,202.8,118.0,17.24,173.4,92.0,7.8,6.3,3.0,1.7,4.0
341-1916,75.0,19.0,210.3,90.0,35.75,241.8,87.0,20.55,215.7,102.0,9.71,13.1,3.0,3.54,4.0
341-2360,84.0,0.0,159.0,80.0,27.03,167.9,128.0,14.27,167.6,101.0,7.54,12.3,5.0,3.32,1.0
341-2603,64.0,33.0,127.2,93.0,21.62,162.9,104.0,13.85,247.4,109.0,9.1,8.1,13.0,2.19,0.0
341-3044,83.0,37.0,78.5,109.0,13.35,210.5,101.0,17.89,179.7,102.0,8.09,11.8,4.0,3.19,1.0
341-3180,84.0,0.0,191.0,88.0,32.47,318.8,119.0,27.1,247.3,79.0,9.1,6.5,4.0,1.76,0.0
341-3270,95.0,0.0,183.4,98.0,31.18,281.3,95.0,23.91,105.2,113.0,4.73,8.2,8.0,2.21,1.0
341-3349,124.0,0.0,194.0,103.0,32.98,241.0,116.0,20.49,227.5,153.0,10.24,11.9,5.0,3.21,0.0
341-3464,112.0,0.0,194.4,101.0,33.05,190.3,82.0,16.18,183.4,107.0,8.25,11.4,2.0,3.08,0.0
341-3663,117.0,20.0,205.7,98.0,34.97,136.1,107.0,11.57,159.4,147.0,7.17,8.7,3.0,2.35,2.0
341-4075,156.0,0.0,123.7,96.0,21.03,103.0,80.0,8.76,189.4,82.0,8.52,13.1,4.0,3.54,1.0
341-4103,96.0,31.0,183.4,126.0,31.18,195.5,106.0,16.62,180.1,93.0,8.1,10.5,5.0,2.84,1.0
341-4463,159.0,0.0,257.1,53.0,43.71,312.2,127.0,26.54,183.0,82.0,8.24,8.8,6.0,2.38,1.0
341-4570,88.0,31.0,181.6,91.0,30.87,213.2,120.0,18.12,207.8,104.0,9.35,11.4,4.0,3.08,1.0
341-4873,100.0,0.0,113.3,96.0,19.26,197.9,89.0,16.82,284.5,93.0,12.8,11.7,2.0,3.16,4.0
341-5892,113.0,0.0,81.3,116.0,13.82,220.6,124.0,18.75,235.7,113.0,10.61,8.9,3.0,2.4,0.0
341-6743,120.0,33.0,299.5,83.0,50.92,163.4,84.0,13.89,146.7,88.0,6.6,11.6,5.0,3.13,0.0
341-7112,95.0,0.0,157.9,103.0,26.84,259.6,90.0,22.07,230.0,117.0,10.35,14.0,2.0,3.78,0.0
341-7279,116.0,35.0,118.0,103.0,20.06,167.2,106.0,14.21,205.7,102.0,9.26,11.8,2.0,3.19,2.0
341-7296,72.0,0.0,166.5,102.0,28.31,261.0,103.0,22.19,262.7,85.0,11.82,13.3,5.0,3.59,0.0
341-7332,37.0,0.0,206.0,89.0,35.02,186.0,88.0,15.81,307.1,86.0,13.82,8.4,11.0,2.27,0.0
341-7412,93.0,0.0,173.0,131.0,29.41,190.4,108.0,16.18,290.0,66.0,13.05,10.4,2.0,2.81,0.0
341-7686,113.0,0.0,61.2,102.0,10.4,92.3,88.0,7.85,197.4,114.0,9.1,13.7,3.0,3.7,5.0
341-8412,160.0,29.0,164.6,121.0,27.98,262.8,108.0,22.34,123.8,131.0,5.57,15.2,4.0,4.1,1.0
341-8467,157.0,0.0,152.7,105.0,25.96,257.5,80.0,21.89,198.1,93.0,8.91,9.4,4.0,2.54,1.0
341-8667,120.0,0.0,192.6,123.0,32.74,206.4,105.0,17.54,283.2,93.0,12.74,10.8,3.0,2.92,1.0
341-8719,70.0,0.0,232.8,95.0,39.58,303.4,100.0,25.79,255.6,104.0,11.5,12.9,7.0,3.48,0.0
341-9274,132.0,36.0,201.9,93.0,34.32,156.3,75.0,13.29,131.3,92.0,5.91,13.7,5.0,3.7,0.0
341-9396,24.0,29.0,236.3,105.0,40.17,190.8,114.0,16.22,129.0,105.0,5.81,7.2,2.0,1.94,3.0
341-9443,87.0,22.0,263.8,65.0,44.85,103.4,115.0,8.79,208.1,109.0,9.36,8.5,3.0,2.3,3.0
341-9764,36.0,30.0,146.3,128.0,24.87,162.5,80.0,13.81,129.3,109.0,5.82,14.5,6.0,3.92,0.0
341-9890,108.0,0.0,115.1,114.0,19.57,211.3,70.0,17.96,136.1,85.0,6.12,13.8,3.0,3.73,2.0
341-9907,48.0,0.0,198.2,73.0,33.69,202.8,115.0,17.24,146.4,73.0,6.59,5.1,5.0,1.38,1.0
342-1004,103.0,35.0,110.5,101.0,18.79,208.3,81.0,17.71,87.4,77.0,3.93,13.9,2.0,3.75,4.0
342-1099,114.0,0.0,84.7,118.0,14.4,249.9,86.0,21.24,193.4,95.0,8.7,14.5,8.0,3.92,1.0
342-1702,126.0,0.0,103.7,93.0,17.63,127.0,107.0,10.8,329.3,66.0,14.82,14.4,1.0,3.89,0.0
342-1960,50.0,0.0,295.3,127.0,50.2,127.4,100.0,10.83,166.8,105.0,7.51,9.6,6.0,2.59,1.0
342-2013,16.0,0.0,110.0,91.0,18.7,147.3,75.0,12.52,190.5,73.0,8.57,6.4,7.0,1.73,0.0
342-3678,103.0,0.0,62.8,124.0,10.68,170.4,66.0,14.48,280.2,78.0,12.61,9.4,4.0,2.54,3.0
342-4004,57.0,0.0,85.9,92.0,14.6,193.9,127.0,16.48,231.5,93.0,10.42,10.1,2.0,2.73,0.0
342-4122,119.0,0.0,287.1,115.0,48.81,159.3,99.0,13.54,216.8,86.0,9.76,13.9,1.0,3.75,2.0
342-5062,107.0,28.0,201.8,79.0,34.31,304.9,128.0,25.92,225.6,133.0,10.15,11.9,8.0,3.21,1.0
342-5243,63.0,0.0,211.7,107.0,35.99,271.7,77.0,23.09,203.3,108.0,9.15,7.4,7.0,2.0,0.0
342-5701,77.0,0.0,221.8,84.0,37.71,166.0,125.0,14.11,210.2,72.0,9.46,13.2,4.0,3.56,1.0
342-5854,174.0,0.0,235.5,108.0,40.04,142.3,143.0,12.1,316.7,131.0,14.25,12.5,5.0,3.38,0.0
342-5906,101.0,0.0,93.8,127.0,15.95,150.0,104.0,12.75,241.1,116.0,10.85,10.7,2.0,2.89,1.0
342-6316,102.0,0.0,114.8,125.0,19.52,81.9,126.0,6.96,304.3,101.0,13.69,12.0,4.0,3.24,0.0
342-6696,48.0,0.0,300.4,94.0,51.07,133.2,103.0,11.32,197.4,94.0,9.1,7.2,5.0,1.94,2.0
342-7514,80.0,0.0,160.6,103.0,27.3,237.0,109.0,20.15,245.1,88.0,11.03,10.7,1.0,2.89,1.0
342-7716,86.0,16.0,144.8,105.0,24.62,206.2,100.0,17.53,255.4,117.0,11.49,11.6,2.0,3.13,4.0
342-8002,42.0,0.0,180.7,127.0,30.72,174.6,94.0,14.84,165.3,114.0,7.44,12.0,6.0,3.24,2.0
342-8167,113.0,0.0,245.3,108.0,41.7,259.9,140.0,22.09,204.3,115.0,9.19,10.7,2.0,2.89,3.0
342-8320,69.0,27.0,268.8,78.0,45.7,246.6,89.0,20.96,271.9,102.0,12.24,16.4,3.0,4.43,0.0
342-8348,61.0,0.0,188.9,105.0,32.11,153.6,116.0,13.06,213.3,106.0,9.6,10.2,2.0,2.75,2.0
342-8702,101.0,0.0,124.8,66.0,21.22,257.2,85.0,21.86,193.2,115.0,8.69,13.4,4.0,3.62,0.0
342-9394,134.0,38.0,214.4,93.0,36.45,211.7,57.0,17.99,165.0,79.0,7.43,10.0,8.0,2.7,1.0
342-9480,83.0,0.0,227.9,78.0,38.74,207.5,115.0,17.64,211.7,100.0,9.53,12.1,5.0,3.27,1.0
343-1009,142.0,0.0,216.8,134.0,36.86,187.8,106.0,15.96,138.1,108.0,6.21,8.3,2.0,2.24,0.0
343-1323,11.0,28.0,190.6,86.0,32.4,220.1,122.0,18.71,180.3,80.0,8.11,6.0,3.0,1.62,3.0
343-1347,61.0,40.0,105.0,78.0,17.85,180.6,100.0,15.35,174.1,115.0,7.83,10.2,2.0,2.75,2.0
343-1458,119.0,0.0,133.4,102.0,22.68,204.6,71.0,17.39,196.9,103.0,8.86,10.9,7.0,3.0,1.0
343-1538,153.0,0.0,185.3,127.0,31.5,208.0,73.0,17.68,206.1,124.0,9.27,15.1,3.0,4.08,1.0
343-1965,75.0,0.0,211.3,61.0,35.92,105.6,119.0,8.98,175.9,63.0,7.92,9.7,4.0,2.62,4.0
343-2077,24.0,0.0,241.9,104.0,41.12,145.2,112.0,12.34,214.5,105.0,9.65,6.6,5.0,1.78,1.0
343-2095,65.0,0.0,136.1,112.0,23.14,272.9,96.0,23.2,220.2,104.0,9.91,4.4,2.0,1.19,1.0
343-2350,106.0,0.0,165.3,118.0,28.1,210.0,101.0,17.85,187.2,93.0,8.42,8.5,3.0,2.3,2.0
343-2392,70.0,31.0,125.9,101.0,21.4,196.4,102.0,16.69,252.7,75.0,11.37,10.3,4.0,2.78,1.0
343-2465,170.0,37.0,178.1,130.0,30.28,242.8,103.0,20.64,243.0,93.0,10.93,13.0,4.0,3.51,0.0
343-2592,161.0,0.0,297.9,141.0,50.64,238.1,107.0,20.24,240.5,93.0,10.82,8.9,5.0,2.4,1.0
343-2597,127.0,0.0,134.9,79.0,22.93,221.5,114.0,18.83,113.8,118.0,5.12,15.0,2.0,4.05,1.0
343-2605,96.0,18.0,172.7,86.0,29.36,133.4,113.0,11.34,259.5,70.0,11.68,9.8,3.0,2.65,1.0
343-2689,125.0,0.0,240.7,82.0,40.92,269.4,85.0,22.9,187.1,74.0,8.42,10.1,3.0,2.73,0.0
343-2741,82.0,0.0,185.8,36.0,31.59,276.5,134.0,23.5,192.1,104.0,8.64,5.7,7.0,1.54,4.0
343-3227,142.0,24.0,239.8,103.0,40.77,285.9,65.0,24.3,256.7,106.0,11.55,9.5,4.0,2.57,0.0
343-3296,156.0,0.0,174.5,65.0,29.67,197.4,116.0,16.78,238.5,86.0,10.73,10.6,2.0,2.86,0.0
343-3340,113.0,0.0,92.6,85.0,15.74,177.6,92.0,15.1,159.8,72.0,7.19,14.4,4.0,3.89,3.0
343-3356,165.0,0.0,216.6,126.0,36.82,190.8,104.0,16.22,224.7,123.0,10.11,12.4,8.0,3.35,0.0
343-3399,89.0,0.0,235.3,101.0,18.9,122.1,94.0,10.38,180.8,85.0,8.14,12.6,2.0,3.4,3.0
343-3846,114.0,0.0,172.0,145.0,29.24,276.4,101.0,23.49,193.7,100.0,8.72,10.1,9.0,2.73,1.0
343-3961,87.0,0.0,115.4,90.0,19.62,262.6,68.0,22.32,245.7,69.0,11.06,13.1,5.0,3.54,2.0
343-4147,87.0,40.0,221.6,79.0,37.67,157.1,74.0,13.35,252.15,124.0,10.01,11.5,3.0,3.11,1.0
343-4516,76.0,0.0,171.1,78.0,29.09,257.2,83.0,21.86,91.6,92.0,4.12,16.2,3.0,4.37,1.0
343-4696,132.0,0.0,81.1,86.0,13.79,245.2,72.0,20.84,237.0,115.0,10.67,10.3,2.0,2.78,0.0
343-4772,155.0,0.0,181.4,102.0,30.84,167.7,92.0,14.25,168.5,122.0,7.58,11.3,3.0,3.05,3.0
343-4806,72.0,0.0,217.8,93.0,37.03,189.7,113.0,16.12,182.6,91.0,8.22,10.4,5.0,2.81,4.0
343-5219,107.0,0.0,235.3,106.0,22.66,182.9,89.0,23.23,241.1,123.0,10.85,12.9,2.0,3.48,3.0
343-5347,172.0,0.0,172.5,85.0,29.33,253.1,71.0,21.51,221.6,113.0,9.97,5.9,6.0,1.59,0.0
343-5372,132.0,25.0,113.2,96.0,19.24,269.9,107.0,22.94,229.1,87.0,10.31,7.1,7.0,1.92,2.0
343-5679,90.0,0.0,235.3,93.0,37.74,187.0,103.0,15.9,282.3,124.0,12.7,12.4,6.0,3.35,2.0
343-5709,154.0,0.0,350.8,75.0,59.64,216.5,94.0,18.4,253.9,100.0,11.43,10.1,9.0,2.73,1.0
343-6314,143.0,0.0,119.1,117.0,20.25,287.7,136.0,24.45,223.0,100.0,10.04,12.2,4.0,3.29,0.0
343-6374,124.0,0.0,244.6,89.0,41.58,251.6,80.0,16.05,206.0,114.0,9.27,11.3,4.0,3.05,1.0
343-6643,88.0,0.0,142.2,107.0,24.17,262.4,84.0,22.3,139.2,99.0,6.26,10.1,5.0,2.73,1.0
343-6940,89.0,0.0,213.0,63.0,36.21,176.6,71.0,15.01,262.6,126.0,11.82,9.1,1.0,2.46,1.0
343-7019,78.0,0.0,236.8,141.0,40.26,265.3,101.0,22.55,152.4,77.0,6.86,9.5,2.0,2.57,1.0
343-7242,59.0,29.0,133.1,114.0,22.63,221.2,82.0,18.8,131.6,103.0,5.92,6.8,3.0,1.84,1.0
343-7734,118.0,0.0,160.0,123.0,27.2,175.4,96.0,14.91,184.8,99.0,8.32,9.9,3.0,2.67,2.0
343-9365,127.0,0.0,218.6,93.0,37.16,149.9,130.0,12.74,204.6,131.0,9.21,9.2,5.0,2.48,2.0
343-9645,61.0,0.0,197.7,118.0,33.61,152.2,96.0,12.94,221.0,93.0,9.95,7.0,3.0,1.89,2.0
343-9654,105.0,0.0,101.4,48.0,17.24,159.1,119.0,13.52,259.2,53.0,11.66,12.2,2.0,3.29,1.0
343-9658,21.0,0.0,146.0,78.0,24.82,109.7,79.0,9.32,247.4,108.0,9.1,6.8,7.0,1.84,0.0
343-9946,130.0,0.0,162.8,113.0,27.68,290.3,100.0,24.68,114.9,140.0,5.17,7.2,3.0,1.94,1.0
344-1136,120.0,0.0,202.0,123.0,34.34,184.3,78.0,15.67,176.0,89.0,7.92,7.4,2.0,2.0,2.0
344-1362,128.0,0.0,227.9,130.0,38.74,302.6,71.0,25.72,191.5,82.0,8.62,5.5,7.0,1.49,1.0
344-1970,124.0,0.0,312.0,112.0,53.04,180.0,109.0,15.3,168.6,94.0,7.59,12.8,4.0,3.46,1.0
344-2260,121.0,21.0,126.3,84.0,21.47,209.6,102.0,17.82,192.5,129.0,8.66,10.6,2.0,2.86,1.0
344-2416,3.0,27.0,67.4,116.0,11.46,244.0,78.0,20.74,281.1,93.0,12.65,11.4,2.0,3.08,2.0
344-3131,184.0,0.0,151.7,93.0,25.79,178.5,77.0,15.17,229.1,101.0,10.31,13.1,8.0,3.54,2.0
344-3145,105.0,0.0,259.3,96.0,44.08,175.2,97.0,14.89,252.15,36.0,10.01,12.0,5.0,3.24,3.0
344-3160,133.0,32.0,221.1,137.0,37.59,264.9,99.0,22.52,168.9,108.0,7.6,15.4,4.0,4.16,2.0
344-3388,122.0,0.0,243.8,98.0,41.45,83.9,72.0,7.13,179.8,84.0,8.09,13.7,8.0,3.7,2.0
344-3466,126.0,30.0,153.4,90.0,26.08,151.4,97.0,12.87,153.8,97.0,6.92,12.8,4.0,3.46,4.0
344-4022,94.0,0.0,207.0,109.0,35.19,167.4,80.0,14.23,238.2,117.0,10.72,2.6,6.0,0.7,1.0
344-4478,90.0,0.0,205.7,138.0,34.97,161.9,83.0,13.76,269.7,104.0,12.14,12.5,6.0,3.38,2.0
344-4691,57.0,29.0,279.9,121.0,47.58,223.1,109.0,18.96,251.7,94.0,11.33,13.0,2.0,3.51,1.0
344-4970,68.0,0.0,157.3,83.0,26.74,220.9,85.0,18.78,218.9,129.0,9.85,12.0,7.0,3.24,1.0
344-5117,74.0,33.0,193.7,91.0,32.93,246.1,96.0,20.92,138.0,92.0,6.21,14.6,3.0,3.94,2.0
344-5181,119.0,0.0,294.2,100.0,50.01,232.5,53.0,19.76,195.0,64.0,8.78,9.0,1.0,2.43,0.0
344-5206,140.0,0.0,149.7,71.0,25.45,212.5,97.0,18.06,245.9,67.0,11.07,12.6,4.0,3.4,3.0
344-5766,117.0,0.0,198.4,121.0,33.73,249.5,104.0,21.21,162.8,115.0,7.33,10.5,5.0,2.84,1.0
344-5967,20.0,0.0,186.8,89.0,31.76,253.4,51.0,21.54,273.1,105.0,12.29,12.3,6.0,3.32,2.0
344-5973,33.0,0.0,190.6,100.0,32.4,161.7,104.0,13.74,189.9,136.0,8.55,13.0,6.0,3.51,1.0
344-6258,88.0,0.0,144.3,116.0,24.53,156.4,74.0,13.29,214.7,90.0,9.66,7.8,10.0,2.11,3.0
344-6334,138.0,0.0,240.8,104.0,40.94,144.5,92.0,12.28,125.7,98.0,5.66,11.6,1.0,3.13,0.0
344-6404,90.0,0.0,145.6,103.0,24.75,197.1,137.0,16.75,294.5,83.0,13.25,10.5,4.0,2.84,0.0
344-6495,117.0,0.0,134.7,121.0,22.9,180.0,83.0,15.3,200.9,104.0,9.04,7.7,3.0,2.08,1.0
344-6847,93.0,0.0,168.4,114.0,28.63,276.0,127.0,23.46,196.2,48.0,8.83,11.4,3.0,3.08,1.0
344-6935,79.0,17.0,167.9,114.0,28.54,243.7,93.0,20.71,211.9,114.0,9.54,9.1,2.0,2.46,1.0
344-7197,108.0,0.0,154.2,123.0,26.21,112.3,86.0,9.55,246.4,75.0,11.09,15.4,4.0,4.16,4.0
344-7470,92.0,0.0,212.4,105.0,36.11,224.6,118.0,19.09,221.3,105.0,9.96,9.0,4.0,2.43,1.0
344-8498,63.0,25.0,190.0,137.0,32.3,116.6,76.0,9.91,141.5,110.0,6.37,12.2,2.0,3.29,1.0
344-9302,127.0,0.0,261.7,105.0,32.39,181.8,107.0,15.45,100.9,131.0,4.54,3.3,5.0,0.89,0.0
344-9347,73.0,0.0,203.3,45.0,34.56,141.9,87.0,12.06,200.7,71.0,9.03,8.5,6.0,2.3,0.0
344-9403,74.0,0.0,187.7,127.0,31.91,163.4,148.0,13.89,196.0,94.0,8.82,9.1,5.0,2.46,0.0
344-9620,120.0,28.0,215.8,123.0,36.69,285.2,76.0,24.24,192.1,78.0,8.64,6.9,3.0,1.86,1.0
344-9943,107.0,22.0,281.1,83.0,47.79,143.7,130.0,12.21,239.4,128.0,10.77,11.2,9.0,3.02,1.0
344-9966,109.0,0.0,235.3,113.0,32.39,218.5,122.0,18.57,266.0,88.0,11.97,10.9,5.0,2.94,1.0
345-1243,37.0,0.0,191.1,69.0,32.49,129.2,113.0,10.98,207.5,117.0,9.34,12.9,1.0,3.48,0.0
345-1419,27.0,0.0,193.8,102.0,32.95,118.9,104.0,10.11,135.9,124.0,6.12,9.2,3.0,2.48,0.0
345-1524,101.0,0.0,89.7,118.0,15.25,260.1,79.0,22.11,170.1,93.0,7.65,13.5,11.0,3.65,5.0
345-1994,93.0,22.0,306.2,123.0,52.05,189.7,83.0,16.12,240.3,107.0,10.81,11.7,2.0,3.16,0.0
345-1998,165.0,0.0,242.9,126.0,41.29,209.8,65.0,17.83,228.4,126.0,10.28,0.0,0.0,0.0,1.0
345-2108,105.0,0.0,246.4,83.0,41.89,256.2,101.0,21.78,169.0,151.0,7.61,3.8,4.0,1.03,0.0
345-2319,146.0,0.0,115.6,77.0,19.65,213.6,100.0,18.16,218.4,72.0,9.83,10.7,6.0,2.89,1.0
345-2401,22.0,0.0,207.7,116.0,35.31,210.6,99.0,17.9,238.2,88.0,10.72,9.6,5.0,2.59,0.0
345-2448,91.0,0.0,134.7,116.0,22.9,295.3,98.0,25.1,195.5,121.0,8.8,6.6,5.0,1.78,2.0
345-2476,107.0,0.0,90.7,90.0,15.42,207.5,109.0,17.64,169.4,96.0,7.62,5.6,5.0,1.51,2.0
345-2863,105.0,29.0,179.4,113.0,30.5,275.4,100.0,23.41,246.1,105.0,11.07,10.0,5.0,2.7,0.0
345-2931,127.0,0.0,221.0,100.0,37.57,160.7,113.0,13.66,233.1,96.0,10.49,6.8,4.0,1.84,2.0
345-3451,78.0,0.0,75.0,116.0,12.75,248.7,87.0,21.14,176.0,83.0,7.92,9.5,6.0,2.57,3.0
345-3614,76.0,0.0,107.3,140.0,18.24,238.2,133.0,20.25,271.8,116.0,12.23,10.0,3.0,2.7,4.0
345-3734,96.0,26.0,175.8,96.0,29.89,206.6,84.0,17.56,178.0,105.0,8.01,10.9,2.0,3.0,2.0
345-3787,100.0,0.0,294.7,90.0,50.1,294.6,72.0,25.04,260.1,121.0,11.7,10.8,3.0,2.92,1.0
345-3934,35.0,0.0,149.3,113.0,25.38,242.2,122.0,20.59,174.3,104.0,7.84,8.9,6.0,2.4,2.0
345-3947,177.0,0.0,266.1,91.0,45.24,225.2,79.0,19.14,224.7,58.0,10.11,8.9,8.0,2.4,3.0
345-4473,134.0,0.0,204.7,108.0,34.8,143.1,105.0,12.16,165.8,84.0,7.46,11.0,4.0,2.97,6.0
345-4551,55.0,28.0,105.3,82.0,17.9,197.4,109.0,16.78,187.5,91.0,8.44,8.6,6.0,2.32,2.0
345-4589,101.0,0.0,158.4,92.0,26.93,188.0,117.0,15.98,219.7,125.0,9.89,13.5,4.0,3.65,4.0
345-5089,57.0,0.0,189.3,157.0,32.18,174.9,70.0,14.87,221.9,117.0,9.1,11.2,5.0,3.02,3.0
345-5338,119.0,0.0,176.8,90.0,30.06,224.7,81.0,19.1,204.6,77.0,9.21,7.5,15.0,2.03,1.0
345-5639,116.0,44.0,230.6,94.0,39.2,224.1,103.0,19.05,244.0,76.0,10.98,10.9,2.0,3.0,0.0
345-5980,83.0,32.0,94.7,102.0,16.1,154.4,98.0,13.12,200.4,109.0,9.02,10.6,6.0,2.86,2.0
345-6043,82.0,0.0,207.0,90.0,35.19,232.9,83.0,19.8,172.4,108.0,7.76,9.1,8.0,2.46,3.0
345-6515,27.0,0.0,201.2,128.0,34.2,227.2,100.0,19.31,145.8,91.0,6.56,8.4,3.0,2.27,2.0
345-6961,76.0,0.0,246.8,110.0,41.96,206.3,63.0,17.54,208.4,123.0,9.38,13.2,5.0,3.56,0.0
345-7014,70.0,0.0,230.3,110.0,39.15,77.9,87.0,6.62,247.1,105.0,9.1,13.2,4.0,3.56,1.0
345-7117,119.0,0.0,109.2,96.0,18.56,153.1,80.0,13.01,240.0,102.0,10.8,9.8,5.0,2.65,2.0
345-7900,72.0,0.0,141.3,133.0,24.02,134.9,96.0,11.47,227.5,97.0,10.24,11.2,3.0,3.02,2.0
345-8237,127.0,36.0,183.2,117.0,31.14,126.8,76.0,10.78,263.3,71.0,11.85,11.2,8.0,3.02,1.0
345-8350,110.0,0.0,131.9,93.0,22.42,272.7,106.0,23.18,192.8,105.0,8.68,7.1,4.0,1.92,1.0
345-8397,70.0,0.0,152.8,145.0,25.98,183.6,102.0,15.61,151.8,75.0,6.83,10.5,2.0,2.84,1.0
345-8433,166.0,0.0,197.9,89.0,33.64,251.0,113.0,21.34,138.3,85.0,6.22,11.2,2.0,3.02,2.0
345-9018,102.0,0.0,103.1,70.0,17.53,275.0,129.0,23.38,141.1,92.0,6.35,11.2,5.0,3.02,1.0
345-9140,64.0,0.0,346.8,55.0,58.96,249.5,79.0,21.21,275.4,102.0,12.39,13.3,9.0,3.59,1.0
345-9153,132.0,39.0,175.7,93.0,29.87,187.2,94.0,15.91,225.5,118.0,10.15,8.6,3.0,2.32,2.0
345-9168,112.0,0.0,214.8,112.0,36.52,209.7,104.0,17.82,164.4,97.0,7.4,9.4,5.0,2.54,3.0
345-9598,140.0,0.0,159.1,104.0,27.05,269.8,106.0,22.93,220.4,116.0,9.92,10.3,4.0,2.78,1.0
345-9690,89.0,0.0,89.7,80.0,15.25,179.8,81.0,15.28,145.7,120.0,6.56,9.5,4.0,2.57,2.0
346-1095,81.0,0.0,166.2,102.0,28.25,217.6,112.0,18.5,220.2,68.0,9.91,13.2,2.0,3.56,4.0
346-1629,97.0,0.0,236.9,107.0,40.27,157.6,105.0,13.4,241.0,120.0,10.85,7.3,2.0,1.97,0.0
346-2020,37.0,0.0,172.9,119.0,29.39,183.0,86.0,15.56,226.4,100.0,10.19,9.8,1.0,2.65,0.0
346-2347,137.0,0.0,147.2,119.0,25.02,192.8,91.0,16.39,172.7,105.0,9.1,10.2,4.0,2.75,1.0
346-2359,110.0,0.0,148.5,115.0,25.25,276.4,84.0,23.49,193.6,112.0,8.71,12.4,3.0,3.35,1.0
346-2530,99.0,0.0,62.9,81.0,10.69,231.0,64.0,19.64,168.9,121.0,7.6,8.5,5.0,2.3,1.0
346-3445,163.0,25.0,219.6,99.0,37.33,210.4,99.0,17.88,242.7,88.0,10.92,13.8,8.0,3.73,2.0
346-4216,154.0,35.0,224.0,102.0,38.08,192.0,99.0,16.32,163.1,100.0,7.34,9.6,2.0,2.59,0.0
346-4360,132.0,0.0,181.1,121.0,30.79,314.4,109.0,26.72,246.7,81.0,9.1,4.2,9.0,1.13,2.0
346-4919,145.0,31.0,216.0,94.0,36.72,225.1,123.0,19.13,234.7,109.0,10.56,10.7,1.0,2.89,2.0
346-4984,116.0,0.0,89.5,128.0,15.22,180.8,137.0,15.37,193.1,94.0,8.69,14.0,3.0,3.78,2.0
346-5036,112.0,0.0,208.7,150.0,35.48,212.8,104.0,18.09,178.1,98.0,8.01,8.5,4.0,2.3,0.0
346-5053,103.0,34.0,138.8,80.0,23.6,142.0,108.0,12.07,183.8,77.0,8.27,11.8,7.0,3.19,1.0
346-5068,172.0,0.0,287.1,108.0,48.81,178.4,125.0,15.16,153.2,98.0,6.89,14.4,2.0,3.89,3.0
346-5287,89.0,0.0,137.9,96.0,23.44,192.6,63.0,16.37,255.7,125.0,11.51,11.0,5.0,2.97,1.0
346-5349,139.0,25.0,138.3,96.0,23.51,80.6,79.0,6.85,163.7,83.0,7.37,8.3,8.0,2.24,0.0
346-5611,62.0,0.0,172.8,101.0,29.38,204.8,97.0,17.41,240.8,90.0,10.84,9.1,8.0,2.46,2.0
346-5707,53.0,0.0,57.5,95.0,9.78,265.5,131.0,22.57,244.3,128.0,10.99,11.6,6.0,3.13,3.0
346-5992,103.0,0.0,174.7,151.0,29.7,148.0,56.0,12.58,168.2,109.0,7.57,15.8,3.0,4.27,6.0
346-6352,121.0,35.0,193.8,62.0,32.95,197.6,97.0,16.8,218.8,95.0,9.85,5.9,4.0,1.59,0.0
346-6941,77.0,24.0,149.4,74.0,25.4,123.9,72.0,10.53,174.3,84.0,7.84,10.1,6.0,2.73,1.0
346-7302,74.0,35.0,154.1,104.0,26.2,123.4,84.0,10.49,202.1,57.0,9.09,10.9,9.0,2.94,2.0
346-7656,97.0,0.0,120.8,96.0,20.54,169.8,101.0,14.43,194.1,63.0,8.73,11.9,3.0,3.21,4.0
346-7795,144.0,0.0,203.5,100.0,34.6,247.6,103.0,21.05,194.3,94.0,8.74,11.9,11.0,3.21,0.0
346-8112,113.0,32.0,180.4,89.0,30.67,129.4,124.0,11.0,166.9,124.0,7.51,8.4,2.0,2.27,1.0
346-8362,155.0,26.0,211.7,121.0,35.99,139.2,123.0,11.83,146.7,89.0,6.6,10.9,3.0,3.0,1.0
346-8368,128.0,32.0,235.3,136.0,37.89,262.0,80.0,23.23,191.4,101.0,8.61,10.8,4.0,2.92,0.0
346-8581,137.0,0.0,230.2,113.0,39.13,220.4,79.0,18.73,204.7,101.0,9.21,10.7,7.0,2.89,4.0
346-8863,61.0,15.0,252.4,106.0,42.91,187.8,69.0,15.96,259.6,137.0,11.68,10.0,3.0,2.7,2.0
346-9317,36.0,0.0,157.6,117.0,26.79,184.3,58.0,15.67,240.4,99.0,10.82,11.9,1.0,3.21,0.0
347-1263,164.0,27.0,159.7,102.0,27.15,168.8,113.0,14.35,244.1,127.0,10.98,9.6,9.0,2.59,3.0
347-1473,131.0,0.0,187.9,110.0,31.94,200.5,101.0,17.04,202.6,125.0,9.12,10.2,11.0,2.75,2.0
347-1640,56.0,0.0,235.3,114.0,30.21,215.6,110.0,18.33,236.7,67.0,10.65,10.5,5.0,2.84,1.0
347-1814,141.0,0.0,192.4,102.0,32.71,156.9,87.0,13.34,175.8,82.0,7.91,11.0,6.0,2.97,0.0
347-1870,28.0,0.0,159.7,79.0,27.15,216.7,131.0,18.42,206.7,116.0,9.3,9.3,3.0,2.51,2.0
347-1914,117.0,0.0,149.9,95.0,25.48,256.1,110.0,21.77,212.7,92.0,9.57,13.3,13.0,3.59,2.0
347-2016,89.0,0.0,129.2,71.0,21.96,214.1,68.0,18.2,214.9,100.0,9.67,10.3,4.0,2.78,5.0
347-2378,103.0,0.0,160.8,91.0,27.34,155.8,82.0,13.24,254.3,103.0,11.44,8.5,3.0,2.3,1.0
347-2951,85.0,0.0,116.2,86.0,19.75,229.7,127.0,19.52,204.2,109.0,9.19,10.1,3.0,2.73,3.0
347-3406,107.0,0.0,294.9,71.0,50.13,192.8,78.0,16.39,148.1,87.0,9.1,13.2,5.0,3.56,1.0
347-3821,130.0,19.0,152.9,87.0,25.99,213.2,99.0,18.12,205.3,114.0,9.24,10.8,6.0,2.92,2.0
347-3895,130.0,0.0,203.9,63.0,34.66,191.8,93.0,16.3,132.5,125.0,5.96,12.1,4.0,3.27,3.0
347-3958,87.0,0.0,171.6,119.0,29.17,205.0,107.0,17.43,170.6,114.0,7.68,13.8,4.0,3.73,0.0
347-4112,163.0,0.0,191.3,89.0,32.52,193.9,87.0,16.48,268.4,121.0,12.08,12.8,4.0,3.46,1.0
347-4626,114.0,31.0,235.3,98.0,37.88,180.5,105.0,15.34,151.3,101.0,6.81,13.0,4.0,3.51,0.0
347-4982,100.0,0.0,191.3,80.0,32.52,138.5,94.0,11.77,246.0,107.0,11.07,6.4,3.0,1.73,2.0
347-5063,160.0,0.0,171.2,103.0,29.1,243.5,121.0,20.7,178.2,92.0,8.02,13.0,3.0,3.51,2.0
347-5113,129.0,0.0,54.7,131.0,9.3,256.1,105.0,21.77,176.6,135.0,7.95,10.9,4.0,3.0,1.0
347-5354,59.0,31.0,225.0,78.0,38.25,191.3,79.0,16.26,226.7,79.0,10.2,9.1,3.0,2.46,1.0
347-5843,151.0,0.0,198.7,70.0,33.78,209.5,106.0,17.81,281.9,126.0,12.69,12.4,4.0,3.35,0.0
347-6164,90.0,0.0,167.5,96.0,28.48,139.1,104.0,11.82,138.4,87.0,6.23,13.0,1.0,3.51,1.0
347-6393,98.0,29.0,235.3,105.0,18.89,217.9,101.0,18.52,248.1,108.0,9.1,6.6,3.0,1.78,2.0
347-6717,81.0,46.0,168.3,124.0,28.61,270.9,103.0,23.03,252.15,98.0,10.01,6.7,2.0,1.81,4.0
347-6812,96.0,0.0,106.6,128.0,18.12,284.8,87.0,24.21,178.9,92.0,8.05,14.9,7.0,4.02,1.0
347-6994,90.0,0.0,175.9,102.0,29.9,285.2,115.0,24.24,150.8,122.0,6.79,13.0,7.0,3.51,1.0
347-7420,63.0,29.0,142.3,107.0,24.19,118.7,56.0,10.09,240.1,91.0,10.8,6.6,8.0,1.78,1.0
347-7675,37.0,0.0,134.9,98.0,22.93,248.4,130.0,23.23,236.2,113.0,10.63,14.7,2.0,3.97,3.0
347-7741,108.0,0.0,178.3,137.0,30.31,189.0,76.0,16.07,129.1,102.0,5.81,14.6,5.0,3.94,0.0
347-7773,128.0,0.0,103.3,122.0,17.56,245.9,123.0,20.9,161.1,95.0,7.25,6.4,7.0,1.73,0.0
347-7898,18.0,0.0,273.6,93.0,46.51,114.6,116.0,9.74,250.6,120.0,11.28,8.2,4.0,2.21,1.0
347-8205,99.0,0.0,235.3,102.0,37.81,185.8,89.0,15.79,237.7,81.0,10.7,12.0,8.0,3.24,2.0
347-8659,88.0,0.0,301.5,136.0,51.26,257.7,72.0,21.9,132.9,118.0,5.98,13.4,2.0,3.62,4.0
347-9421,13.0,31.0,265.3,94.0,45.1,147.6,95.0,12.55,259.3,117.0,11.67,12.9,1.0,3.48,1.0
347-9737,98.0,0.0,187.2,127.0,31.82,195.6,88.0,16.63,181.8,129.0,8.18,5.1,4.0,1.38,1.0
347-9738,106.0,0.0,194.8,133.0,33.12,213.4,73.0,18.14,190.8,92.0,8.59,11.5,7.0,3.11,0.0
347-9769,140.0,28.0,157.1,77.0,26.71,172.4,97.0,14.65,184.5,94.0,8.3,10.9,9.0,3.0,1.0
347-9968,101.0,0.0,231.3,87.0,39.32,224.7,88.0,19.1,214.6,69.0,9.66,7.2,7.0,1.94,1.0
347-9995,148.0,33.0,241.7,84.0,41.09,165.8,84.0,14.09,160.6,80.0,7.23,11.3,3.0,3.05,1.0
348-1163,115.0,0.0,345.3,81.0,58.7,203.4,106.0,17.29,217.5,107.0,9.79,11.8,8.0,3.19,1.0
348-1359,51.0,0.0,214.8,94.0,36.52,149.7,58.0,12.72,283.4,66.0,12.75,10.2,5.0,2.75,0.0
348-1528,42.0,0.0,155.4,127.0,26.42,164.1,45.0,13.95,157.7,128.0,7.1,9.0,3.0,2.43,0.0
348-1592,69.0,0.0,135.4,101.0,23.02,238.1,124.0,20.24,195.6,102.0,8.8,10.6,2.0,2.86,1.0
348-1706,110.0,0.0,196.1,103.0,32.39,199.7,123.0,16.97,135.9,71.0,6.12,12.9,1.0,3.48,3.0
348-2009,72.0,0.0,147.0,79.0,24.99,162.3,103.0,13.8,162.9,80.0,7.33,10.5,4.0,2.84,1.0
348-2150,179.0,0.0,116.1,101.0,19.74,201.8,99.0,17.15,181.9,103.0,8.19,11.6,5.0,3.13,0.0
348-2916,92.0,0.0,265.6,82.0,45.15,180.7,75.0,15.36,252.15,113.0,9.5,8.6,2.0,2.32,1.0
348-3338,160.0,0.0,256.0,102.0,43.52,187.4,61.0,15.93,119.1,81.0,5.36,11.5,4.0,3.11,3.0
348-3444,120.0,31.0,153.5,83.0,26.1,219.1,96.0,18.62,237.4,76.0,10.68,11.4,4.0,3.08,0.0
348-3581,146.0,0.0,109.0,69.0,18.53,265.8,98.0,22.59,228.3,80.0,10.27,12.6,2.0,3.4,1.0
348-3777,70.0,30.0,143.4,72.0,24.38,170.0,92.0,14.45,127.9,68.0,5.76,9.4,4.0,2.54,3.0
348-3830,79.0,0.0,134.7,98.0,22.9,189.7,68.0,16.12,221.4,128.0,9.96,11.8,5.0,3.19,2.0
348-4316,124.0,0.0,143.3,120.0,24.36,230.7,100.0,19.61,214.3,91.0,9.64,7.8,2.0,2.11,4.0
348-4660,178.0,0.0,124.5,134.0,21.17,141.2,78.0,12.0,268.2,113.0,12.07,11.4,2.0,3.08,2.0
348-4961,113.0,34.0,44.9,63.0,7.63,134.2,82.0,11.41,168.4,118.0,7.58,13.3,3.0,3.59,1.0
348-5038,102.0,0.0,156.5,67.0,26.61,204.3,103.0,17.37,141.9,72.0,6.39,9.9,2.0,2.67,2.0
348-5567,127.0,0.0,180.9,114.0,30.75,209.5,118.0,17.81,249.9,105.0,11.25,7.4,4.0,2.0,2.0
348-5569,158.0,0.0,195.9,103.0,32.39,89.1,95.0,7.57,302.2,82.0,13.6,10.3,3.0,2.78,1.0
348-5725,95.0,0.0,269.0,120.0,45.73,233.7,120.0,19.86,179.3,61.0,8.07,7.3,4.0,1.97,2.0
348-5728,57.0,0.0,272.7,74.0,46.36,224.9,85.0,19.12,178.2,104.0,8.02,10.5,3.0,2.84,2.0
348-5767,43.0,0.0,235.3,108.0,33.98,288.4,80.0,24.51,180.6,103.0,8.13,11.3,7.0,3.05,1.0
348-6008,148.0,0.0,153.6,148.0,26.11,262.1,87.0,23.23,225.5,99.0,10.15,9.8,3.0,2.65,2.0
348-6057,88.0,0.0,153.5,94.0,26.1,251.7,118.0,21.39,182.2,99.0,8.2,8.5,6.0,2.3,1.0
348-6659,149.0,20.0,264.4,102.0,44.95,219.6,123.0,18.67,200.4,89.0,9.02,11.3,3.0,3.05,2.0
348-6720,100.0,0.0,132.6,125.0,22.54,221.1,67.0,18.79,127.9,101.0,5.76,12.7,2.0,3.43,4.0
348-6853,54.0,0.0,286.6,73.0,48.72,223.2,108.0,18.97,203.7,107.0,9.17,11.5,5.0,3.11,1.0
348-7071,136.0,24.0,174.6,76.0,29.68,176.6,114.0,15.01,214.4,91.0,9.65,8.8,5.0,2.38,2.0
348-7193,50.0,0.0,131.1,129.0,32.39,160.5,94.0,13.64,206.9,88.0,9.31,5.6,9.0,1.51,5.0
348-7224,115.0,0.0,146.7,128.0,24.94,106.2,74.0,9.03,197.7,104.0,8.9,10.9,4.0,3.0,2.0
348-7409,66.0,0.0,87.6,76.0,14.89,262.0,100.0,23.23,184.6,125.0,8.31,9.2,5.0,2.48,1.0
348-7437,97.0,0.0,151.6,107.0,25.77,155.4,96.0,13.21,240.0,112.0,10.8,14.7,4.0,3.97,1.0
348-7448,88.0,0.0,152.9,119.0,25.99,171.2,107.0,14.55,257.0,106.0,11.57,12.0,5.0,3.24,2.0
348-7484,65.0,31.0,282.3,70.0,47.99,152.0,89.0,12.92,225.5,93.0,10.15,12.0,4.0,3.24,1.0
348-7556,27.0,0.0,82.6,105.0,14.04,204.0,99.0,17.34,224.2,122.0,10.09,9.1,4.0,2.46,1.0
348-8015,95.0,37.0,220.2,109.0,37.43,185.3,99.0,15.75,205.1,82.0,9.23,4.1,2.0,2.92,0.0
348-8022,100.0,0.0,115.9,87.0,19.7,251.6,56.0,9.46,170.2,77.0,7.66,7.1,4.0,1.92,1.0
348-8464,121.0,0.0,86.1,100.0,14.64,259.8,113.0,22.08,148.0,79.0,9.1,9.1,9.0,2.46,2.0
348-8679,66.0,33.0,235.3,104.0,15.1,109.6,94.0,9.32,172.7,107.0,9.1,7.1,9.0,1.92,3.0
348-8711,123.0,23.0,245.0,88.0,41.65,265.0,105.0,22.53,239.7,108.0,10.79,14.9,3.0,4.02,2.0
348-9145,137.0,0.0,97.5,95.0,16.58,195.8,82.0,16.64,252.15,78.0,13.0,0.0,0.0,0.0,1.0
348-9383,91.0,0.0,151.8,115.0,25.81,103.6,116.0,8.81,156.3,86.0,7.03,12.2,4.0,3.29,1.0
348-9828,129.0,0.0,168.4,117.0,28.63,217.1,129.0,18.45,81.6,100.0,3.67,11.8,7.0,3.19,1.0
348-9938,157.0,0.0,180.4,123.0,30.67,194.0,98.0,16.49,227.3,88.0,10.23,8.4,5.0,2.27,0.0
348-9945,94.0,0.0,139.4,95.0,23.7,159.1,92.0,13.52,128.2,129.0,5.77,7.7,3.0,2.08,0.0
349-1687,119.0,23.0,154.0,114.0,26.18,278.0,137.0,23.63,228.4,112.0,10.28,11.8,4.0,3.19,2.0
349-1726,33.0,0.0,184.4,102.0,31.35,203.8,110.0,17.32,237.4,100.0,10.68,9.3,5.0,2.51,3.0
349-1756,115.0,0.0,210.6,120.0,35.8,153.1,84.0,13.01,262.2,79.0,11.8,11.0,5.0,2.97,0.0
349-1943,112.0,22.0,181.8,110.0,30.91,228.1,123.0,19.39,262.7,141.0,11.82,9.2,4.0,2.48,2.0
349-2157,64.0,0.0,145.5,116.0,24.74,228.4,110.0,19.41,273.4,91.0,12.3,8.9,8.0,2.4,1.0
349-2654,56.0,0.0,91.1,90.0,15.49,179.3,115.0,15.24,300.7,89.0,13.53,11.9,8.0,3.21,2.0
349-2808,86.0,41.0,119.0,101.0,20.23,230.0,134.0,19.55,236.9,58.0,10.66,9.5,3.0,2.57,0.0
349-3005,130.0,0.0,271.8,129.0,46.21,237.2,128.0,20.16,210.1,91.0,9.45,8.7,2.0,2.35,4.0
349-3112,153.0,0.0,159.5,103.0,27.12,275.5,90.0,23.42,176.7,126.0,7.95,10.1,2.0,2.73,1.0
349-3732,106.0,0.0,212.9,110.0,36.19,187.0,69.0,15.9,128.1,71.0,5.76,6.3,3.0,1.7,3.0
349-3843,61.0,29.0,128.2,119.0,21.79,171.7,83.0,14.59,250.9,114.0,11.29,11.7,6.0,3.16,3.0
349-4070,105.0,15.0,88.1,125.0,14.98,175.9,142.0,14.95,269.9,85.0,12.15,9.7,1.0,2.62,2.0
349-4369,133.0,0.0,127.3,108.0,21.64,251.3,81.0,21.36,135.0,88.0,6.08,10.3,3.0,2.78,1.0
349-4396,10.0,0.0,186.1,112.0,31.64,190.2,66.0,16.17,282.8,57.0,12.73,11.4,6.0,3.08,2.0
349-4397,161.0,0.0,173.4,100.0,29.48,213.7,74.0,18.16,141.5,69.0,6.37,11.5,4.0,3.11,1.0
349-4703,30.0,30.0,217.4,74.0,36.96,213.8,86.0,18.17,227.2,104.0,10.22,6.6,3.0,1.78,0.0
349-4762,68.0,29.0,239.5,82.0,40.72,203.8,105.0,17.32,167.8,70.0,7.55,9.9,6.0,2.67,0.0
349-4979,129.0,0.0,159.1,100.0,27.05,202.5,90.0,17.21,233.1,96.0,10.49,11.5,6.0,3.11,2.0
349-5617,61.0,33.0,270.7,53.0,46.02,200.7,116.0,17.06,201.7,102.0,9.08,10.9,3.0,2.94,3.0
349-6464,125.0,0.0,137.1,94.0,23.31,209.8,83.0,17.83,238.4,114.0,10.73,8.6,4.0,2.32,1.0
349-6567,64.0,37.0,154.6,92.0,26.28,83.4,103.0,7.09,165.9,99.0,7.47,13.3,3.0,3.59,1.0
349-7138,86.0,0.0,136.4,104.0,23.19,202.5,110.0,17.21,230.7,86.0,10.38,11.5,1.0,3.11,3.0
349-7282,97.0,25.0,141.0,101.0,23.97,212.0,85.0,18.02,175.2,138.0,7.88,4.9,2.0,1.32,3.0
349-7291,35.0,0.0,124.2,102.0,32.39,123.9,115.0,10.53,135.7,100.0,6.11,13.1,8.0,3.54,2.0
349-7362,102.0,0.0,271.1,80.0,46.09,172.0,133.0,14.62,169.2,105.0,7.61,10.3,5.0,2.78,1.0
349-8391,64.0,0.0,146.7,83.0,24.94,148.3,91.0,12.61,238.6,69.0,10.74,12.5,3.0,3.38,3.0
349-9060,173.0,0.0,172.5,78.0,29.33,142.6,91.0,12.12,102.0,63.0,4.59,10.9,2.0,2.94,0.0
349-9566,92.0,0.0,201.9,74.0,34.32,226.8,119.0,19.28,217.5,80.0,9.79,13.7,6.0,3.7,3.0
350-1040,45.0,0.0,78.2,127.0,13.29,253.4,108.0,21.54,255.0,100.0,11.48,18.0,3.0,4.86,1.0
350-1126,64.0,0.0,113.8,97.0,19.35,192.3,97.0,16.35,214.9,89.0,9.67,10.4,1.0,2.81,3.0
350-1354,143.0,0.0,202.8,109.0,34.48,165.8,104.0,14.09,143.9,71.0,6.48,4.6,4.0,1.24,1.0
350-1422,75.0,38.0,163.6,132.0,27.81,146.7,113.0,12.47,345.8,115.0,15.56,13.1,3.0,3.54,3.0
350-1532,77.0,0.0,169.4,102.0,28.8,184.9,144.0,15.72,234.3,89.0,10.54,2.0,7.0,0.54,1.0
350-1639,170.0,0.0,259.9,68.0,44.18,245.0,122.0,20.83,134.4,121.0,6.05,8.4,3.0,2.27,3.0
350-2012,165.0,0.0,150.5,75.0,25.59,193.1,93.0,16.41,311.6,93.0,14.02,10.3,2.0,2.78,1.0
350-2075,153.0,0.0,166.8,127.0,28.36,143.5,121.0,12.2,210.7,130.0,9.48,11.8,4.0,3.19,0.0
350-2250,105.0,0.0,150.0,106.0,25.5,293.8,123.0,24.97,250.7,65.0,11.28,10.3,7.0,2.78,3.0
350-2340,35.0,37.0,181.2,76.0,30.8,177.6,98.0,15.1,228.0,136.0,10.26,5.0,3.0,1.35,2.0
350-2384,107.0,0.0,241.9,102.0,41.12,126.9,117.0,10.79,185.6,92.0,8.35,11.7,6.0,3.16,0.0
350-2565,100.0,0.0,110.4,103.0,18.77,137.3,102.0,11.67,189.6,105.0,8.53,7.7,6.0,2.08,2.0
350-2832,101.0,0.0,190.7,72.0,32.42,208.6,103.0,17.73,203.8,101.0,9.17,8.8,8.0,2.38,1.0
350-4297,83.0,0.0,159.3,104.0,27.08,202.3,98.0,17.2,229.0,73.0,10.31,9.5,3.0,2.57,2.0
350-4367,137.0,0.0,104.7,115.0,17.8,249.8,144.0,21.23,192.3,99.0,8.65,8.9,2.0,2.4,1.0
350-4820,160.0,0.0,166.4,117.0,28.29,317.0,129.0,26.95,160.4,121.0,7.22,10.0,2.0,2.7,1.0
350-5883,120.0,0.0,198.8,56.0,33.8,230.1,73.0,19.56,119.8,81.0,5.39,9.9,3.0,2.67,2.0
350-5993,87.0,0.0,153.3,106.0,26.06,224.5,117.0,19.08,273.4,152.0,12.3,8.9,5.0,2.4,2.0
350-6473,138.0,0.0,127.1,102.0,21.61,247.7,106.0,21.05,207.7,75.0,9.35,5.0,3.0,1.35,3.0
350-6639,44.0,34.0,221.8,105.0,37.71,161.7,85.0,13.74,227.7,62.0,10.25,14.0,7.0,3.78,0.0
350-6759,166.0,0.0,204.2,115.0,34.71,179.9,152.0,15.29,216.8,109.0,9.76,9.5,5.0,2.57,1.0
350-7114,40.0,0.0,81.7,123.0,13.89,210.2,108.0,17.87,212.0,64.0,9.54,11.3,3.0,3.05,6.0
350-7227,122.0,22.0,204.5,92.0,34.77,139.6,121.0,11.87,205.0,103.0,9.23,8.6,5.0,2.32,2.0
350-7273,95.0,0.0,229.9,116.0,39.08,202.4,110.0,17.2,171.4,105.0,7.71,14.2,6.0,3.83,1.0
350-7288,51.0,0.0,197.8,60.0,33.63,221.0,64.0,18.79,168.6,134.0,7.59,8.9,5.0,2.4,1.0
350-7306,64.0,0.0,148.1,73.0,25.18,164.9,101.0,14.02,216.0,125.0,9.72,12.3,2.0,3.32,5.0
350-7344,92.0,25.0,134.0,112.0,22.78,206.0,100.0,17.51,180.6,118.0,8.13,9.7,4.0,2.62,0.0
350-8680,128.0,40.0,171.2,88.0,29.1,145.7,109.0,12.38,196.8,93.0,8.86,14.0,6.0,3.78,1.0
350-8884,85.0,27.0,196.4,139.0,32.39,280.9,90.0,23.88,89.3,75.0,4.02,13.8,4.0,3.73,1.0
350-8921,50.0,0.0,157.1,90.0,26.71,223.3,72.0,18.98,181.4,101.0,8.16,6.1,2.0,1.65,1.0
350-9228,143.0,0.0,209.1,127.0,32.39,106.1,80.0,9.02,179.6,90.0,8.08,14.0,6.0,3.78,0.0
350-9313,100.0,36.0,166.2,54.0,28.25,238.8,109.0,20.3,108.8,92.0,4.9,11.2,2.0,3.02,3.0
350-9318,132.0,0.0,235.3,85.0,37.81,165.4,76.0,14.06,208.4,97.0,9.38,11.2,4.0,3.02,0.0
350-9720,47.0,37.0,112.8,150.0,19.18,243.9,97.0,20.73,178.7,112.0,8.04,13.2,6.0,3.56,2.0
350-9994,6.0,0.0,183.6,117.0,31.21,256.7,72.0,21.82,178.6,79.0,8.04,10.2,2.0,2.75,1.0
351-1007,84.0,42.0,165.3,97.0,28.1,223.5,118.0,19.0,260.8,72.0,11.74,7.6,7.0,2.05,3.0
351-1382,180.0,0.0,139.0,96.0,23.63,224.9,64.0,19.12,170.8,118.0,7.69,15.7,5.0,4.24,2.0
351-1389,136.0,29.0,85.2,98.0,14.48,230.4,85.0,19.58,243.6,104.0,10.96,9.0,3.0,2.43,2.0
351-1466,124.0,0.0,150.3,101.0,32.39,255.9,112.0,21.75,136.7,62.0,6.15,12.5,4.0,3.38,2.0
351-1894,84.0,38.0,193.0,106.0,32.81,153.6,106.0,13.06,260.4,87.0,11.72,7.4,5.0,2.0,2.0
351-2535,100.0,0.0,229.4,107.0,39.0,214.1,99.0,18.2,289.6,95.0,13.03,10.4,6.0,2.81,4.0
351-2587,148.0,0.0,124.4,83.0,21.15,179.7,81.0,15.27,253.0,99.0,11.39,11.3,6.0,3.05,0.0
351-2589,202.0,0.0,115.4,137.0,19.62,178.7,70.0,15.19,185.7,113.0,8.36,6.0,3.0,1.62,3.0
351-2773,92.0,0.0,157.7,101.0,26.81,298.6,100.0,25.38,216.9,99.0,9.76,13.8,3.0,3.73,1.0
351-2815,100.0,0.0,264.5,117.0,44.97,194.0,100.0,16.49,262.7,101.0,11.82,7.5,4.0,2.03,2.0
351-2928,112.0,16.0,200.3,72.0,34.05,197.8,91.0,16.81,151.1,92.0,6.8,10.4,3.0,2.81,1.0
351-3169,62.0,0.0,189.5,122.0,32.39,103.8,95.0,8.82,180.6,106.0,8.13,10.8,5.0,2.92,2.0
351-3316,98.0,0.0,158.4,71.0,26.93,306.6,66.0,26.06,144.2,93.0,6.49,2.1,4.0,0.57,1.0
351-4025,94.0,0.0,89.5,94.0,15.22,339.9,106.0,28.89,172.9,76.0,7.78,7.9,1.0,2.13,1.0
351-4226,59.0,0.0,179.4,80.0,30.5,232.5,99.0,19.76,175.8,105.0,7.91,14.7,3.0,3.97,0.0
351-4288,145.0,0.0,187.9,110.0,31.94,197.0,117.0,16.75,167.0,108.0,7.52,4.8,4.0,1.3,2.0
351-4616,115.0,24.0,142.1,124.0,24.16,183.4,129.0,15.59,164.8,114.0,7.42,9.6,4.0,2.59,1.0
351-5576,63.0,0.0,142.5,92.0,24.23,208.3,102.0,17.71,228.9,120.0,10.3,7.5,2.0,2.03,2.0
351-6366,21.0,0.0,223.2,142.0,37.94,216.5,114.0,18.4,214.7,101.0,9.66,12.4,2.0,3.35,1.0
351-6384,97.0,0.0,144.2,91.0,24.51,226.7,137.0,19.27,144.6,72.0,6.51,13.8,4.0,3.73,3.0
351-6552,60.0,0.0,125.1,99.0,21.27,248.8,62.0,21.15,211.3,79.0,9.51,11.2,3.0,3.02,3.0
351-6574,46.0,0.0,156.4,105.0,26.59,185.5,98.0,15.77,226.7,96.0,10.2,11.8,3.0,3.19,1.0
351-6585,87.0,0.0,237.2,124.0,40.32,251.6,87.0,18.92,173.3,81.0,7.8,11.0,3.0,2.97,1.0
351-7005,40.0,31.0,224.7,69.0,38.2,134.5,81.0,11.43,120.3,104.0,5.41,7.5,5.0,2.03,1.0
351-7016,98.0,0.0,162.8,65.0,27.68,185.0,109.0,15.73,219.5,104.0,9.88,6.0,3.0,1.62,2.0
351-7269,161.0,0.0,332.9,67.0,56.59,317.8,97.0,27.01,160.6,128.0,7.23,5.4,9.0,1.46,4.0
351-7309,80.0,0.0,276.5,122.0,47.01,195.6,79.0,16.63,210.3,78.0,9.46,7.2,3.0,1.94,1.0
351-7369,114.0,36.0,309.9,90.0,52.68,200.3,89.0,17.03,183.5,105.0,8.26,14.2,2.0,3.83,1.0
351-7807,135.0,0.0,173.4,107.0,29.48,251.6,84.0,18.87,64.2,94.0,2.89,13.7,6.0,3.7,1.0
351-8398,191.0,0.0,162.0,104.0,27.54,241.2,120.0,20.5,210.4,83.0,9.47,10.9,7.0,2.94,1.0
351-8894,112.0,0.0,101.1,119.0,17.19,214.4,67.0,18.22,179.5,112.0,8.08,10.3,5.0,2.78,2.0
351-8955,65.0,0.0,153.9,117.0,26.16,220.1,122.0,18.71,280.5,147.0,12.62,8.5,3.0,2.3,2.0
351-9037,50.0,0.0,301.7,82.0,51.29,167.1,118.0,14.2,72.2,89.0,3.25,10.5,6.0,2.84,1.0
351-9537,100.0,0.0,99.3,112.0,16.88,270.5,136.0,22.99,225.3,94.0,10.14,9.0,6.0,2.43,3.0
351-9604,141.0,28.0,206.9,126.0,35.17,264.4,126.0,22.47,171.8,124.0,7.73,9.3,11.0,2.51,2.0
352-1127,108.0,15.0,165.1,85.0,28.07,267.0,93.0,22.7,250.7,114.0,11.28,10.9,4.0,2.94,1.0
352-1237,64.0,0.0,154.0,67.0,26.18,225.8,118.0,19.19,265.3,86.0,11.94,3.5,3.0,0.95,1.0
352-1798,52.0,0.0,209.8,114.0,35.67,171.3,82.0,14.56,154.6,119.0,6.96,9.9,9.0,2.67,4.0
352-2175,70.0,0.0,104.7,112.0,17.8,82.2,104.0,6.99,169.4,110.0,7.62,15.8,7.0,4.27,3.0
352-2270,106.0,30.0,220.1,105.0,37.42,251.6,109.0,18.89,158.4,96.0,7.13,13.1,8.0,3.54,0.0
352-2998,134.0,0.0,178.0,110.0,30.26,153.8,64.0,13.07,236.6,105.0,10.65,11.7,4.0,3.16,1.0
352-3440,123.0,0.0,175.7,78.0,29.87,184.6,96.0,15.69,156.9,92.0,7.06,9.1,2.0,2.46,2.0
352-4182,123.0,32.0,212.3,77.0,36.09,251.5,78.0,21.38,208.7,85.0,9.39,6.6,2.0,1.78,3.0
352-4221,100.0,0.0,203.1,96.0,34.53,217.0,126.0,18.45,180.9,122.0,8.14,13.5,2.0,3.65,3.0
352-4401,99.0,0.0,128.3,78.0,21.81,215.3,120.0,18.3,143.7,140.0,6.47,14.3,9.0,3.86,2.0
352-4418,113.0,0.0,239.7,47.0,40.75,282.9,110.0,24.05,238.4,88.0,10.73,8.7,3.0,2.35,2.0
352-4534,129.0,0.0,101.4,145.0,17.24,249.1,116.0,21.17,157.6,107.0,7.09,7.1,6.0,1.92,1.0
352-4541,57.0,0.0,154.2,78.0,26.21,196.7,85.0,16.72,253.5,97.0,11.41,10.1,9.0,2.73,1.0
352-5000,69.0,0.0,195.1,91.0,33.17,261.5,57.0,23.23,203.8,90.0,9.17,11.4,5.0,3.08,0.0
352-5081,101.0,0.0,220.3,124.0,37.45,188.6,101.0,16.03,278.4,98.0,12.53,10.6,4.0,2.86,1.0
352-5118,119.0,15.0,160.0,95.0,27.2,209.5,110.0,17.81,82.3,107.0,3.7,8.7,5.0,2.35,5.0
352-5393,88.0,0.0,181.9,90.0,30.92,151.5,87.0,12.88,143.0,100.0,6.44,7.5,3.0,2.03,1.0
352-5466,42.0,0.0,303.9,106.0,51.66,232.2,54.0,19.74,147.1,76.0,6.62,5.8,3.0,1.57,1.0
352-5542,115.0,0.0,127.7,67.0,21.71,182.9,90.0,23.23,172.9,92.0,7.78,10.6,7.0,2.86,1.0
352-5663,72.0,0.0,196.5,88.0,33.41,158.6,129.0,13.48,269.3,118.0,12.12,6.8,3.0,1.84,0.0
352-5697,10.0,0.0,235.3,127.0,32.39,153.1,125.0,13.01,227.4,80.0,10.23,12.9,4.0,3.48,1.0
352-5750,105.0,0.0,212.0,113.0,36.04,226.6,128.0,19.26,193.6,114.0,8.71,8.9,7.0,2.4,3.0
352-5787,137.0,0.0,237.3,103.0,40.34,176.7,84.0,15.02,263.4,81.0,11.85,14.2,4.0,3.83,0.0
352-5815,94.0,0.0,163.5,136.0,27.8,143.7,100.0,12.21,253.4,82.0,11.4,12.6,5.0,3.4,1.0
352-6068,174.0,33.0,167.8,91.0,28.53,205.3,91.0,17.45,130.0,132.0,5.85,14.5,4.0,3.92,4.0
352-6084,160.0,0.0,216.8,77.0,36.86,207.3,117.0,17.62,228.6,117.0,10.29,5.6,2.0,1.51,1.0
352-6265,124.0,0.0,188.5,77.0,32.05,182.0,123.0,15.47,218.2,127.0,9.82,6.1,6.0,1.65,1.0
352-6282,107.0,30.0,198.9,87.0,33.81,207.0,90.0,17.6,159.8,76.0,7.19,12.6,4.0,3.4,3.0
352-6573,113.0,0.0,155.0,93.0,26.35,330.6,106.0,28.1,189.4,123.0,8.52,13.5,3.0,3.65,1.0
352-6732,136.0,0.0,109.4,91.0,18.6,207.5,100.0,17.64,135.0,107.0,6.08,11.6,5.0,3.13,0.0
352-6833,122.0,0.0,173.6,110.0,29.51,91.7,84.0,7.79,211.7,103.0,9.53,9.7,7.0,2.62,3.0
352-6976,89.0,0.0,303.9,95.0,51.66,260.9,114.0,22.18,312.1,89.0,14.04,5.3,3.0,1.43,1.0
352-7072,46.0,0.0,210.2,92.0,35.73,227.3,77.0,19.32,200.1,116.0,9.0,13.1,7.0,3.54,1.0
352-7234,101.0,0.0,248.6,102.0,42.26,174.9,93.0,14.87,207.2,86.0,9.32,6.1,3.0,1.65,3.0
352-7413,82.0,0.0,101.0,93.0,17.17,155.6,104.0,13.23,304.4,93.0,13.7,13.3,2.0,3.59,0.0
352-7752,126.0,0.0,239.7,87.0,40.75,281.7,92.0,23.94,183.5,113.0,8.26,11.4,1.0,3.08,1.0
352-7915,89.0,0.0,134.9,59.0,22.93,156.0,152.0,13.26,197.5,112.0,8.89,10.2,5.0,2.75,1.0
352-8202,137.0,0.0,205.9,88.0,35.0,209.3,86.0,17.79,289.9,84.0,13.05,14.5,4.0,3.92,2.0
352-8249,151.0,26.0,196.5,98.0,33.41,175.8,100.0,14.94,221.8,124.0,9.98,13.4,5.0,3.62,0.0
352-8305,40.0,41.0,148.1,74.0,25.18,169.5,88.0,14.41,214.1,102.0,9.63,6.2,5.0,1.67,2.0
352-8327,71.0,0.0,178.2,113.0,30.29,167.8,94.0,14.26,182.1,101.0,8.19,13.6,3.0,3.67,3.0
352-8508,106.0,0.0,147.9,97.0,25.14,209.3,99.0,17.79,162.1,80.0,7.29,8.8,5.0,2.38,2.0
352-9017,112.0,0.0,217.1,76.0,36.91,205.2,100.0,17.44,185.7,91.0,8.36,9.4,3.0,2.54,2.0
352-9050,98.0,0.0,136.1,82.0,23.14,156.3,118.0,13.29,158.8,83.0,7.15,10.1,5.0,2.73,2.0
352-9130,51.0,12.0,135.8,60.0,23.09,200.6,134.0,17.05,192.4,98.0,8.66,12.3,7.0,3.32,2.0
352-9836,59.0,0.0,195.0,58.0,33.15,198.5,88.0,16.87,304.3,110.0,13.69,14.8,9.0,4.0,0.0
352-9947,38.0,36.0,115.4,98.0,19.62,166.2,83.0,14.13,184.7,79.0,8.31,15.2,6.0,4.1,2.0
353-1352,174.0,15.0,221.8,143.0,37.71,210.6,115.0,17.9,221.8,109.0,9.98,12.4,9.0,3.35,1.0
353-1941,9.0,31.0,193.8,130.0,32.95,202.6,98.0,17.22,191.2,102.0,8.6,13.3,2.0,3.59,1.0
353-1954,136.0,0.0,101.7,105.0,17.29,202.8,99.0,17.24,136.2,119.0,6.13,9.4,6.0,2.54,3.0
353-2080,94.0,0.0,85.9,113.0,14.6,226.7,91.0,19.27,279.6,110.0,12.58,15.6,16.0,4.21,0.0
353-2391,41.0,0.0,207.2,138.0,35.22,214.1,83.0,18.2,193.0,105.0,8.69,11.9,4.0,3.21,1.0
353-2450,54.0,33.0,112.0,90.0,19.04,208.0,112.0,17.68,150.3,83.0,6.76,11.3,4.0,3.05,2.0
353-2557,185.0,19.0,157.3,123.0,26.74,257.7,94.0,21.9,190.4,107.0,8.57,9.6,6.0,2.59,0.0
353-2630,20.0,0.0,190.0,109.0,32.3,258.2,84.0,21.95,181.5,102.0,8.17,6.3,6.0,1.7,0.0
353-2763,136.0,0.0,204.5,63.0,34.77,208.8,95.0,17.75,224.0,119.0,10.08,9.8,2.0,2.65,0.0
353-3061,59.0,28.0,120.9,97.0,20.55,213.0,92.0,18.11,163.1,116.0,7.34,8.5,5.0,2.3,2.0
353-3203,90.0,0.0,114.4,122.0,19.45,127.7,154.0,10.85,253.1,109.0,11.39,10.1,5.0,2.73,2.0
353-3223,96.0,40.0,108.6,90.0,18.46,206.4,154.0,17.54,126.3,118.0,5.68,13.4,4.0,3.62,0.0
353-3285,127.0,0.0,220.2,108.0,37.43,188.4,124.0,16.01,172.7,113.0,9.1,11.7,3.0,3.16,2.0
353-3305,78.0,0.0,130.8,64.0,32.39,223.7,116.0,19.01,227.8,108.0,10.25,10.0,5.0,2.7,1.0
353-3351,54.0,0.0,210.5,102.0,35.79,204.5,83.0,17.38,127.8,53.0,5.75,8.5,5.0,2.3,1.0
353-3372,99.0,0.0,256.4,44.0,43.59,214.5,105.0,18.23,233.7,75.0,10.52,7.9,1.0,2.13,3.0
353-3492,131.0,24.0,135.9,60.0,23.1,233.2,78.0,19.82,210.6,121.0,9.48,9.4,4.0,2.54,1.0
353-3759,87.0,0.0,151.0,83.0,25.67,219.7,116.0,18.67,203.9,127.0,9.18,9.7,3.0,2.62,5.0
353-3994,135.0,0.0,194.8,97.0,33.12,235.3,118.0,20.0,174.4,126.0,7.85,11.0,3.0,2.97,1.0
353-4002,149.0,0.0,187.6,83.0,31.89,201.4,81.0,17.12,264.2,79.0,11.89,8.8,1.0,2.38,1.0
353-4296,78.0,0.0,162.3,116.0,27.59,192.4,86.0,16.35,240.6,100.0,10.83,10.1,3.0,2.73,2.0
353-4880,155.0,39.0,183.3,106.0,31.16,205.1,101.0,17.43,263.7,90.0,11.87,5.1,7.0,1.38,1.0
353-5257,90.0,24.0,71.2,82.0,12.1,181.6,103.0,15.44,186.9,101.0,8.41,12.9,1.0,3.48,1.0
353-5557,82.0,0.0,197.7,101.0,33.61,127.6,83.0,10.85,142.1,103.0,6.39,13.5,3.0,3.65,1.0
353-5714,101.0,0.0,154.4,130.0,26.25,217.2,101.0,18.46,185.4,52.0,8.34,13.9,4.0,3.75,1.0
353-6007,113.0,0.0,209.4,151.0,35.6,347.3,113.0,29.52,246.0,116.0,11.07,7.4,2.0,2.0,1.0
353-6038,128.0,0.0,245.2,112.0,41.68,101.5,101.0,8.63,152.3,116.0,6.85,10.7,5.0,2.89,0.0
353-6056,132.0,0.0,191.9,107.0,32.62,206.9,127.0,17.59,272.0,88.0,12.24,12.6,2.0,3.4,1.0
353-6218,87.0,28.0,143.5,106.0,24.4,223.5,147.0,19.0,175.4,69.0,7.89,11.2,5.0,3.02,0.0
353-6300,155.0,0.0,216.7,30.0,36.84,144.3,125.0,12.27,135.3,106.0,6.09,10.8,1.0,2.92,2.0
353-6482,104.0,0.0,170.6,97.0,29.0,162.1,100.0,13.78,210.7,131.0,9.48,6.1,1.0,1.65,1.0
353-6870,90.0,0.0,145.5,92.0,24.74,217.7,114.0,18.5,146.9,123.0,6.61,10.9,2.0,2.94,3.0
353-7096,161.0,0.0,105.4,70.0,17.92,214.8,122.0,18.26,223.6,126.0,10.06,7.8,5.0,2.11,0.0
353-7289,34.0,0.0,124.8,82.0,21.22,282.2,98.0,23.99,311.5,78.0,14.02,10.0,4.0,2.7,2.0
353-7292,131.0,26.0,292.9,101.0,49.79,199.7,97.0,16.97,255.3,127.0,11.49,13.8,7.0,3.73,4.0
353-7407,138.0,0.0,205.9,96.0,35.0,257.1,94.0,21.85,209.0,63.0,9.4,12.1,8.0,3.27,0.0
353-7461,128.0,0.0,247.3,91.0,42.04,182.7,60.0,15.53,143.2,112.0,6.44,14.7,2.0,3.97,3.0
353-7730,86.0,0.0,141.3,72.0,24.02,154.3,95.0,13.12,210.6,91.0,9.48,8.2,5.0,2.21,1.0
353-7822,58.0,0.0,149.4,145.0,25.4,196.5,105.0,16.7,209.5,108.0,9.43,14.9,3.0,4.02,1.0
353-8363,94.0,0.0,271.2,105.0,46.1,202.6,105.0,17.22,221.6,51.0,9.97,11.5,3.0,3.11,3.0
353-8849,105.0,0.0,206.2,84.0,35.05,256.4,138.0,21.79,117.1,91.0,5.27,9.0,3.0,2.43,1.0
353-8928,106.0,0.0,235.2,121.0,39.98,220.6,87.0,18.75,236.3,91.0,10.63,11.8,4.0,3.19,1.0
353-8970,49.0,0.0,236.6,91.0,40.22,220.9,146.0,18.78,146.8,114.0,6.61,8.9,2.0,2.4,1.0
353-9339,60.0,0.0,203.2,99.0,34.54,235.8,131.0,20.04,224.9,112.0,10.12,15.1,6.0,4.08,2.0
353-9998,75.0,0.0,109.0,88.0,18.53,259.3,120.0,22.04,182.1,119.0,8.19,13.3,3.0,3.59,4.0
354-1558,88.0,17.0,219.5,78.0,37.32,251.6,94.0,23.23,188.3,92.0,8.47,16.1,5.0,4.35,1.0
354-2189,40.0,0.0,170.7,55.0,29.02,179.1,108.0,15.22,281.9,89.0,12.69,8.2,9.0,2.21,3.0
354-2434,110.0,0.0,208.0,69.0,35.36,95.1,94.0,8.08,178.5,129.0,8.03,8.0,11.0,2.16,1.0
354-2762,58.0,0.0,210.1,126.0,35.72,248.9,108.0,21.16,158.6,88.0,7.14,14.4,2.0,3.89,4.0
354-2985,101.0,0.0,232.7,114.0,39.56,186.4,123.0,15.84,153.3,122.0,6.9,11.5,6.0,3.11,5.0
354-3040,88.0,0.0,274.6,105.0,46.68,161.1,121.0,13.69,194.4,123.0,8.75,9.2,4.0,2.48,2.0
354-3237,98.0,0.0,221.2,80.0,37.6,213.6,104.0,18.16,291.8,89.0,13.13,11.9,3.0,3.21,4.0
354-3436,117.0,0.0,102.8,119.0,17.48,206.7,91.0,17.57,299.0,105.0,13.46,10.1,7.0,2.73,1.0
354-3545,63.0,13.0,214.2,61.0,36.41,181.2,88.0,15.4,174.0,68.0,7.83,10.3,2.0,2.78,0.0
354-3783,135.0,0.0,151.7,82.0,25.79,119.0,105.0,10.12,180.0,100.0,8.1,10.5,6.0,2.84,0.0
354-4333,13.0,0.0,143.1,139.0,24.33,239.6,88.0,20.37,221.7,123.0,9.98,7.1,5.0,1.92,2.0
354-4352,138.0,0.0,230.1,107.0,39.12,212.0,120.0,18.02,174.9,119.0,7.87,13.2,4.0,3.56,1.0
354-4445,85.0,0.0,201.4,52.0,34.24,229.4,104.0,19.5,252.5,106.0,11.36,12.0,3.0,3.24,1.0
354-4448,105.0,21.0,147.0,112.0,24.99,197.3,43.0,16.77,267.4,93.0,12.03,8.7,3.0,2.35,2.0
354-4568,163.0,0.0,178.7,56.0,30.38,215.7,79.0,18.33,152.7,84.0,6.87,10.6,2.0,2.86,4.0
354-4577,144.0,0.0,201.1,99.0,34.19,303.5,74.0,25.8,224.0,119.0,10.08,13.2,2.0,3.56,1.0
354-4752,84.0,0.0,86.0,83.0,14.62,260.7,86.0,22.16,98.6,109.0,9.1,8.9,4.0,2.4,1.0
354-5058,55.0,0.0,106.1,77.0,18.04,123.5,100.0,10.5,96.4,92.0,4.34,12.9,3.0,3.48,0.0
354-5689,114.0,0.0,147.1,119.0,25.01,161.0,100.0,13.69,275.9,106.0,12.42,9.0,3.0,2.43,5.0
354-5764,112.0,0.0,81.6,94.0,13.87,268.1,112.0,22.79,140.8,75.0,6.34,8.6,18.0,2.32,1.0
354-6183,143.0,33.0,141.4,130.0,24.04,186.4,114.0,15.84,210.0,101.0,9.45,7.7,6.0,2.08,1.0
354-6810,127.0,24.0,154.8,69.0,26.32,177.2,105.0,15.06,207.6,102.0,9.34,9.0,4.0,2.43,1.0
354-6942,107.0,0.0,260.5,108.0,44.29,102.4,110.0,8.7,129.7,148.0,5.84,9.8,5.0,2.65,1.0
354-6960,103.0,0.0,204.9,107.0,34.83,135.2,102.0,11.49,208.2,106.0,9.37,10.4,3.0,2.81,5.0
354-7025,99.0,0.0,159.7,83.0,27.15,155.4,121.0,13.21,255.7,114.0,11.51,8.4,3.0,2.27,1.0
354-7077,152.0,20.0,239.1,105.0,40.65,209.1,100.0,23.23,268.2,130.0,12.07,13.3,3.0,3.59,5.0
354-7201,88.0,0.0,183.5,93.0,31.2,170.5,80.0,14.49,193.8,88.0,8.72,8.3,5.0,2.24,3.0
354-7314,73.0,0.0,198.3,94.0,33.71,279.3,101.0,23.74,146.2,87.0,6.58,14.8,8.0,4.0,3.0
354-7339,94.0,0.0,181.8,85.0,30.91,202.4,98.0,17.2,245.9,97.0,11.07,9.2,2.0,2.48,4.0
354-7397,97.0,0.0,225.1,90.0,38.27,279.5,127.0,23.76,233.8,103.0,10.52,8.8,4.0,2.38,0.0
354-7718,141.0,39.0,116.9,127.0,19.87,276.5,88.0,23.5,289.9,125.0,13.05,12.3,2.0,3.32,0.0
354-7820,104.0,0.0,225.9,123.0,38.4,162.8,106.0,13.84,272.1,85.0,12.24,10.1,4.0,2.73,1.0
354-8088,30.0,0.0,247.4,107.0,42.06,175.9,76.0,14.95,287.4,90.0,12.93,11.3,2.0,3.05,0.0
354-8191,46.0,0.0,164.2,116.0,27.91,196.2,153.0,16.68,236.1,119.0,10.62,8.1,1.0,2.19,1.0
354-8491,65.0,29.0,158.1,104.0,26.88,251.6,81.0,27.39,210.0,96.0,9.45,8.9,6.0,2.4,1.0
354-8914,147.0,0.0,168.6,92.0,28.66,187.7,107.0,15.95,216.5,95.0,9.74,14.4,8.0,3.89,2.0
354-9062,107.0,0.0,212.1,95.0,36.06,150.1,88.0,12.76,219.8,101.0,9.89,7.7,2.0,2.08,3.0
354-9068,90.0,0.0,198.5,124.0,33.75,251.6,100.0,22.66,243.3,80.0,10.95,8.0,7.0,2.16,2.0
354-9492,166.0,0.0,274.3,110.0,46.63,52.9,109.0,4.5,246.1,119.0,11.07,10.9,5.0,2.94,0.0
355-1019,86.0,0.0,194.2,98.0,33.01,193.8,95.0,16.47,192.0,123.0,8.64,9.3,7.0,2.51,3.0
355-1113,67.0,40.0,104.9,65.0,17.83,216.3,93.0,18.39,217.4,128.0,9.78,9.6,9.0,2.59,1.0
355-1735,71.0,0.0,141.2,132.0,24.0,149.1,90.0,12.67,171.4,72.0,7.71,7.0,2.0,1.89,2.0
355-2293,41.0,0.0,182.1,89.0,30.96,211.5,104.0,17.98,207.4,124.0,9.33,6.8,1.0,1.84,1.0
355-2464,179.0,0.0,287.3,123.0,48.84,288.0,114.0,24.48,266.0,112.0,11.97,10.5,4.0,2.84,0.0
355-2634,128.0,18.0,235.3,89.0,37.76,160.6,109.0,13.65,218.8,102.0,9.85,13.6,2.0,3.67,0.0
355-2840,27.0,0.0,232.1,81.0,39.46,210.8,101.0,17.92,165.4,87.0,7.44,15.0,6.0,4.05,5.0
355-2872,3.0,0.0,139.0,99.0,23.63,250.7,108.0,21.31,286.2,87.0,12.88,6.1,3.0,1.65,4.0
355-2909,75.0,0.0,166.3,125.0,28.27,158.2,86.0,13.45,256.7,80.0,11.55,6.1,5.0,1.65,1.0
355-3602,118.0,24.0,118.1,83.0,20.08,109.6,72.0,9.32,245.5,73.0,11.05,16.9,2.0,4.56,1.0
355-3620,195.0,0.0,63.2,108.0,10.74,220.2,88.0,18.72,184.0,99.0,8.28,5.1,3.0,1.38,0.0
355-3801,60.0,0.0,179.3,147.0,30.48,208.9,89.0,17.76,248.2,98.0,9.1,13.5,6.0,3.65,1.0
355-3814,124.0,0.0,184.8,74.0,31.42,175.1,84.0,14.88,158.2,95.0,7.12,10.5,6.0,2.84,1.0
355-4143,77.0,0.0,67.7,68.0,11.51,195.7,86.0,16.63,236.5,137.0,10.64,12.0,2.0,3.24,1.0
355-4842,146.0,0.0,204.4,135.0,34.75,219.1,90.0,18.62,252.15,114.0,10.02,10.5,6.0,2.84,3.0
355-4992,129.0,0.0,267.4,78.0,45.46,204.2,85.0,17.36,252.15,146.0,5.03,5.9,4.0,1.59,1.0
355-5009,94.0,23.0,197.1,125.0,33.51,214.5,136.0,18.23,282.2,103.0,12.7,9.5,5.0,2.57,4.0
355-5922,73.0,0.0,122.0,92.0,20.74,138.3,114.0,11.76,224.2,128.0,10.09,5.8,5.0,1.57,1.0
355-6291,120.0,0.0,212.1,131.0,36.06,209.4,104.0,17.8,167.2,96.0,7.52,5.3,5.0,1.43,1.0
355-6422,81.0,0.0,129.9,121.0,22.08,230.1,105.0,19.56,140.5,123.0,6.32,13.3,3.0,3.59,0.0
355-6531,117.0,22.0,196.0,82.0,32.39,322.7,82.0,27.43,225.6,120.0,10.15,3.7,5.0,1.0,1.0
355-6560,102.0,0.0,233.8,103.0,39.75,221.6,131.0,18.84,146.9,106.0,6.61,12.8,3.0,3.46,0.0
355-6826,134.0,0.0,202.7,105.0,34.46,224.9,90.0,19.12,253.9,108.0,11.43,12.1,7.0,3.27,0.0
355-6837,74.0,0.0,282.5,114.0,48.03,219.9,48.0,18.69,170.0,115.0,7.65,9.4,4.0,2.54,1.0
355-6930,94.0,0.0,177.1,112.0,30.11,194.0,112.0,16.49,146.7,108.0,6.6,5.9,4.0,1.59,1.0
355-7251,125.0,0.0,229.3,103.0,38.98,177.4,126.0,15.08,189.3,95.0,8.52,12.0,8.0,3.24,1.0
355-7293,90.0,0.0,221.8,97.0,37.71,203.8,134.0,17.32,215.8,154.0,9.71,8.4,4.0,2.27,1.0
355-7705,44.0,0.0,62.3,92.0,10.59,275.0,82.0,23.38,138.7,108.0,6.24,10.8,3.0,2.92,1.0
355-7895,142.0,40.0,237.4,105.0,40.36,175.9,93.0,14.95,210.3,110.0,9.46,9.2,3.0,2.48,3.0
355-8299,7.0,30.0,221.4,114.0,37.64,165.8,116.0,14.09,247.0,105.0,9.1,10.8,12.0,2.92,1.0
355-8887,46.0,0.0,214.1,72.0,36.4,164.4,104.0,13.97,177.5,113.0,7.99,8.2,3.0,2.21,2.0
355-9295,73.0,0.0,192.2,86.0,32.67,168.6,116.0,14.33,139.8,87.0,6.29,9.4,6.0,2.54,1.0
355-9324,92.0,0.0,249.4,118.0,42.4,211.5,95.0,17.98,169.0,116.0,7.61,9.1,3.0,2.46,0.0
355-9356,108.0,0.0,210.6,117.0,35.8,164.2,103.0,13.96,201.4,68.0,9.06,9.4,5.0,2.54,0.0
355-9360,243.0,0.0,95.5,92.0,16.24,163.7,63.0,13.91,264.2,118.0,11.89,6.6,6.0,1.78,2.0
355-9366,90.0,26.0,169.0,104.0,28.73,251.6,104.0,16.05,213.3,76.0,9.6,13.3,3.0,3.59,0.0
355-9475,129.0,0.0,186.0,127.0,31.62,262.3,96.0,22.3,98.9,63.0,4.45,11.5,6.0,3.11,4.0
355-9508,137.0,0.0,206.4,122.0,35.09,128.0,102.0,10.88,194.5,84.0,8.75,8.8,5.0,2.38,2.0
355-9541,73.0,0.0,254.8,85.0,43.32,143.4,80.0,12.19,153.9,102.0,6.93,15.0,7.0,4.05,2.0
355-9581,51.0,0.0,259.9,114.0,44.18,176.2,94.0,14.98,77.2,112.0,3.47,15.3,1.0,4.13,1.0
355-9993,121.0,24.0,218.2,88.0,37.09,348.5,108.0,29.62,212.6,118.0,9.57,7.5,7.0,2.03,3.0
356-1270,146.0,11.0,180.7,82.0,30.72,173.7,90.0,14.76,231.5,89.0,10.42,10.1,4.0,2.73,2.0
356-1358,120.0,0.0,203.3,108.0,34.56,259.9,66.0,22.09,115.9,103.0,5.22,7.8,2.0,2.11,3.0
356-1420,54.0,0.0,159.8,99.0,27.17,264.0,64.0,22.44,115.7,70.0,5.21,9.7,7.0,2.62,2.0
356-1567,106.0,0.0,223.0,121.0,37.91,110.1,98.0,9.36,188.7,107.0,8.49,7.1,12.0,1.92,0.0
356-1582,68.0,0.0,178.7,61.0,30.38,252.3,84.0,21.45,255.7,76.0,11.51,8.4,4.0,2.27,1.0
356-1654,73.0,47.0,173.7,117.0,29.53,204.0,114.0,17.34,174.6,94.0,7.86,6.3,3.0,1.7,2.0
356-1889,39.0,0.0,160.4,68.0,27.27,102.6,103.0,8.72,235.3,106.0,10.59,9.1,5.0,2.46,2.0
356-1952,64.0,0.0,124.1,117.0,21.1,192.8,108.0,16.39,162.9,84.0,7.33,6.4,5.0,1.73,3.0
356-2093,80.0,38.0,236.6,69.0,40.22,197.5,68.0,16.79,209.5,102.0,9.43,9.5,10.0,2.57,2.0
356-2302,110.0,0.0,188.0,127.0,31.96,90.5,118.0,7.69,150.3,64.0,6.76,15.3,3.0,4.13,3.0
356-2992,76.0,33.0,189.7,66.0,32.25,212.8,65.0,18.09,165.7,108.0,7.46,10.0,5.0,2.7,1.0
356-3333,66.0,0.0,208.7,84.0,35.48,173.3,88.0,14.73,264.7,107.0,11.91,8.3,3.0,2.24,3.0
356-3403,77.0,0.0,189.5,112.0,32.39,207.0,95.0,17.6,214.1,91.0,9.63,9.2,7.0,2.48,0.0
356-3448,86.0,29.0,225.4,79.0,38.32,187.1,112.0,15.9,281.1,112.0,12.65,12.9,3.0,3.48,1.0
356-3646,115.0,0.0,184.1,98.0,31.3,327.0,73.0,27.8,212.5,106.0,9.56,7.5,6.0,2.03,2.0
356-4001,77.0,0.0,230.0,87.0,39.1,103.2,138.0,8.77,309.6,136.0,13.93,11.3,3.0,3.05,2.0
356-4146,44.0,0.0,204.6,117.0,34.78,205.2,94.0,17.44,164.6,84.0,7.41,10.7,5.0,2.89,0.0
356-4558,110.0,0.0,235.3,94.0,37.86,105.8,98.0,8.99,214.8,78.0,9.67,13.5,4.0,3.65,1.0
356-4706,127.0,0.0,247.5,99.0,42.08,108.5,118.0,9.22,232.0,72.0,10.44,10.6,3.0,2.86,2.0
356-4832,86.0,29.0,157.2,118.0,26.72,196.3,136.0,16.69,226.7,109.0,10.2,8.4,5.0,2.27,3.0
356-5244,52.0,24.0,170.9,71.0,29.05,201.4,80.0,17.12,159.0,124.0,7.15,4.1,5.0,2.92,2.0
356-5475,82.0,0.0,167.1,77.0,28.41,131.8,79.0,11.2,187.4,98.0,8.43,9.4,1.0,2.54,6.0
356-5491,93.0,36.0,178.7,134.0,30.38,178.6,102.0,15.18,126.8,82.0,5.71,8.0,4.0,2.16,2.0
356-7208,67.0,0.0,176.2,120.0,29.95,236.0,138.0,20.06,152.5,104.0,6.86,10.6,4.0,2.86,1.0
356-7217,104.0,0.0,164.2,109.0,27.91,155.4,90.0,13.21,168.9,117.0,7.6,10.7,8.0,2.89,1.0
356-7239,80.0,0.0,127.8,67.0,21.73,181.6,112.0,15.44,197.3,63.0,9.1,15.9,2.0,4.29,2.0
356-7511,95.0,0.0,134.4,104.0,22.85,152.4,95.0,12.95,236.5,80.0,10.64,9.4,3.0,2.54,1.0
356-7580,13.0,0.0,193.2,89.0,32.84,194.4,90.0,16.52,186.5,104.0,8.39,9.7,2.0,2.62,4.0
356-7817,63.0,33.0,184.2,102.0,31.31,312.6,89.0,26.57,264.0,55.0,11.88,12.2,4.0,3.29,1.0
356-8449,108.0,34.0,162.1,83.0,27.56,171.8,117.0,14.6,259.8,76.0,11.69,9.6,3.0,2.59,4.0
356-8621,1.0,26.0,146.6,68.0,24.92,172.8,67.0,14.69,173.8,113.0,7.82,10.0,2.0,2.7,1.0
356-8982,114.0,0.0,169.2,96.0,28.76,149.9,83.0,12.74,196.9,119.0,8.86,4.6,4.0,1.24,2.0
356-9187,96.0,45.0,248.8,124.0,42.3,140.3,77.0,11.93,263.6,102.0,11.86,10.3,2.0,2.78,3.0
357-1085,46.0,0.0,139.4,81.0,23.7,223.7,113.0,19.01,173.1,77.0,7.79,13.6,6.0,3.67,1.0
357-1700,104.0,0.0,148.2,108.0,25.19,161.8,113.0,13.75,259.3,103.0,11.67,11.0,4.0,2.97,0.0
357-1909,151.0,0.0,218.0,57.0,37.06,114.4,88.0,9.72,269.2,95.0,12.11,12.4,1.0,3.35,0.0
357-1938,125.0,0.0,298.4,78.0,50.73,270.5,142.0,22.99,107.3,84.0,4.83,12.2,2.0,3.29,0.0
357-2294,83.0,0.0,259.7,106.0,44.15,152.7,116.0,12.98,224.7,92.0,10.11,10.2,2.0,2.75,0.0
357-2429,104.0,18.0,182.1,66.0,30.96,213.6,65.0,18.16,193.0,108.0,8.69,13.4,9.0,3.62,2.0
357-2679,105.0,0.0,213.4,100.0,36.28,204.9,52.0,17.42,179.7,93.0,8.09,9.5,6.0,2.57,1.0
357-2735,87.0,0.0,168.2,92.0,28.59,224.7,100.0,19.1,169.5,99.0,7.63,12.9,3.0,3.48,1.0
357-2748,64.0,22.0,200.4,80.0,34.07,131.1,84.0,23.23,230.7,67.0,10.38,7.6,5.0,2.05,1.0
357-3187,137.0,0.0,208.8,120.0,35.5,225.3,100.0,19.15,221.6,130.0,9.97,10.9,5.0,3.0,0.0
357-3577,69.0,0.0,185.3,91.0,31.5,219.1,88.0,18.62,243.6,107.0,10.96,5.5,5.0,1.49,0.0
357-3709,172.0,0.0,211.7,100.0,35.99,198.7,101.0,16.89,301.7,136.0,13.58,6.5,9.0,1.76,1.0
357-3817,57.0,39.0,213.0,115.0,36.21,191.1,112.0,16.24,182.7,115.0,8.22,9.5,3.0,2.57,0.0
357-4078,110.0,40.0,202.6,103.0,32.39,118.8,128.0,10.1,234.9,98.0,10.57,9.0,9.0,2.43,2.0
357-4265,71.0,0.0,277.5,104.0,47.18,131.8,121.0,11.2,126.9,101.0,5.71,8.2,2.0,2.21,1.0
357-4573,136.0,0.0,102.1,75.0,17.36,219.5,97.0,18.66,73.7,92.0,3.32,9.8,5.0,2.65,0.0
357-4936,142.0,26.0,220.5,94.0,37.49,239.5,126.0,20.36,254.3,109.0,11.44,5.9,9.0,1.59,2.0
357-5696,91.0,0.0,153.0,123.0,26.01,141.1,127.0,11.99,171.5,76.0,7.72,10.3,15.0,2.78,1.0
357-5784,110.0,0.0,18.9,92.0,3.21,258.4,81.0,21.96,109.6,74.0,4.93,14.8,4.0,4.0,1.0
357-5801,59.0,0.0,151.8,98.0,25.81,209.9,92.0,17.84,266.9,86.0,12.01,11.9,5.0,3.21,1.0
357-5995,147.0,0.0,183.8,113.0,31.25,164.7,110.0,14.0,252.15,87.0,5.0,10.1,4.0,2.73,1.0
357-6039,55.0,0.0,285.7,124.0,48.57,230.9,106.0,19.63,230.7,140.0,10.38,14.8,7.0,4.0,0.0
357-6348,67.0,34.0,161.7,114.0,27.49,207.6,115.0,17.65,205.7,114.0,9.26,9.2,4.0,2.48,0.0
357-7060,42.0,0.0,146.3,84.0,24.87,255.9,113.0,21.75,45.0,117.0,2.03,8.0,12.0,2.16,1.0
357-7064,121.0,0.0,134.1,112.0,22.8,195.1,104.0,16.58,159.6,139.0,7.18,10.5,2.0,2.84,2.0
357-7385,122.0,0.0,119.3,93.0,20.28,223.9,103.0,19.03,211.9,122.0,9.54,8.7,4.0,2.35,2.0
357-7875,127.0,25.0,203.8,118.0,34.65,267.1,48.0,22.7,225.1,105.0,10.13,7.3,5.0,1.97,0.0
357-7893,86.0,0.0,216.3,96.0,36.77,266.3,77.0,22.64,214.0,110.0,9.63,4.5,3.0,1.22,0.0
357-8515,89.0,12.0,188.0,105.0,31.96,151.3,107.0,12.86,201.9,132.0,9.09,10.5,3.0,2.84,2.0
357-9136,28.0,0.0,121.7,48.0,20.69,125.8,112.0,10.69,261.6,122.0,11.77,8.3,2.0,2.24,6.0
357-9832,139.0,25.0,96.2,112.0,16.35,178.9,70.0,15.21,182.1,84.0,8.19,12.9,10.0,3.48,2.0
358-1129,146.0,32.0,154.0,80.0,26.18,185.5,91.0,15.77,148.2,107.0,6.67,8.2,4.0,2.21,3.0
358-1329,136.0,0.0,92.4,109.0,15.71,219.0,115.0,18.62,212.6,80.0,9.57,12.9,4.0,3.48,2.0
358-1346,62.0,32.0,218.4,93.0,37.13,236.7,132.0,20.12,192.2,137.0,8.65,13.2,3.0,3.56,0.0
358-1778,110.0,0.0,162.0,81.0,27.54,247.5,89.0,21.04,252.15,99.0,7.0,8.9,8.0,2.4,0.0
358-1912,69.0,0.0,195.3,70.0,33.2,216.7,108.0,18.42,259.9,119.0,11.7,12.5,4.0,3.38,3.0
358-1921,137.0,0.0,243.4,114.0,41.38,121.2,110.0,10.3,162.6,104.0,7.32,12.2,5.0,3.29,0.0
358-1922,124.0,0.0,251.5,85.0,42.76,214.2,98.0,18.21,186.1,71.0,8.37,10.9,6.0,3.0,3.0
358-1958,130.0,0.0,183.0,112.0,32.39,72.9,99.0,6.2,181.8,78.0,8.18,9.5,19.0,2.57,0.0
358-2046,108.0,0.0,201.1,101.0,34.19,170.7,86.0,14.51,237.4,113.0,10.68,11.6,3.0,3.13,3.0
358-2490,105.0,0.0,273.8,97.0,46.55,289.7,106.0,24.62,269.1,126.0,12.11,5.8,3.0,1.57,2.0
358-2694,142.0,0.0,140.8,140.0,23.94,228.6,119.0,19.43,152.9,88.0,6.88,10.9,7.0,2.94,1.0
358-3114,50.0,0.0,131.7,108.0,22.39,216.5,103.0,18.4,196.1,126.0,8.82,11.0,5.0,2.97,1.0
358-3261,53.0,24.0,145.7,146.0,24.77,220.5,136.0,18.74,249.9,96.0,11.25,13.1,5.0,3.54,3.0
358-3604,146.0,0.0,169.5,93.0,28.82,230.9,71.0,19.63,269.8,115.0,12.14,9.0,7.0,2.43,2.0
358-3691,43.0,0.0,159.5,99.0,27.12,119.7,149.0,10.17,173.9,126.0,7.83,6.8,3.0,1.84,2.0
358-3692,130.0,0.0,263.7,113.0,44.83,186.5,103.0,15.85,195.3,99.0,8.79,18.3,6.0,4.94,1.0
358-4036,185.0,0.0,139.6,92.0,23.73,250.2,115.0,21.27,158.1,79.0,7.11,10.8,4.0,2.92,1.0
358-4412,79.0,17.0,236.7,95.0,40.24,263.5,56.0,22.4,259.6,107.0,11.68,12.0,4.0,3.24,1.0
358-4576,88.0,0.0,235.1,98.0,39.97,251.8,79.0,21.4,285.9,76.0,12.87,7.2,2.0,1.94,4.0
358-5274,124.0,0.0,157.4,107.0,26.76,167.8,112.0,14.26,252.15,102.0,8.5,8.8,3.0,2.38,3.0
358-5721,78.0,0.0,87.7,74.0,14.91,214.8,58.0,18.26,201.3,147.0,9.06,10.8,6.0,2.92,1.0
358-5826,85.0,0.0,209.8,82.0,35.67,194.5,94.0,16.53,200.4,85.0,9.02,11.3,3.0,3.05,0.0
358-5953,112.0,0.0,115.8,108.0,19.69,243.3,100.0,20.68,184.6,78.0,8.31,13.1,5.0,3.54,1.0
358-6672,52.0,20.0,235.3,63.0,22.66,184.1,123.0,15.65,272.9,107.0,12.28,13.5,2.0,3.65,1.0
358-6796,11.0,24.0,131.5,98.0,22.36,230.2,100.0,19.57,283.7,87.0,12.77,10.0,3.0,2.7,2.0
358-7165,44.0,0.0,235.3,86.0,49.1,175.9,87.0,14.95,215.4,106.0,9.69,9.5,2.0,2.57,0.0
358-7379,112.0,17.0,183.2,95.0,31.14,252.8,125.0,21.49,156.7,95.0,7.05,9.7,3.0,2.62,0.0
358-7914,82.0,0.0,130.0,110.0,22.1,185.3,88.0,15.75,178.7,105.0,8.04,8.3,4.0,2.24,0.0
358-8025,171.0,0.0,231.2,135.0,39.3,188.7,74.0,16.04,206.9,124.0,9.31,12.3,1.0,3.32,1.0
358-8729,147.0,0.0,205.3,95.0,34.9,166.7,128.0,14.17,240.6,84.0,10.83,7.8,4.0,2.11,1.0
358-9095,128.0,0.0,237.9,125.0,40.44,247.6,93.0,21.05,208.9,68.0,9.4,13.9,4.0,3.75,1.0
358-9146,7.0,0.0,206.7,87.0,35.14,281.1,83.0,23.89,158.5,77.0,7.13,11.0,5.0,2.97,3.0
358-9898,75.0,0.0,153.2,78.0,26.04,210.8,99.0,17.92,153.5,100.0,6.91,7.8,3.0,2.11,1.0
359-1231,138.0,0.0,241.8,93.0,32.39,170.5,83.0,14.49,295.3,104.0,13.29,11.8,7.0,3.19,3.0
359-1441,96.0,0.0,179.5,125.0,30.52,162.3,139.0,13.8,264.5,133.0,11.9,6.6,2.0,1.78,1.0
359-2197,140.0,0.0,129.6,79.0,22.03,246.2,99.0,20.93,172.1,124.0,7.74,9.4,10.0,2.54,3.0
359-2740,58.0,30.0,178.1,102.0,30.28,236.7,109.0,20.12,264.0,118.0,11.88,8.4,2.0,2.27,0.0
359-2915,136.0,16.0,90.4,105.0,15.37,201.3,109.0,17.11,227.1,115.0,10.22,13.1,4.0,3.54,0.0
359-3423,27.0,0.0,226.3,95.0,38.47,274.3,109.0,23.32,242.7,119.0,10.92,8.2,3.0,2.21,2.0
359-3618,167.0,0.0,219.1,100.0,37.25,242.9,90.0,20.65,168.9,101.0,7.6,10.1,4.0,2.73,2.0
359-3833,119.0,19.0,178.1,110.0,30.28,212.8,100.0,18.09,226.3,123.0,10.18,10.0,6.0,2.7,1.0
359-4081,38.0,0.0,131.2,98.0,22.3,162.9,97.0,13.85,159.0,106.0,7.15,8.2,6.0,2.21,2.0
359-4336,39.0,0.0,295.4,126.0,50.22,232.1,117.0,19.73,204.4,123.0,9.2,11.5,2.0,3.11,1.0
359-4587,178.0,0.0,275.4,150.0,46.82,187.5,62.0,15.94,147.1,126.0,6.62,13.6,3.0,3.67,1.0
359-5091,36.0,43.0,29.9,123.0,5.08,129.1,117.0,10.97,325.9,105.0,14.67,8.6,6.0,2.32,2.0
359-5160,143.0,33.0,239.2,109.0,40.66,235.5,112.0,20.02,156.3,95.0,7.03,9.5,4.0,2.57,1.0
359-5461,130.0,0.0,176.9,109.0,30.07,90.7,104.0,7.71,238.0,69.0,10.71,9.5,2.0,2.57,1.0
359-5718,119.0,35.0,217.1,92.0,36.91,220.8,134.0,18.77,249.5,93.0,11.23,8.0,5.0,2.16,2.0
359-5731,172.0,0.0,270.0,102.0,45.9,256.6,100.0,21.81,168.5,104.0,7.58,12.0,5.0,3.24,2.0
359-5890,128.0,0.0,125.2,99.0,21.28,205.4,107.0,17.46,254.4,101.0,11.45,18.9,2.0,5.1,0.0
359-5893,174.0,0.0,192.1,97.0,32.66,169.9,94.0,23.23,252.15,54.0,7.5,11.4,4.0,3.08,1.0
359-6163,82.0,0.0,125.7,96.0,21.37,207.6,137.0,17.65,183.1,103.0,8.24,12.9,2.0,3.48,1.0
359-6196,92.0,0.0,173.1,140.0,29.43,240.3,105.0,20.43,233.2,117.0,10.49,9.0,5.0,2.43,1.0
359-6232,74.0,0.0,314.1,86.0,53.4,251.6,99.0,18.9,259.0,121.0,11.66,12.3,5.0,3.32,3.0
359-6931,79.0,0.0,235.3,99.0,37.79,146.2,82.0,12.43,275.6,82.0,12.4,8.9,4.0,2.4,3.0
359-6995,158.0,0.0,202.0,126.0,34.34,163.5,86.0,13.9,195.4,84.0,8.79,10.4,6.0,2.81,1.0
359-7255,134.0,50.0,208.8,130.0,35.5,132.9,104.0,11.3,136.7,107.0,6.15,10.9,4.0,3.0,2.0
359-7426,44.0,0.0,308.6,139.0,52.46,150.8,94.0,12.82,198.7,66.0,8.94,7.3,3.0,1.97,4.0
359-7521,138.0,0.0,251.0,119.0,42.67,91.2,96.0,7.75,142.2,87.0,6.4,13.8,3.0,3.73,3.0
359-7562,55.0,0.0,221.0,115.0,37.57,165.4,97.0,14.06,235.4,117.0,10.59,9.7,4.0,2.62,1.0
359-7648,113.0,0.0,207.2,113.0,35.22,256.0,80.0,21.76,211.0,87.0,9.49,9.9,1.0,2.67,1.0
359-7694,25.0,0.0,134.3,98.0,22.83,202.3,109.0,17.2,195.9,100.0,8.82,12.6,5.0,3.4,2.0
359-7788,94.0,0.0,118.7,90.0,20.18,205.1,57.0,17.43,172.2,100.0,7.75,10.4,6.0,2.81,3.0
359-8466,100.0,30.0,58.8,104.0,10.0,219.5,107.0,18.66,152.3,118.0,6.85,7.1,3.0,1.92,0.0
359-9223,124.0,0.0,191.3,134.0,32.52,261.5,113.0,23.23,182.3,101.0,8.2,10.0,3.0,2.7,1.0
359-9369,96.0,0.0,173.9,102.0,29.56,287.4,105.0,24.43,204.8,91.0,9.22,9.1,7.0,2.46,1.0
359-9454,103.0,0.0,190.9,62.0,32.45,226.6,53.0,19.26,230.1,96.0,10.35,7.8,3.0,2.11,2.0
359-9794,125.0,0.0,126.7,108.0,21.54,206.0,90.0,17.51,247.8,114.0,9.1,13.3,7.0,3.59,1.0
359-9972,149.0,43.0,206.7,79.0,35.14,174.6,122.0,14.84,241.5,80.0,10.87,10.9,3.0,2.94,1.0
359-9992,90.0,0.0,246.4,83.0,41.89,160.3,88.0,13.63,170.9,99.0,7.69,7.6,7.0,2.05,1.0
360-1171,144.0,0.0,61.6,117.0,10.47,77.1,85.0,6.55,173.0,99.0,7.79,8.2,7.0,2.21,4.0
360-1320,116.0,0.0,110.9,54.0,18.85,213.4,82.0,18.14,186.2,116.0,8.38,7.9,2.0,2.13,2.0
360-1406,124.0,0.0,253.5,104.0,43.1,117.9,123.0,10.02,248.5,104.0,9.1,14.0,2.0,3.78,0.0
360-1596,12.0,0.0,249.6,118.0,42.43,252.4,119.0,21.45,280.2,90.0,12.61,11.8,3.0,3.19,1.0
360-1643,54.0,39.0,117.6,82.0,32.39,159.2,60.0,13.53,236.4,113.0,10.64,11.3,10.0,3.05,2.0
360-1745,109.0,0.0,235.3,74.0,37.83,169.7,75.0,14.42,264.3,94.0,11.89,9.0,3.0,2.43,2.0
360-1776,131.0,0.0,112.8,133.0,19.18,199.4,116.0,16.95,142.7,105.0,6.42,10.1,5.0,2.73,0.0
360-1852,60.0,0.0,252.7,97.0,42.96,221.1,121.0,18.79,109.9,100.0,4.95,12.4,4.0,3.35,2.0
360-2107,50.0,22.0,252.9,112.0,42.99,177.9,99.0,15.12,158.4,146.0,7.13,8.5,4.0,2.3,3.0
360-2329,160.0,0.0,234.9,136.0,39.93,270.8,134.0,23.02,219.3,101.0,9.87,13.9,2.0,3.75,1.0
360-2479,104.0,0.0,138.7,107.0,23.58,256.9,113.0,21.84,234.9,74.0,10.57,10.0,3.0,2.7,0.0
360-2690,87.0,28.0,151.4,95.0,25.74,152.4,97.0,12.95,250.1,109.0,11.25,0.0,0.0,0.0,1.0
360-3126,78.0,0.0,109.5,105.0,18.62,286.1,90.0,24.32,247.6,113.0,9.1,4.9,9.0,1.32,1.0
360-3324,93.0,0.0,312.0,109.0,53.04,129.4,100.0,11.0,217.6,74.0,9.79,10.5,2.0,2.84,0.0
360-3525,115.0,0.0,147.9,109.0,25.14,228.4,117.0,19.41,299.7,90.0,13.49,9.6,9.0,2.59,3.0
360-4320,85.0,0.0,102.0,95.0,17.34,270.2,139.0,22.97,148.2,105.0,6.67,10.7,3.0,2.89,1.0
360-5636,165.0,0.0,156.0,88.0,26.52,276.1,81.0,23.47,175.9,94.0,7.92,9.3,5.0,2.51,1.0
360-5779,87.0,0.0,136.3,97.0,23.17,172.2,108.0,14.64,137.5,101.0,6.19,7.1,5.0,1.92,0.0
360-5794,94.0,0.0,245.0,112.0,41.65,180.4,91.0,15.33,262.9,105.0,11.83,9.7,6.0,2.62,1.0
360-6024,78.0,25.0,197.4,73.0,33.56,295.7,113.0,25.13,211.7,73.0,9.53,13.2,2.0,3.56,0.0
360-6309,73.0,0.0,94.1,136.0,16.0,280.3,122.0,23.83,205.0,77.0,9.23,9.8,4.0,2.65,0.0
360-6416,64.0,0.0,261.9,113.0,44.52,148.1,99.0,12.59,145.2,74.0,6.53,13.8,4.0,3.73,0.0
360-6868,158.0,0.0,158.0,106.0,26.86,292.5,114.0,24.86,241.1,89.0,10.85,9.1,4.0,2.46,1.0
360-7076,68.0,24.0,176.0,118.0,29.92,277.9,116.0,23.62,174.7,71.0,7.86,14.7,7.0,3.97,1.0
360-7079,133.0,0.0,216.2,67.0,36.75,251.6,133.0,18.89,192.0,95.0,8.64,3.1,1.0,0.84,2.0
360-7246,93.0,42.0,166.9,101.0,28.37,273.2,84.0,23.22,171.0,106.0,7.69,11.5,1.0,3.11,1.0
360-7404,37.0,20.0,264.7,81.0,45.0,216.5,110.0,18.4,210.7,102.0,9.48,10.4,7.0,2.81,0.0
360-7477,116.0,0.0,164.6,110.0,27.98,270.6,103.0,23.0,230.4,109.0,10.37,8.0,3.0,2.16,0.0
360-7839,102.0,0.0,200.6,106.0,34.1,152.5,127.0,12.96,199.4,128.0,8.97,7.7,2.0,2.08,3.0
360-8135,112.0,0.0,170.5,113.0,28.99,193.2,129.0,16.42,188.0,91.0,8.46,11.2,6.0,3.02,0.0
360-8666,210.0,0.0,104.6,121.0,17.78,149.5,71.0,12.71,255.1,67.0,11.48,6.5,8.0,1.76,2.0
360-8919,224.0,0.0,235.3,133.0,18.94,175.0,66.0,14.88,217.2,106.0,9.77,5.5,6.0,1.49,3.0
360-9005,130.0,30.0,185.0,117.0,31.45,249.5,141.0,21.21,157.8,103.0,7.1,7.4,7.0,2.0,0.0
360-9038,33.0,35.0,186.8,124.0,31.76,261.0,69.0,22.19,317.8,103.0,14.3,15.0,5.0,4.05,0.0
360-9676,100.0,38.0,177.1,88.0,30.11,163.7,108.0,13.91,242.7,72.0,10.92,7.4,2.0,2.0,0.0
361-1315,190.0,26.0,116.7,71.0,19.84,145.9,88.0,12.4,175.1,103.0,7.88,9.9,3.0,2.67,1.0
361-1404,92.0,47.0,141.6,95.0,24.07,207.9,130.0,17.67,203.6,95.0,9.16,10.2,11.0,2.75,0.0
361-1581,107.0,0.0,123.1,100.0,20.93,158.4,82.0,13.46,256.1,82.0,11.52,9.3,5.0,2.51,0.0
361-1900,40.0,0.0,220.8,100.0,37.54,265.7,106.0,22.58,212.8,94.0,9.58,6.4,3.0,1.73,0.0
361-2170,128.0,0.0,147.7,94.0,25.11,283.3,83.0,24.08,188.3,124.0,8.47,6.9,5.0,1.86,2.0
361-2349,119.0,0.0,81.9,75.0,13.92,253.8,114.0,21.57,213.1,125.0,9.59,8.9,1.0,2.4,2.0
361-2924,109.0,0.0,218.9,105.0,37.21,251.6,87.0,25.49,158.6,110.0,7.14,11.3,4.0,3.05,2.0
361-3337,19.0,0.0,186.1,98.0,31.64,254.3,57.0,21.62,214.0,127.0,9.63,14.6,7.0,3.94,2.0
361-3779,50.0,35.0,192.6,97.0,32.74,135.2,101.0,11.49,216.2,101.0,9.73,7.9,2.0,2.13,2.0
361-4137,35.0,0.0,260.8,87.0,44.34,258.1,78.0,21.94,131.3,123.0,5.91,5.8,2.0,1.57,1.0
361-4910,76.0,0.0,203.6,61.0,34.61,161.7,127.0,13.74,175.9,97.0,7.92,8.4,3.0,2.27,0.0
361-5225,122.0,0.0,35.1,62.0,5.97,180.8,89.0,15.37,251.6,58.0,11.32,12.7,2.0,3.43,1.0
361-5277,130.0,0.0,150.4,119.0,25.57,230.5,99.0,19.59,186.3,76.0,8.38,12.3,4.0,3.32,1.0
361-5864,205.0,0.0,49.9,123.0,8.48,150.7,81.0,12.81,188.2,67.0,8.47,10.1,4.0,2.73,2.0
361-5936,157.0,0.0,168.6,71.0,28.66,205.1,48.0,17.43,175.8,88.0,7.91,5.9,2.0,1.59,3.0
361-6563,224.0,0.0,171.5,99.0,29.16,160.0,103.0,13.6,212.4,102.0,9.56,5.0,2.0,1.35,1.0
361-6814,34.0,0.0,193.7,74.0,32.93,126.9,84.0,10.79,221.2,166.0,9.95,8.8,4.0,2.38,0.0
361-7283,78.0,0.0,108.6,108.0,18.46,209.9,126.0,17.84,252.15,117.0,10.02,7.9,5.0,2.13,1.0
361-7702,122.0,0.0,140.1,120.0,23.82,231.4,128.0,19.67,188.1,127.0,8.46,11.2,5.0,3.02,2.0
361-7998,131.0,25.0,192.7,85.0,32.76,225.9,105.0,19.2,254.2,59.0,11.44,10.9,6.0,2.94,2.0
361-8113,132.0,33.0,200.3,75.0,34.05,226.6,67.0,19.26,198.8,91.0,8.95,12.9,3.0,3.48,2.0
361-8239,109.0,0.0,184.0,120.0,31.28,120.4,119.0,10.23,153.7,86.0,6.92,11.0,3.0,2.97,0.0
361-8288,80.0,0.0,198.1,160.0,33.68,156.7,87.0,13.32,182.1,76.0,8.19,9.3,3.0,2.51,3.0
361-8367,101.0,0.0,257.3,84.0,43.74,184.8,115.0,15.71,108.9,109.0,4.9,13.5,7.0,3.65,0.0
361-9195,171.0,0.0,189.8,122.0,32.27,173.7,85.0,14.76,257.1,84.0,11.57,10.3,1.0,2.78,0.0
361-9621,169.0,0.0,100.8,112.0,17.14,230.0,69.0,19.55,193.6,95.0,8.71,9.5,2.0,2.57,0.0
361-9839,109.0,0.0,209.1,141.0,32.39,205.0,93.0,17.43,119.4,101.0,5.37,7.8,3.0,2.11,2.0
361-9845,92.0,33.0,243.1,92.0,41.33,213.8,92.0,18.17,228.7,104.0,10.29,12.1,2.0,3.27,2.0
361-9923,101.0,0.0,183.9,115.0,31.26,255.9,101.0,21.75,275.0,145.0,12.38,10.8,11.0,2.92,1.0
362-1146,55.0,0.0,189.0,100.0,32.13,118.5,99.0,10.07,248.1,87.0,9.1,17.1,6.0,4.62,0.0
362-1407,72.0,37.0,220.0,80.0,37.4,217.3,102.0,18.47,152.8,71.0,6.88,14.7,6.0,3.97,3.0
362-1490,124.0,0.0,193.0,97.0,32.81,89.8,99.0,7.63,172.8,104.0,7.78,15.3,3.0,4.13,1.0
362-2067,57.0,0.0,158.1,117.0,26.88,115.2,149.0,9.79,182.4,92.0,8.21,11.8,7.0,3.19,0.0
362-2314,158.0,0.0,205.2,97.0,34.88,240.6,77.0,20.45,79.7,108.0,3.59,14.4,12.0,3.89,0.0
362-2353,78.0,0.0,152.9,81.0,25.99,256.6,82.0,21.81,173.6,112.0,7.81,5.3,6.0,1.43,2.0
362-2356,83.0,0.0,117.9,101.0,20.04,160.4,92.0,13.63,235.3,150.0,10.59,11.4,10.0,3.08,0.0
362-2776,85.0,0.0,216.0,73.0,36.72,188.2,117.0,16.0,147.1,98.0,6.62,3.6,7.0,0.97,2.0
362-2787,101.0,16.0,118.9,112.0,20.21,228.3,97.0,19.41,180.1,101.0,8.1,8.2,5.0,2.21,2.0
362-3107,143.0,0.0,133.4,107.0,22.68,223.9,117.0,19.03,180.4,85.0,8.12,10.2,13.0,2.75,1.0
362-3660,43.0,0.0,179.3,97.0,30.48,252.7,126.0,21.48,227.5,114.0,10.24,8.0,5.0,2.16,0.0
362-4159,35.0,0.0,179.2,59.0,30.46,283.3,101.0,24.08,285.4,83.0,12.84,5.8,7.0,1.57,2.0
362-4596,96.0,0.0,260.4,115.0,44.27,146.0,46.0,12.41,269.5,87.0,12.13,11.5,4.0,3.11,5.0
362-4685,161.0,0.0,178.1,109.0,30.28,146.5,86.0,12.45,137.6,78.0,6.19,8.5,2.0,2.3,1.0
362-5044,131.0,0.0,196.1,89.0,32.39,185.5,87.0,15.77,250.0,132.0,11.25,5.2,6.0,1.4,2.0
362-5111,159.0,0.0,189.1,105.0,32.15,246.1,147.0,20.92,242.0,106.0,10.89,10.4,5.0,2.81,1.0
362-5579,82.0,0.0,265.2,122.0,45.08,178.7,102.0,15.19,174.7,90.0,7.86,10.7,9.0,2.89,2.0
362-5889,85.0,0.0,235.8,109.0,40.09,157.2,94.0,13.36,188.2,99.0,8.47,12.0,3.0,3.24,0.0
362-5899,117.0,0.0,118.4,126.0,20.13,249.3,97.0,21.19,227.0,56.0,10.22,13.6,3.0,3.67,5.0
362-6528,129.0,0.0,161.3,122.0,27.42,220.6,95.0,18.75,224.7,104.0,10.11,9.6,3.0,2.59,1.0
362-7318,71.0,0.0,197.9,108.0,33.64,181.5,109.0,15.43,281.4,56.0,12.66,6.7,5.0,1.81,3.0
362-7581,81.0,37.0,237.1,76.0,40.31,264.2,125.0,22.46,271.3,120.0,12.21,7.9,3.0,2.13,1.0
362-7604,37.0,0.0,233.7,114.0,39.73,207.9,109.0,17.67,212.7,101.0,9.57,12.0,2.0,3.24,2.0
362-7835,71.0,0.0,103.3,103.0,17.56,138.5,79.0,11.77,164.8,98.0,7.42,9.0,2.0,2.43,2.0
362-7870,105.0,0.0,193.7,108.0,32.93,183.2,124.0,15.57,293.7,72.0,13.22,10.8,5.0,2.92,1.0
362-7951,67.0,31.0,175.2,68.0,29.78,199.2,73.0,16.93,219.8,99.0,9.89,13.2,6.0,3.56,1.0
362-8280,126.0,0.0,122.4,88.0,20.81,143.8,100.0,23.23,157.0,106.0,7.07,11.5,3.0,3.11,1.0
362-8331,50.0,0.0,183.6,107.0,31.21,58.6,118.0,4.98,202.6,99.0,9.12,8.7,3.0,2.35,1.0
362-8378,73.0,0.0,187.8,95.0,31.93,149.2,143.0,12.68,201.4,113.0,9.06,11.0,4.0,2.97,2.0
362-8763,118.0,36.0,294.9,106.0,50.13,165.7,115.0,14.08,189.2,63.0,8.51,9.8,5.0,2.65,3.0
362-8886,114.0,0.0,203.8,85.0,34.65,87.8,110.0,7.46,166.2,122.0,7.48,11.7,4.0,3.16,1.0
362-9391,59.0,0.0,189.7,100.0,32.25,115.9,133.0,9.85,220.6,115.0,9.93,7.4,4.0,2.0,0.0
362-9411,141.0,0.0,160.1,87.0,27.22,256.7,120.0,21.82,270.0,107.0,12.15,7.0,1.0,1.89,2.0
362-9748,77.0,0.0,251.8,72.0,42.81,205.7,126.0,17.48,275.2,109.0,12.38,9.8,7.0,2.65,2.0
362-9983,82.0,29.0,163.8,77.0,27.85,134.9,112.0,11.47,79.3,95.0,3.57,8.8,2.0,2.38,2.0
363-1069,36.0,42.0,196.8,89.0,33.46,254.9,122.0,21.67,138.3,126.0,6.22,20.0,6.0,5.4,0.0
363-1107,168.0,0.0,128.8,96.0,21.9,104.9,71.0,8.92,141.1,128.0,6.35,11.2,2.0,3.02,1.0
363-1123,94.0,0.0,190.4,91.0,32.37,92.0,107.0,7.82,224.8,108.0,10.12,13.6,17.0,3.67,2.0
363-1208,85.0,0.0,255.3,114.0,43.4,194.6,83.0,16.54,276.6,78.0,12.45,3.7,5.0,1.0,3.0
363-1366,71.0,23.0,175.7,82.0,29.87,258.9,136.0,22.01,268.4,154.0,12.08,14.1,7.0,3.81,1.0
363-1413,127.0,0.0,256.5,87.0,43.61,251.6,101.0,23.23,156.7,122.0,7.05,13.0,3.0,3.51,1.0
363-1560,58.0,0.0,234.8,89.0,39.92,106.8,131.0,9.08,178.5,122.0,8.03,9.9,6.0,2.67,0.0
363-1719,149.0,0.0,207.3,115.0,35.24,198.4,82.0,16.86,114.1,83.0,5.13,8.6,4.0,2.32,1.0
363-2193,42.0,0.0,92.2,108.0,15.67,211.2,120.0,17.95,129.1,73.0,5.81,13.1,6.0,3.54,1.0
363-2407,189.0,0.0,219.9,80.0,37.38,143.3,117.0,12.18,130.6,69.0,5.88,11.7,7.0,3.16,1.0
363-2602,114.0,0.0,191.5,88.0,32.56,175.2,78.0,14.89,220.3,118.0,9.91,0.0,0.0,0.0,0.0
363-3295,96.0,0.0,170.5,86.0,28.99,277.5,88.0,23.59,162.5,117.0,7.31,12.2,6.0,3.29,1.0
363-3469,105.0,0.0,232.6,96.0,39.54,253.4,117.0,21.54,154.0,101.0,6.93,10.5,9.0,2.84,1.0
363-3486,68.0,0.0,207.6,68.0,35.29,251.6,123.0,21.39,191.6,100.0,8.62,10.9,6.0,2.94,2.0
363-3515,79.0,0.0,205.7,123.0,34.97,214.5,108.0,18.23,226.1,106.0,10.17,6.7,18.0,1.81,1.0
363-3571,146.0,0.0,205.4,101.0,34.92,134.9,77.0,11.47,310.5,83.0,13.97,10.3,2.0,2.78,3.0
363-3763,162.0,0.0,49.2,121.0,8.36,143.9,136.0,12.23,203.0,97.0,9.14,12.1,13.0,3.27,1.0
363-3818,87.0,0.0,184.5,81.0,31.37,172.0,103.0,14.62,183.4,96.0,8.25,13.7,3.0,3.7,3.0
363-3911,76.0,0.0,204.2,100.0,34.71,292.6,139.0,24.87,244.3,105.0,10.99,10.5,2.0,2.84,0.0
363-4005,166.0,0.0,203.4,81.0,34.58,167.7,110.0,14.25,132.0,124.0,5.94,9.2,5.0,2.48,2.0
363-4779,117.0,0.0,97.1,98.0,16.51,228.0,131.0,19.38,240.0,101.0,10.8,10.6,3.0,2.86,1.0
363-4967,109.0,0.0,193.6,58.0,32.91,148.7,115.0,12.64,282.5,105.0,12.71,13.1,1.0,3.54,2.0
363-5450,65.0,0.0,211.3,120.0,35.92,162.6,122.0,13.82,134.7,118.0,6.06,13.2,5.0,3.56,3.0
363-5819,173.0,21.0,232.4,96.0,39.51,211.9,118.0,18.01,273.0,102.0,12.29,5.0,5.0,1.35,3.0
363-5853,100.0,0.0,142.5,87.0,24.23,195.7,88.0,16.63,122.1,117.0,5.49,7.8,8.0,2.11,2.0
363-5947,81.0,0.0,175.5,67.0,29.84,249.3,85.0,21.19,270.2,98.0,12.16,10.2,3.0,2.75,1.0
363-6695,127.0,0.0,239.8,107.0,40.77,128.9,121.0,10.96,249.9,110.0,11.25,11.3,5.0,3.05,1.0
363-6896,154.0,0.0,191.4,93.0,32.54,205.4,119.0,17.46,205.7,121.0,9.26,10.2,3.0,2.75,3.0
363-7802,210.0,31.0,313.8,87.0,53.35,147.7,103.0,12.55,192.7,97.0,8.67,10.1,7.0,2.73,3.0
363-7979,74.0,0.0,177.4,136.0,30.16,240.3,104.0,20.43,237.3,133.0,10.68,12.0,3.0,3.24,0.0
363-8033,112.0,0.0,266.0,97.0,45.22,214.6,94.0,18.24,306.2,100.0,13.78,14.2,2.0,3.83,2.0
363-8244,171.0,17.0,186.9,94.0,31.77,240.0,138.0,20.4,200.9,64.0,9.04,5.8,3.0,1.57,1.0
363-8424,57.0,37.0,201.2,76.0,34.2,280.1,122.0,23.81,154.2,110.0,6.94,11.8,1.0,3.19,1.0
363-8715,138.0,26.0,183.9,83.0,31.26,240.7,93.0,20.46,185.7,125.0,8.36,15.0,3.0,4.05,1.0
363-8755,63.0,0.0,117.1,118.0,19.91,249.6,90.0,21.22,162.2,84.0,7.3,10.9,4.0,3.0,3.0
363-8824,99.0,0.0,146.7,64.0,24.94,274.0,99.0,23.29,321.3,98.0,14.46,8.9,1.0,2.4,3.0
363-9663,126.0,0.0,256.5,112.0,43.61,199.5,90.0,16.96,188.3,122.0,8.47,7.0,5.0,1.89,3.0
363-9969,122.0,0.0,168.3,96.0,28.61,87.6,91.0,7.45,247.2,87.0,9.1,8.4,6.0,2.27,1.0
364-1134,58.0,0.0,131.9,96.0,22.42,167.6,107.0,14.25,205.9,106.0,9.27,14.7,5.0,3.97,3.0
364-1969,61.0,0.0,45.0,108.0,7.65,151.3,74.0,12.86,152.9,94.0,6.88,9.8,6.0,2.65,2.0
364-1995,142.0,0.0,187.0,133.0,31.79,134.6,74.0,11.44,242.2,127.0,10.9,7.4,5.0,2.0,2.0
364-2166,100.0,33.0,218.7,104.0,37.18,155.0,144.0,13.18,99.0,117.0,4.46,12.1,4.0,3.27,1.0
364-2439,116.0,35.0,200.4,104.0,34.07,272.8,89.0,23.19,214.5,100.0,9.65,8.3,4.0,2.24,1.0
364-2495,121.0,31.0,237.1,63.0,40.31,205.6,117.0,17.48,196.7,85.0,8.85,10.1,5.0,2.73,4.0
364-3286,88.0,0.0,166.7,61.0,28.34,179.3,88.0,15.24,242.7,131.0,10.92,6.8,7.0,1.84,4.0
364-3567,32.0,0.0,164.8,98.0,28.02,229.9,96.0,19.54,167.3,108.0,7.53,14.8,2.0,4.0,2.0
364-4927,106.0,0.0,158.6,112.0,26.96,220.0,114.0,18.7,252.9,106.0,11.38,9.1,3.0,2.46,0.0
364-5126,129.0,32.0,211.0,99.0,35.87,155.1,89.0,13.18,234.8,96.0,10.57,11.4,5.0,3.08,1.0
364-5362,141.0,0.0,185.1,126.0,31.47,233.0,98.0,19.81,152.2,106.0,6.85,9.1,7.0,2.46,0.0
364-5510,101.0,36.0,123.7,125.0,21.03,172.6,106.0,14.67,280.5,127.0,12.62,8.8,4.0,2.38,1.0
364-6381,184.0,0.0,213.8,105.0,36.35,159.6,84.0,13.57,139.2,137.0,6.26,5.0,10.0,1.35,2.0
364-6445,156.0,0.0,150.5,106.0,25.59,152.9,112.0,13.0,215.9,86.0,9.72,3.5,3.0,0.95,1.0
364-6801,42.0,0.0,241.2,134.0,41.0,116.5,114.0,9.9,152.2,91.0,6.85,10.6,4.0,2.86,0.0
364-7622,102.0,0.0,224.7,81.0,38.2,129.4,112.0,11.0,167.6,109.0,7.54,15.8,6.0,4.27,1.0
364-7644,55.0,45.0,130.5,114.0,22.19,208.4,94.0,17.71,141.6,114.0,6.37,11.0,5.0,2.97,4.0
364-7719,100.0,0.0,172.8,58.0,29.38,183.1,108.0,15.56,158.8,104.0,7.15,7.9,3.0,2.13,4.0
364-8128,105.0,0.0,125.4,116.0,21.32,261.5,95.0,23.23,241.6,104.0,10.87,11.4,9.0,3.08,2.0
364-8731,39.0,0.0,187.2,110.0,31.82,114.7,116.0,9.75,104.7,83.0,4.71,13.2,5.0,3.56,1.0
364-8774,95.0,0.0,167.6,96.0,28.49,176.0,89.0,14.96,250.9,113.0,11.29,13.4,6.0,3.62,2.0
364-8981,54.0,0.0,116.8,119.0,19.86,123.1,123.0,10.46,217.5,101.0,9.79,12.0,2.0,3.24,1.0
364-9040,68.0,0.0,148.5,126.0,25.25,219.4,125.0,18.65,198.5,121.0,8.93,14.5,7.0,3.92,1.0
364-9059,110.0,0.0,151.8,106.0,25.81,138.0,126.0,11.73,233.5,112.0,10.51,11.2,8.0,3.02,3.0
364-9240,131.0,34.0,156.6,134.0,26.62,71.0,95.0,6.04,261.7,120.0,11.78,13.4,10.0,3.62,1.0
364-9425,114.0,4.0,141.3,96.0,24.02,230.4,88.0,19.58,223.7,85.0,10.07,9.4,3.0,2.54,3.0
364-9567,130.0,45.0,174.5,120.0,29.67,217.5,95.0,18.49,220.3,67.0,9.91,12.2,2.0,3.29,1.0
364-9904,52.0,0.0,155.0,110.0,26.35,133.4,104.0,11.34,176.1,84.0,7.92,7.0,4.0,1.89,4.0
365-1664,137.0,0.0,215.9,76.0,36.7,145.4,118.0,12.36,186.9,129.0,8.41,12.1,4.0,3.27,1.0
365-1688,108.0,0.0,210.7,112.0,35.82,238.7,73.0,20.29,253.6,90.0,11.41,9.2,5.0,2.48,3.0
365-2008,79.0,0.0,268.3,114.0,45.61,185.5,100.0,15.77,264.6,88.0,11.91,6.3,7.0,1.7,1.0
365-2153,106.0,0.0,207.9,91.0,35.34,172.0,109.0,14.62,191.8,143.0,8.63,14.4,7.0,3.89,4.0
365-2192,221.0,24.0,180.5,85.0,30.69,224.1,92.0,19.05,205.7,103.0,9.26,2.4,3.0,0.65,0.0
365-2341,96.0,21.0,247.6,95.0,42.09,256.3,150.0,21.79,158.6,72.0,7.14,10.8,6.0,2.92,2.0
365-3493,176.0,0.0,201.9,101.0,34.32,154.7,78.0,13.15,164.4,79.0,7.4,9.0,2.0,2.43,1.0
365-3562,125.0,0.0,203.4,110.0,34.58,128.7,97.0,10.94,190.5,113.0,8.57,11.0,4.0,2.97,1.0
365-4387,47.0,28.0,172.9,109.0,29.39,137.6,94.0,11.7,203.8,109.0,9.17,8.3,6.0,2.24,1.0
365-4728,89.0,25.0,215.1,140.0,36.57,197.4,69.0,16.78,162.1,117.0,7.29,10.6,10.0,2.86,1.0
365-5039,86.0,0.0,166.2,112.0,28.25,255.3,81.0,21.7,228.1,97.0,10.26,5.4,7.0,1.46,1.0
365-5629,116.0,0.0,63.7,101.0,10.83,195.8,95.0,16.64,210.1,87.0,9.45,10.0,6.0,2.7,1.0
365-5682,147.0,24.0,219.9,118.0,37.38,208.5,116.0,17.72,352.5,101.0,15.86,8.1,4.0,2.19,3.0
365-5886,158.0,0.0,220.9,129.0,37.55,242.2,108.0,20.59,252.15,75.0,10.5,6.4,5.0,1.73,0.0
365-5979,46.0,0.0,250.3,100.0,42.55,260.6,90.0,22.15,195.0,104.0,8.78,13.3,2.0,3.59,2.0
365-6022,104.0,0.0,138.7,100.0,23.58,215.4,58.0,18.31,164.3,98.0,7.39,4.9,4.0,1.32,2.0
365-6205,70.0,0.0,175.4,130.0,29.82,159.5,130.0,13.56,260.6,96.0,11.73,11.6,4.0,3.13,0.0
365-6756,55.0,39.0,139.3,101.0,23.68,178.3,117.0,15.16,246.5,104.0,11.09,8.1,1.0,2.19,3.0
365-7774,97.0,0.0,145.0,103.0,24.65,294.3,93.0,25.02,239.8,120.0,10.79,11.0,2.0,2.97,4.0
365-7784,95.0,0.0,174.0,57.0,29.58,281.1,118.0,23.89,197.2,94.0,8.87,9.7,2.0,2.62,0.0
365-8114,141.0,0.0,215.6,113.0,36.65,200.6,81.0,17.05,153.8,107.0,6.92,12.4,6.0,3.35,1.0
365-8779,108.0,0.0,169.6,99.0,28.83,264.1,87.0,22.45,206.3,78.0,9.28,9.3,4.0,2.51,0.0
365-8831,102.0,0.0,234.8,125.0,39.92,199.2,99.0,16.93,163.2,88.0,7.34,10.0,1.0,2.7,4.0
365-9011,113.0,0.0,125.2,93.0,21.28,206.4,119.0,17.54,129.3,139.0,5.82,8.3,8.0,2.24,0.0
365-9079,149.0,0.0,180.9,79.0,30.75,194.9,83.0,16.57,197.8,109.0,8.9,8.8,9.0,2.38,3.0
365-9371,139.0,0.0,161.5,121.0,27.46,192.9,137.0,16.4,168.3,96.0,7.57,11.2,13.0,3.02,0.0
365-9696,74.0,0.0,221.1,124.0,37.59,110.8,94.0,9.42,240.1,112.0,10.8,10.6,3.0,2.86,0.0
366-1084,134.0,0.0,296.0,93.0,50.32,226.4,117.0,19.24,246.8,98.0,9.1,12.3,10.0,3.32,0.0
366-1613,136.0,0.0,259.4,99.0,44.1,172.7,125.0,14.68,293.7,78.0,13.22,10.7,6.0,2.89,1.0
366-2212,60.0,0.0,98.2,88.0,16.69,180.5,69.0,15.34,223.6,69.0,10.06,9.3,2.0,2.51,2.0
366-2273,85.0,0.0,236.9,93.0,40.27,197.7,113.0,16.8,309.1,78.0,13.91,11.4,7.0,3.08,2.0
366-2536,70.0,0.0,177.4,125.0,30.16,226.2,104.0,19.23,254.1,72.0,11.43,10.9,4.0,2.94,0.0
366-2541,83.0,36.0,95.9,87.0,16.3,261.6,105.0,23.23,228.6,109.0,10.29,13.3,4.0,3.59,0.0
366-2622,105.0,0.0,119.3,82.0,20.28,185.1,100.0,15.73,157.0,74.0,7.07,10.9,4.0,2.94,2.0
366-3358,98.0,0.0,271.4,119.0,46.14,190.4,102.0,16.18,284.7,118.0,12.81,10.9,6.0,3.0,4.0
366-3917,104.0,0.0,183.6,133.0,31.21,120.7,98.0,10.26,215.1,112.0,9.68,12.7,2.0,3.43,1.0
366-3944,135.0,22.0,197.1,113.0,33.51,259.4,95.0,22.05,134.7,135.0,6.06,14.6,5.0,3.94,2.0
366-4225,131.0,0.0,153.4,86.0,26.08,198.5,81.0,16.87,164.4,83.0,7.4,10.4,3.0,2.81,0.0
366-4287,63.0,0.0,62.9,112.0,10.69,202.9,100.0,17.25,259.0,58.0,11.66,8.9,8.0,2.4,1.0
366-4334,98.0,38.0,213.7,61.0,36.33,253.0,104.0,21.51,207.7,73.0,9.35,10.7,5.0,2.89,2.0
366-4426,67.0,0.0,129.0,78.0,21.93,188.0,116.0,15.98,235.0,102.0,10.58,11.2,3.0,3.02,2.0
366-4444,170.0,0.0,246.4,107.0,41.89,228.1,124.0,19.39,166.4,95.0,7.49,9.1,8.0,2.46,0.0
366-4467,104.0,0.0,278.4,106.0,47.33,81.0,113.0,6.89,163.2,137.0,7.34,9.8,5.0,2.65,1.0
366-5241,59.0,0.0,182.5,104.0,31.03,204.7,95.0,17.4,229.9,100.0,10.35,11.3,8.0,3.05,4.0
366-5640,39.0,0.0,154.1,104.0,26.2,204.2,112.0,17.36,196.2,92.0,8.83,9.8,4.0,2.65,2.0
366-5699,185.0,31.0,189.8,126.0,32.27,163.3,133.0,13.88,264.8,126.0,11.92,7.5,3.0,2.03,1.0
366-5780,110.0,0.0,74.5,117.0,12.67,200.8,98.0,17.07,192.2,101.0,8.65,9.8,7.0,2.65,3.0
366-5829,125.0,0.0,143.2,80.0,24.34,88.1,94.0,7.49,233.2,135.0,10.49,8.8,7.0,2.38,4.0
366-5918,74.0,0.0,200.4,87.0,34.07,309.2,105.0,26.28,152.1,118.0,6.84,10.0,2.0,2.7,1.0
366-6248,73.0,0.0,241.7,115.0,41.09,168.5,133.0,14.32,169.8,122.0,7.64,10.9,2.0,3.0,2.0
366-6345,70.0,0.0,226.7,98.0,38.54,228.1,115.0,19.39,73.2,93.0,3.29,17.6,4.0,4.75,2.0
366-6730,145.0,43.0,257.7,97.0,43.81,162.1,95.0,13.78,286.9,86.0,12.91,10.9,4.0,3.0,2.0
366-6751,212.0,0.0,126.0,96.0,21.42,144.3,80.0,12.27,302.8,102.0,13.63,7.6,3.0,2.05,1.0
366-6991,120.0,0.0,178.4,97.0,30.33,168.3,113.0,14.31,120.5,93.0,5.42,9.3,9.0,2.51,1.0
366-7069,122.0,0.0,180.0,88.0,30.6,145.0,77.0,12.33,233.7,120.0,10.52,11.5,6.0,3.11,2.0
366-7247,93.0,0.0,216.9,61.0,36.87,207.4,120.0,17.63,221.7,110.0,9.98,17.5,5.0,4.73,1.0
366-7331,95.0,0.0,197.0,88.0,33.49,190.4,68.0,16.18,211.9,104.0,9.54,16.1,8.0,4.35,0.0
366-7360,129.0,33.0,119.6,104.0,20.33,278.7,88.0,23.69,263.4,175.0,11.85,5.9,2.0,1.59,2.0
366-7560,123.0,0.0,224.0,99.0,38.08,210.7,80.0,17.91,231.9,75.0,10.44,2.1,5.0,0.57,0.0
366-7616,180.0,0.0,143.3,134.0,24.36,180.5,113.0,15.34,184.2,87.0,8.29,10.1,4.0,2.73,1.0
366-7912,62.0,0.0,248.7,109.0,42.28,220.0,118.0,18.7,265.7,78.0,11.96,13.2,2.0,3.56,1.0
366-8036,105.0,23.0,193.5,85.0,32.9,220.2,90.0,18.72,272.4,101.0,12.26,8.5,5.0,2.3,0.0
366-8382,36.0,0.0,235.1,97.0,39.97,196.8,104.0,16.73,259.7,110.0,11.69,7.0,7.0,1.89,3.0
366-8939,60.0,0.0,205.9,97.0,35.0,277.4,117.0,23.58,202.0,139.0,9.09,11.0,2.0,2.97,0.0
366-9015,94.0,0.0,220.8,102.0,37.54,156.2,67.0,13.28,187.9,89.0,8.46,10.5,4.0,2.84,2.0
366-9074,166.0,0.0,173.9,103.0,29.56,276.4,83.0,23.49,190.8,113.0,8.59,15.3,5.0,4.13,0.0
366-9211,113.0,0.0,150.1,120.0,25.52,200.1,85.0,17.01,266.7,105.0,12.0,11.0,3.0,2.97,2.0
366-9238,62.0,0.0,120.7,70.0,20.52,307.2,76.0,26.11,203.0,99.0,9.14,13.1,6.0,3.54,4.0
366-9430,60.0,0.0,207.8,109.0,35.33,123.5,112.0,10.5,291.6,115.0,13.12,5.7,9.0,1.54,0.0
366-9538,67.0,0.0,120.9,58.0,20.55,235.0,88.0,19.98,95.1,130.0,4.28,11.4,11.0,3.08,2.0
366-9781,76.0,22.0,160.1,107.0,27.22,168.7,136.0,14.34,23.2,102.0,1.04,9.5,4.0,2.57,3.0
367-1024,29.0,0.0,195.6,71.0,33.25,126.4,74.0,10.74,148.6,87.0,6.69,14.2,4.0,3.83,1.0
367-1062,105.0,0.0,140.6,109.0,23.9,178.6,51.0,15.18,217.0,83.0,9.76,6.8,3.0,1.84,2.0
367-1398,77.0,0.0,144.9,136.0,24.63,151.3,115.0,12.86,252.4,73.0,11.36,12.3,3.0,3.32,2.0
367-1424,75.0,41.0,130.9,115.0,32.39,203.4,110.0,17.29,171.7,68.0,7.73,12.4,4.0,3.35,1.0
367-1681,166.0,0.0,47.7,89.0,8.11,264.4,95.0,22.47,235.2,97.0,10.58,13.2,3.0,3.56,0.0
367-2056,48.0,34.0,198.0,70.0,33.66,273.7,121.0,23.26,217.9,71.0,9.81,7.6,4.0,2.05,1.0
367-2227,100.0,28.0,128.8,104.0,21.9,157.3,52.0,13.37,147.4,76.0,6.63,10.3,2.0,2.78,2.0
367-2436,106.0,0.0,119.2,142.0,20.26,228.4,139.0,19.41,197.9,61.0,8.91,8.4,9.0,2.27,2.0
367-2598,99.0,0.0,124.6,90.0,21.18,146.4,70.0,12.44,169.4,95.0,7.62,10.5,6.0,2.84,1.0
367-3220,71.0,0.0,278.9,110.0,47.41,190.2,67.0,16.17,255.2,84.0,11.48,11.7,7.0,3.16,0.0
367-3439,143.0,0.0,194.3,99.0,33.03,123.6,133.0,10.51,229.5,99.0,10.33,10.2,2.0,2.75,2.0
367-3648,141.0,0.0,51.9,108.0,8.82,162.0,83.0,13.77,223.5,115.0,10.06,10.1,3.0,2.73,3.0
367-3950,125.0,0.0,235.3,65.0,39.66,209.8,93.0,17.83,210.6,109.0,9.48,9.1,4.0,2.46,1.0
367-3971,115.0,0.0,132.0,90.0,22.44,197.5,75.0,16.79,175.8,114.0,7.91,0.0,0.0,0.0,3.0
367-4277,100.0,0.0,247.8,117.0,42.13,130.0,95.0,11.05,134.3,125.0,6.04,6.9,2.0,1.86,1.0
367-4853,166.0,0.0,199.6,93.0,33.93,214.3,99.0,18.22,196.8,110.0,8.86,7.2,5.0,1.94,3.0
367-5226,84.0,0.0,289.1,100.0,49.15,233.8,97.0,19.87,223.5,148.0,10.06,12.7,2.0,3.43,2.0
367-5923,113.0,0.0,159.8,143.0,27.17,210.1,93.0,17.86,175.1,86.0,7.88,13.1,7.0,3.54,2.0
367-6005,90.0,0.0,102.0,118.0,17.34,113.3,134.0,9.63,188.6,105.0,8.49,11.4,3.0,3.08,2.0
367-6136,155.0,30.0,61.6,103.0,10.47,255.1,110.0,21.68,225.9,96.0,10.17,12.4,5.0,3.35,1.0
367-7039,176.0,0.0,47.4,125.0,8.06,167.8,90.0,14.26,163.1,107.0,7.34,10.5,8.0,2.84,2.0
367-7906,86.0,0.0,125.5,139.0,21.34,269.8,93.0,22.93,235.8,110.0,10.61,8.9,8.0,2.4,1.0
367-8156,76.0,0.0,179.2,85.0,30.46,251.6,66.0,18.95,188.2,113.0,8.47,12.4,2.0,3.35,0.0
367-8168,136.0,0.0,199.6,89.0,33.93,211.4,96.0,17.97,72.4,84.0,3.26,11.0,4.0,2.97,3.0
367-8298,95.0,0.0,184.2,95.0,31.31,181.6,101.0,15.44,143.4,113.0,6.45,12.8,4.0,3.46,2.0
367-8692,162.0,0.0,217.6,87.0,36.99,279.0,71.0,23.72,250.7,65.0,11.28,10.4,4.0,2.81,2.0
367-8924,85.0,0.0,126.1,112.0,21.44,274.7,126.0,23.35,184.4,95.0,8.3,9.8,4.0,2.65,1.0
367-9127,101.0,28.0,220.3,96.0,37.45,285.8,72.0,24.29,203.0,101.0,9.14,9.4,6.0,2.54,4.0
367-9257,40.0,0.0,109.4,107.0,18.6,244.7,102.0,20.8,276.9,123.0,12.46,7.1,7.0,1.92,0.0
367-9259,16.0,0.0,144.8,84.0,24.62,164.9,141.0,14.02,231.5,75.0,10.42,8.2,4.0,2.21,2.0
367-9495,94.0,0.0,194.1,62.0,33.0,227.2,54.0,19.31,190.4,115.0,8.57,15.3,4.0,4.13,1.0
367-9765,75.0,39.0,198.2,107.0,33.69,280.4,132.0,23.83,129.6,73.0,5.83,11.3,7.0,3.05,1.0
368-1288,98.0,0.0,165.0,129.0,28.05,202.6,113.0,17.22,172.3,94.0,7.75,12.5,7.0,3.38,1.0
368-2074,101.0,0.0,193.7,108.0,32.93,186.6,98.0,15.86,223.0,100.0,10.04,11.6,8.0,3.13,0.0
368-2458,121.0,0.0,168.6,121.0,28.66,168.6,94.0,14.33,95.3,59.0,4.29,12.3,4.0,3.32,1.0
368-2583,16.0,0.0,205.6,69.0,34.95,169.5,93.0,14.41,220.1,64.0,9.9,10.9,3.0,2.94,0.0
368-2845,139.0,0.0,138.1,103.0,23.48,164.5,100.0,13.98,134.9,63.0,6.07,8.3,2.0,2.24,1.0
368-3078,102.0,0.0,174.5,73.0,29.67,213.7,114.0,18.16,164.7,116.0,7.41,10.3,5.0,2.78,4.0
368-3117,94.0,0.0,170.1,113.0,28.92,271.8,94.0,23.1,110.7,78.0,4.98,8.7,4.0,2.35,1.0
368-3287,93.0,31.0,237.2,85.0,40.32,213.1,100.0,18.11,192.7,87.0,8.67,10.7,4.0,2.89,1.0
368-3808,69.0,0.0,194.2,122.0,33.01,242.1,81.0,20.58,215.8,80.0,9.71,9.7,3.0,2.62,2.0
368-3931,90.0,39.0,94.8,89.0,16.12,219.1,91.0,18.62,197.4,65.0,9.1,11.4,5.0,3.08,1.0
368-5165,107.0,0.0,206.9,79.0,35.17,262.4,117.0,22.3,149.3,69.0,6.72,10.7,3.0,2.89,0.0
368-5437,132.0,0.0,193.3,106.0,32.86,128.3,94.0,10.91,162.1,119.0,7.29,11.6,4.0,3.13,5.0
368-5612,65.0,29.0,215.5,129.0,36.64,161.9,77.0,13.76,128.3,91.0,5.77,8.8,5.0,2.38,2.0
368-5628,124.0,0.0,234.4,61.0,39.85,179.3,100.0,15.24,285.5,117.0,12.85,10.4,6.0,2.81,3.0
368-5647,103.0,0.0,189.8,110.0,32.27,115.5,83.0,9.82,191.3,103.0,8.61,12.2,4.0,3.29,0.0
368-5758,72.0,0.0,137.6,106.0,23.39,143.5,94.0,12.2,273.7,110.0,12.32,9.6,6.0,2.59,2.0
368-6111,96.0,0.0,150.0,122.0,25.5,218.5,116.0,18.57,212.4,89.0,9.56,9.8,1.0,2.65,3.0
368-6174,119.0,0.0,124.3,68.0,21.13,207.1,88.0,17.6,157.4,93.0,7.08,14.8,1.0,4.0,0.0
368-6488,93.0,19.0,136.8,113.0,23.26,179.5,105.0,15.26,71.1,95.0,3.2,12.5,3.0,3.38,2.0
368-6892,129.0,31.0,193.0,99.0,32.81,224.8,87.0,19.11,197.6,91.0,8.89,10.3,8.0,2.78,2.0
368-7555,74.0,0.0,125.8,103.0,21.39,207.7,96.0,17.65,207.4,143.0,9.33,14.1,4.0,3.81,1.0
368-7706,149.0,0.0,119.2,88.0,20.26,168.3,110.0,14.31,204.7,119.0,9.21,12.2,6.0,3.29,4.0
368-8026,72.0,0.0,118.2,106.0,20.09,167.2,136.0,14.21,214.2,106.0,9.64,12.2,3.0,3.29,3.0
368-8283,120.0,0.0,252.0,120.0,42.84,150.2,106.0,12.77,151.8,96.0,6.83,9.6,1.0,2.59,2.0
368-8555,78.0,0.0,193.4,99.0,32.88,116.9,88.0,9.94,243.3,109.0,10.95,9.3,4.0,2.51,2.0
368-8600,83.0,0.0,195.0,92.0,33.15,210.5,83.0,17.89,180.6,92.0,8.13,11.0,13.0,2.97,0.0
368-8835,36.0,0.0,178.6,83.0,30.36,213.1,103.0,18.11,198.0,119.0,8.91,10.9,5.0,2.94,1.0
368-8964,139.0,0.0,203.2,81.0,34.54,152.5,99.0,12.96,197.8,76.0,8.9,9.7,3.0,2.62,2.0
368-8972,76.0,0.0,173.2,93.0,29.44,131.2,80.0,23.23,170.9,104.0,7.69,5.4,3.0,1.46,0.0
368-9007,85.0,0.0,210.3,66.0,35.75,195.8,76.0,16.64,221.6,82.0,9.97,11.2,7.0,3.02,1.0
368-9073,62.0,0.0,86.3,84.0,14.67,238.7,99.0,20.29,238.4,79.0,10.73,12.5,1.0,3.38,2.0
368-9507,57.0,0.0,169.6,96.0,28.83,234.7,112.0,19.95,285.4,83.0,12.84,11.2,4.0,3.02,0.0
368-9751,46.0,34.0,191.4,102.0,32.54,361.8,96.0,30.75,147.5,132.0,6.64,7.2,2.0,1.94,1.0
368-9860,137.0,0.0,110.5,79.0,18.79,223.2,100.0,18.97,169.5,64.0,7.63,10.5,3.0,2.84,3.0
369-1220,84.0,0.0,146.8,133.0,24.96,171.7,73.0,14.59,234.5,69.0,10.55,9.9,3.0,2.67,1.0
369-1904,84.0,0.0,203.4,125.0,34.58,182.9,88.0,23.23,213.7,121.0,9.62,13.8,2.0,3.73,1.0
369-1929,180.0,0.0,224.9,105.0,38.23,250.0,101.0,21.25,216.1,73.0,9.72,6.7,5.0,1.81,3.0
369-2214,116.0,24.0,183.6,138.0,31.21,203.8,90.0,17.32,166.9,89.0,7.51,6.0,3.0,1.62,2.0
369-2625,81.0,0.0,198.4,93.0,33.73,210.9,108.0,17.93,193.3,71.0,8.7,10.4,6.0,2.81,2.0
369-2743,33.0,0.0,159.5,115.0,27.12,195.4,118.0,16.61,102.4,86.0,4.61,7.1,7.0,1.92,1.0
369-2899,84.0,0.0,169.5,96.0,28.82,157.6,94.0,13.4,98.2,70.0,4.42,10.6,7.0,2.86,0.0
369-3214,132.0,0.0,83.4,110.0,14.18,232.2,137.0,19.74,146.7,114.0,6.6,7.6,5.0,2.05,1.0
369-3626,24.0,0.0,149.0,73.0,25.33,131.0,81.0,23.23,238.6,69.0,10.74,8.6,3.0,2.32,2.0
369-3756,100.0,38.0,224.7,121.0,38.2,294.0,131.0,24.99,290.0,61.0,13.05,9.8,6.0,2.65,0.0
369-4012,114.0,0.0,187.8,109.0,31.93,154.6,97.0,13.14,213.9,102.0,9.63,10.1,3.0,2.73,2.0
369-4377,67.0,0.0,109.1,117.0,18.55,217.4,124.0,18.48,188.4,141.0,8.48,12.8,6.0,3.46,0.0
369-4384,83.0,0.0,221.4,103.0,37.64,231.8,103.0,19.7,122.5,100.0,5.51,9.8,5.0,2.65,3.0
369-4962,70.0,0.0,134.7,96.0,22.9,235.9,90.0,20.05,260.2,113.0,11.71,7.6,6.0,2.05,3.0
369-5222,129.0,0.0,139.5,119.0,23.72,289.3,105.0,24.59,129.4,97.0,5.82,13.1,8.0,3.54,0.0
369-5449,24.0,0.0,243.0,91.0,41.31,183.9,77.0,15.63,184.3,109.0,8.29,15.3,6.0,4.13,0.0
369-5526,121.0,0.0,190.7,103.0,32.42,183.5,117.0,15.6,220.8,103.0,9.94,9.8,4.0,2.65,3.0
369-5810,120.0,0.0,177.2,88.0,30.12,270.4,99.0,22.98,231.5,90.0,10.42,14.0,2.0,3.78,2.0
369-5942,149.0,0.0,156.0,56.0,26.52,56.0,116.0,4.76,163.3,104.0,7.35,8.9,8.0,2.4,0.0
369-6012,141.0,22.0,215.4,123.0,36.62,328.7,98.0,27.94,160.5,89.0,7.22,7.8,6.0,2.11,1.0
369-6204,168.0,22.0,175.9,70.0,29.9,211.7,105.0,17.99,174.5,81.0,7.85,7.3,5.0,1.97,2.0
369-6308,86.0,0.0,148.2,71.0,25.19,285.1,91.0,24.23,166.4,155.0,7.49,6.2,3.0,1.67,2.0
369-6880,41.0,34.0,194.4,63.0,33.05,254.9,110.0,21.67,160.2,115.0,7.21,17.2,9.0,4.64,2.0
369-6890,188.0,26.0,198.8,115.0,33.8,251.6,67.0,14.16,198.5,118.0,8.93,14.4,3.0,3.89,1.0
369-7017,77.0,28.0,135.9,117.0,23.1,244.5,102.0,20.78,207.5,74.0,9.34,11.5,3.0,3.11,4.0
369-7049,123.0,0.0,206.9,115.0,35.17,224.4,86.0,19.07,197.4,60.0,9.1,8.3,2.0,2.24,3.0
369-7295,73.0,0.0,94.9,121.0,16.13,253.2,83.0,21.52,175.1,86.0,7.88,14.2,2.0,3.83,2.0
369-7903,132.0,0.0,240.1,115.0,40.82,180.4,91.0,15.33,133.4,122.0,6.0,8.0,6.0,2.16,3.0
369-8005,161.0,0.0,221.7,95.0,37.69,193.0,82.0,16.41,194.1,113.0,8.73,6.5,4.0,1.76,3.0
369-8024,110.0,27.0,267.9,103.0,45.54,263.3,74.0,22.38,178.1,106.0,8.01,8.3,2.0,2.24,1.0
369-8574,68.0,24.0,125.7,92.0,21.37,275.9,98.0,23.45,214.5,108.0,9.65,14.2,6.0,3.83,3.0
369-8576,57.0,33.0,193.4,105.0,32.88,231.6,79.0,19.69,226.2,90.0,10.18,10.9,11.0,3.0,2.0
369-8703,209.0,0.0,153.7,105.0,26.13,188.6,87.0,16.03,200.8,95.0,9.04,10.7,2.0,2.89,0.0
369-8871,65.0,0.0,192.0,89.0,32.64,139.5,88.0,11.86,187.4,102.0,8.43,5.5,4.0,1.49,2.0
369-9465,70.0,0.0,235.3,114.0,37.88,215.9,113.0,18.35,223.5,122.0,10.06,0.0,0.0,0.0,1.0
369-9772,134.0,41.0,162.0,82.0,27.54,324.7,77.0,27.6,160.1,112.0,7.2,11.9,5.0,3.21,0.0
370-1465,150.0,0.0,214.0,117.0,36.38,192.4,89.0,16.35,242.6,99.0,10.92,7.9,4.0,2.13,1.0
370-1525,68.0,0.0,226.7,94.0,38.54,168.4,129.0,14.31,188.7,117.0,8.49,10.2,1.0,2.75,0.0
370-2451,144.0,37.0,219.9,102.0,37.38,251.6,77.0,23.23,118.5,101.0,5.33,10.0,4.0,2.7,1.0
370-2688,61.0,0.0,260.0,123.0,44.2,210.5,127.0,17.89,234.7,70.0,10.56,9.0,3.0,2.43,1.0
370-2892,113.0,0.0,187.6,97.0,31.89,208.2,118.0,17.7,158.9,101.0,7.15,8.7,6.0,2.35,2.0
370-2957,87.0,21.0,214.0,113.0,36.38,180.0,114.0,15.3,134.5,82.0,6.05,10.6,5.0,2.86,0.0
370-3021,75.0,46.0,214.1,62.0,36.4,200.9,100.0,17.08,246.8,126.0,9.1,9.2,6.0,2.48,0.0
370-3032,91.0,0.0,123.8,107.0,21.05,319.0,125.0,27.12,237.6,78.0,10.69,7.3,4.0,1.97,2.0
370-3271,68.0,0.0,231.1,57.0,39.29,153.4,55.0,13.04,191.3,123.0,8.61,9.6,4.0,2.59,3.0
370-3359,75.0,0.0,226.1,105.0,38.44,201.5,107.0,17.13,246.2,98.0,11.08,10.3,5.0,2.78,1.0
370-3450,73.0,0.0,160.1,110.0,27.22,213.3,72.0,18.13,174.1,72.0,7.83,13.0,4.0,3.51,0.0
370-4139,180.0,33.0,231.8,78.0,39.41,232.9,79.0,19.8,206.9,121.0,9.31,7.6,4.0,2.05,1.0
370-4395,137.0,0.0,141.1,91.0,23.99,147.2,100.0,12.51,254.7,75.0,11.46,8.0,7.0,2.16,2.0
370-5001,36.0,0.0,175.1,144.0,29.77,216.9,69.0,18.44,243.7,146.0,10.97,9.9,3.0,2.67,1.0
370-5042,117.0,13.0,207.6,65.0,35.29,152.7,77.0,12.98,232.8,95.0,10.48,9.7,3.0,2.62,1.0
370-5361,124.0,0.0,254.3,113.0,43.23,78.9,104.0,6.71,153.2,69.0,6.89,11.8,2.0,3.19,2.0
370-5527,23.0,0.0,321.6,107.0,54.67,251.6,115.0,21.39,141.1,158.0,6.35,11.3,3.0,3.05,2.0
370-5626,129.0,34.0,204.5,79.0,34.77,132.8,113.0,11.29,190.1,117.0,8.55,14.8,9.0,4.0,2.0
370-7546,87.0,0.0,156.8,93.0,32.39,215.8,68.0,18.34,223.3,77.0,10.05,7.6,6.0,2.05,1.0
370-7550,41.0,22.0,213.8,102.0,36.35,141.8,86.0,12.05,142.2,123.0,6.4,7.2,3.0,1.94,0.0
370-7565,32.0,26.0,266.7,109.0,45.34,232.3,107.0,19.75,212.8,98.0,9.58,16.3,4.0,4.4,1.0
370-7574,121.0,30.0,198.4,129.0,33.73,75.3,77.0,6.4,181.2,77.0,8.15,5.8,3.0,1.57,3.0
370-8023,53.0,0.0,145.1,116.0,24.67,233.7,82.0,19.86,208.7,95.0,9.39,7.9,5.0,2.13,2.0
370-8262,62.0,42.0,137.3,95.0,23.34,184.2,94.0,15.66,231.4,70.0,10.41,10.2,3.0,2.75,0.0
370-8379,192.0,0.0,221.6,101.0,37.67,285.2,50.0,24.24,167.4,83.0,7.53,12.7,6.0,3.43,4.0
370-8463,86.0,28.0,221.6,74.0,37.67,288.4,100.0,24.51,240.3,105.0,10.81,9.0,2.0,2.43,1.0
370-8676,149.0,20.0,147.8,132.0,25.13,276.8,94.0,23.53,149.9,110.0,6.75,10.2,6.0,2.75,0.0
370-8786,73.0,0.0,240.3,130.0,40.85,162.5,83.0,13.81,231.9,136.0,10.44,11.9,3.0,3.21,0.0
370-9000,134.0,0.0,242.4,126.0,41.21,152.9,115.0,13.0,318.3,115.0,14.32,11.8,6.0,3.19,1.0
370-9116,83.0,0.0,337.4,120.0,57.36,227.4,116.0,19.33,153.9,114.0,6.93,15.8,7.0,4.27,0.0
370-9296,100.0,0.0,185.0,122.0,31.45,182.5,92.0,15.51,274.9,92.0,12.37,5.1,8.0,1.38,1.0
370-9533,138.0,21.0,19.5,149.0,3.32,140.9,109.0,11.98,179.7,101.0,8.09,7.9,1.0,2.13,0.0
370-9563,32.0,26.0,243.5,137.0,41.4,236.8,108.0,20.13,173.3,149.0,7.8,9.0,9.0,2.43,1.0
370-9592,181.0,40.0,105.2,61.0,17.88,341.3,79.0,29.01,165.7,97.0,7.46,6.3,3.0,1.7,2.0
370-9622,115.0,0.0,226.4,101.0,38.49,276.8,60.0,23.53,213.4,82.0,9.6,12.3,4.0,3.32,3.0
370-9755,122.0,33.0,174.9,103.0,29.73,248.2,105.0,21.1,164.6,116.0,7.41,13.5,3.0,3.65,1.0
371-1139,116.0,0.0,51.1,106.0,8.69,208.6,137.0,17.73,198.0,92.0,8.91,12.3,3.0,3.32,1.0
371-1187,63.0,0.0,180.5,126.0,30.69,230.0,98.0,19.55,232.5,73.0,10.46,10.6,3.0,2.86,0.0
371-1514,74.0,0.0,85.7,83.0,14.57,247.7,67.0,21.05,142.4,85.0,6.41,10.1,5.0,2.73,2.0
371-1727,103.0,0.0,150.6,125.0,25.6,169.1,126.0,14.37,221.2,104.0,9.95,10.4,8.0,2.81,8.0
371-2155,93.0,0.0,179.5,121.0,30.52,191.9,131.0,16.31,165.5,125.0,7.45,12.0,4.0,3.24,0.0
371-2316,98.0,19.0,110.5,87.0,18.79,227.8,97.0,19.36,243.6,84.0,10.96,11.0,4.0,2.97,1.0
371-2418,148.0,26.0,158.7,91.0,26.98,160.5,127.0,13.64,218.3,88.0,9.82,9.9,3.0,2.67,1.0
371-2500,225.0,0.0,165.4,106.0,28.12,273.7,109.0,23.26,210.0,93.0,9.45,8.7,3.0,2.35,0.0
371-3236,94.0,0.0,212.1,98.0,36.06,189.4,89.0,16.1,352.2,95.0,15.85,8.4,5.0,2.27,3.0
371-3498,122.0,29.0,195.4,83.0,33.22,268.2,93.0,22.8,168.0,95.0,7.56,8.4,6.0,2.27,3.0
371-4306,141.0,32.0,148.6,91.0,25.26,131.1,97.0,23.23,219.4,142.0,9.87,10.1,1.0,2.73,1.0
371-4633,131.0,0.0,240.9,108.0,40.95,167.4,91.0,14.23,252.15,109.0,14.5,14.7,8.0,3.97,3.0
371-4788,90.0,0.0,109.9,102.0,18.68,220.8,114.0,18.77,104.0,133.0,4.68,10.9,6.0,2.94,0.0
371-5556,100.0,0.0,146.2,55.0,24.85,261.5,83.0,23.23,163.2,116.0,7.34,8.7,3.0,2.35,3.0
371-5655,163.0,22.0,215.1,91.0,36.57,138.9,102.0,11.81,146.2,109.0,6.58,12.4,2.0,3.35,2.0
371-5811,104.0,0.0,113.6,87.0,19.31,158.6,98.0,13.48,187.7,87.0,8.45,10.5,6.0,2.84,2.0
371-5875,163.0,23.0,224.0,126.0,38.08,233.5,89.0,19.85,293.9,104.0,13.23,8.8,4.0,2.38,1.0
371-6284,124.0,0.0,157.8,71.0,26.83,203.2,114.0,17.27,168.7,82.0,7.59,10.0,2.0,2.7,3.0
371-6990,124.0,0.0,158.6,104.0,26.96,211.2,77.0,17.95,179.3,104.0,8.07,10.2,8.0,2.75,3.0
371-7191,107.0,26.0,161.6,123.0,27.47,195.5,103.0,16.62,254.4,103.0,11.45,13.7,3.0,3.7,1.0
371-7366,92.0,38.0,242.2,96.0,41.17,159.7,144.0,13.57,210.0,108.0,9.45,8.9,1.0,2.4,1.0
371-7917,31.0,0.0,166.1,105.0,28.24,79.3,93.0,6.74,213.7,98.0,9.62,12.7,2.0,3.43,1.0
371-8452,123.0,0.0,172.2,92.0,29.27,162.6,76.0,13.82,250.3,101.0,11.26,8.7,4.0,2.35,1.0
371-8598,134.0,0.0,208.3,86.0,35.41,253.6,89.0,21.56,291.0,86.0,13.1,12.6,3.0,3.4,1.0
371-9414,204.0,0.0,174.3,85.0,29.63,254.1,95.0,21.6,176.4,96.0,7.94,5.9,3.0,1.59,6.0
371-9457,127.0,0.0,176.9,110.0,30.07,167.9,100.0,14.27,182.2,138.0,8.2,7.7,2.0,2.08,1.0
371-9482,109.0,0.0,217.0,115.0,36.89,207.0,142.0,17.6,268.0,106.0,12.06,8.2,4.0,2.21,1.0
371-9602,33.0,0.0,251.9,81.0,42.82,194.6,96.0,16.54,211.2,87.0,9.5,8.4,3.0,2.27,2.0
372-1115,117.0,0.0,201.9,86.0,34.32,212.3,96.0,18.05,176.9,98.0,7.96,7.8,10.0,2.11,1.0
372-1493,117.0,0.0,184.8,83.0,31.42,248.6,101.0,21.13,133.1,113.0,5.99,9.6,8.0,2.59,1.0
372-1534,84.0,0.0,130.2,105.0,22.13,278.0,60.0,23.63,305.4,74.0,13.74,14.0,6.0,3.78,2.0
372-1824,132.0,0.0,163.2,80.0,27.74,167.6,90.0,14.25,87.5,90.0,3.94,6.2,10.0,1.67,1.0
372-2296,75.0,27.0,117.5,102.0,19.98,206.8,127.0,17.58,194.4,114.0,8.75,4.2,7.0,1.13,3.0
372-2990,183.0,31.0,171.2,104.0,29.1,193.6,74.0,16.46,196.5,85.0,8.84,10.2,4.0,2.75,1.0
372-3750,126.0,0.0,58.2,94.0,9.89,138.7,118.0,11.79,136.8,91.0,6.16,11.9,1.0,3.21,5.0
372-3987,140.0,0.0,125.3,84.0,21.3,167.6,121.0,14.25,260.6,94.0,11.73,8.4,4.0,2.27,1.0
372-4203,34.0,14.0,151.5,100.0,25.76,248.7,126.0,21.14,199.8,120.0,8.99,10.7,5.0,2.89,2.0
372-4722,125.0,0.0,126.7,113.0,21.54,251.6,131.0,13.22,206.2,112.0,9.28,14.4,7.0,3.89,2.0
372-4835,93.0,0.0,190.2,68.0,32.33,262.2,64.0,23.23,130.0,92.0,5.85,8.8,4.0,2.38,0.0
372-4868,85.0,17.0,89.8,88.0,15.27,233.2,75.0,19.82,165.7,116.0,7.46,9.3,7.0,2.51,4.0
372-5262,140.0,0.0,162.6,98.0,27.64,206.2,109.0,17.53,141.6,66.0,6.37,8.2,2.0,2.21,1.0
372-5384,137.0,0.0,115.0,130.0,19.55,137.8,83.0,11.71,224.0,61.0,10.08,7.3,4.0,1.97,3.0
372-6497,76.0,0.0,299.5,125.0,50.92,226.7,92.0,19.27,210.7,134.0,9.48,13.7,4.0,3.7,0.0
372-6623,158.0,0.0,209.9,112.0,35.68,221.3,82.0,18.81,210.0,93.0,9.45,8.2,3.0,2.21,1.0
372-6920,157.0,0.0,185.1,92.0,31.47,213.0,85.0,18.11,196.1,85.0,8.82,8.5,5.0,2.3,2.0
372-7326,78.0,0.0,140.7,77.0,23.92,195.2,114.0,16.59,252.9,107.0,11.38,11.7,5.0,3.16,0.0
372-7990,173.0,0.0,291.8,143.0,49.61,214.3,134.0,18.22,151.2,119.0,6.8,9.9,2.0,2.67,0.0
372-8048,128.0,34.0,142.3,73.0,24.19,194.8,79.0,16.56,239.3,81.0,10.77,16.0,6.0,4.32,1.0
372-8405,197.0,0.0,154.8,102.0,26.32,171.5,102.0,14.58,227.3,86.0,10.23,10.6,2.0,2.86,3.0
372-8883,100.0,0.0,123.1,88.0,20.93,213.9,84.0,18.18,184.9,88.0,8.32,12.0,2.0,3.24,5.0
372-8925,118.0,42.0,148.7,105.0,25.28,167.3,105.0,14.22,270.6,105.0,12.18,10.4,7.0,2.81,0.0
372-9091,81.0,0.0,115.3,99.0,19.6,224.7,117.0,19.1,152.5,98.0,6.86,18.0,2.0,4.86,1.0
372-9816,103.0,24.0,235.3,85.0,19.01,239.6,102.0,20.37,268.3,81.0,12.07,6.9,4.0,1.86,1.0
372-9852,149.0,0.0,175.4,80.0,29.82,197.4,127.0,16.78,188.2,102.0,8.47,9.7,2.0,2.62,2.0
372-9976,98.0,0.0,126.3,102.0,21.47,166.8,85.0,14.18,187.8,135.0,8.45,9.4,2.0,2.54,3.0
373-1028,1.0,0.0,175.2,74.0,29.78,151.7,79.0,12.89,230.5,109.0,10.37,5.3,3.0,1.43,1.0
373-1448,51.0,0.0,229.7,129.0,39.05,336.0,104.0,28.56,192.8,128.0,8.68,9.6,1.0,2.59,1.0
373-2053,112.0,0.0,335.5,77.0,57.04,212.5,109.0,18.06,265.0,132.0,11.93,12.7,8.0,3.43,2.0
373-2091,75.0,0.0,224.7,116.0,38.2,192.0,79.0,16.32,212.2,98.0,9.55,11.3,11.0,3.05,3.0
373-2339,105.0,0.0,102.8,74.0,17.48,281.7,125.0,23.94,228.1,113.0,10.26,13.2,5.0,3.56,2.0
373-2782,73.0,0.0,224.4,90.0,38.15,159.5,88.0,13.56,192.8,74.0,8.68,13.0,2.0,3.51,1.0
373-2903,45.0,38.0,196.8,92.0,33.46,254.2,108.0,21.61,261.8,85.0,11.78,7.7,2.0,2.08,1.0
373-3251,144.0,0.0,177.5,93.0,30.18,287.4,75.0,24.43,180.5,118.0,8.12,11.9,3.0,3.21,2.0
373-3538,46.0,0.0,196.7,85.0,33.44,205.9,74.0,17.5,216.6,112.0,9.75,11.2,5.0,3.02,3.0
373-3549,130.0,0.0,213.1,105.0,36.23,206.2,108.0,17.53,163.4,93.0,7.35,8.9,3.0,2.4,0.0
373-3731,117.0,0.0,161.6,104.0,27.47,196.3,119.0,16.69,294.8,101.0,13.27,13.8,2.0,3.73,1.0
373-3959,134.0,34.0,247.2,105.0,42.02,225.5,133.0,19.17,186.3,76.0,8.38,6.1,5.0,1.65,2.0
373-4264,89.0,0.0,326.3,112.0,55.47,165.1,110.0,14.03,162.9,97.0,7.33,7.5,1.0,2.03,1.0
373-4274,88.0,0.0,61.9,78.0,10.52,262.6,114.0,22.32,212.5,110.0,9.56,8.8,2.0,2.38,3.0
373-4483,91.0,0.0,189.3,100.0,32.18,239.3,107.0,20.34,89.7,89.0,4.04,9.9,3.0,2.67,3.0
373-4819,164.0,0.0,160.6,102.0,27.3,163.2,126.0,13.87,187.1,112.0,8.42,9.0,3.0,2.43,1.0
373-5196,102.0,0.0,235.3,87.0,24.55,266.5,128.0,22.65,217.6,59.0,9.79,7.1,7.0,1.92,0.0
373-5438,121.0,0.0,150.7,105.0,25.62,197.3,133.0,16.77,169.0,116.0,7.61,9.2,15.0,2.48,1.0
373-5670,90.0,0.0,76.1,121.0,12.94,290.3,73.0,24.68,236.9,89.0,10.66,10.8,3.0,2.92,0.0
373-5732,137.0,0.0,242.1,118.0,41.16,191.0,93.0,16.24,218.6,50.0,9.84,14.7,2.0,3.97,3.0
373-5928,127.0,14.0,143.2,99.0,24.34,169.9,91.0,23.23,221.6,77.0,9.97,11.6,1.0,3.13,1.0
373-6379,110.0,0.0,55.3,102.0,9.4,164.7,124.0,14.0,200.7,108.0,9.03,10.2,5.0,2.75,1.0
373-6681,162.0,33.0,184.5,139.0,31.37,183.2,78.0,15.57,127.4,106.0,5.73,12.3,6.0,3.32,0.0
373-6784,67.0,0.0,310.4,97.0,52.77,66.5,123.0,5.65,246.5,99.0,11.09,9.2,10.0,2.48,4.0
373-6922,116.0,0.0,288.0,120.0,48.96,255.8,90.0,21.74,233.4,99.0,10.5,13.4,4.0,3.62,0.0
373-7037,134.0,32.0,216.8,78.0,36.86,102.2,100.0,8.69,174.0,83.0,7.83,8.6,2.0,2.32,0.0
373-7308,114.0,26.0,137.1,88.0,23.31,155.7,125.0,13.23,247.6,94.0,9.1,11.5,7.0,3.11,2.0
373-7690,55.0,20.0,189.3,95.0,32.18,118.6,113.0,10.08,250.2,102.0,11.26,12.5,4.0,3.38,2.0
373-7713,89.0,0.0,178.7,81.0,30.38,233.7,74.0,19.86,131.9,120.0,5.94,9.1,4.0,2.46,1.0
373-7974,133.0,0.0,295.0,141.0,50.15,223.6,101.0,19.01,229.4,109.0,10.32,12.9,4.0,3.48,2.0
373-8483,71.0,0.0,238.0,82.0,40.46,278.5,94.0,23.67,193.1,134.0,8.69,11.8,10.0,3.19,0.0
373-8895,67.0,0.0,152.5,131.0,25.93,252.4,107.0,21.45,185.4,104.0,8.34,4.9,3.0,1.32,2.0
373-8900,201.0,0.0,212.7,72.0,36.16,225.2,90.0,19.14,195.1,99.0,8.78,7.0,6.0,1.89,1.0
373-8908,97.0,0.0,276.1,82.0,46.94,201.1,106.0,17.09,231.3,73.0,10.41,8.9,4.0,2.4,0.0
373-8920,52.0,21.0,195.7,119.0,33.27,106.2,95.0,9.03,157.4,94.0,7.08,5.3,3.0,1.43,2.0
373-9108,117.0,0.0,119.0,82.0,20.23,187.5,108.0,15.94,189.3,97.0,8.52,11.5,3.0,3.11,1.0
374-1213,225.0,0.0,182.7,142.0,31.06,246.5,63.0,20.95,218.0,103.0,9.81,8.8,2.0,2.38,1.0
374-1551,80.0,0.0,118.1,90.0,20.08,144.3,77.0,12.27,225.1,86.0,10.13,8.2,6.0,2.21,1.0
374-1684,22.0,14.0,199.1,100.0,33.85,221.8,103.0,18.85,65.7,91.0,2.96,4.2,1.0,1.13,1.0
374-1836,64.0,43.0,118.4,100.0,20.13,144.1,108.0,12.25,158.1,91.0,7.11,8.5,6.0,2.3,1.0
374-1981,34.0,0.0,293.7,89.0,49.93,272.5,71.0,23.16,178.2,76.0,8.02,11.0,10.0,2.97,2.0
374-2073,106.0,0.0,220.7,120.0,37.52,270.2,95.0,22.97,121.6,113.0,5.47,8.7,5.0,2.35,1.0
374-3534,120.0,39.0,200.3,68.0,34.05,220.4,97.0,18.73,253.8,116.0,11.42,10.5,4.0,2.84,0.0
374-4664,81.0,0.0,250.6,85.0,42.6,187.9,50.0,15.97,120.3,131.0,5.41,7.8,5.0,2.11,1.0
374-5224,89.0,35.0,174.4,108.0,29.65,196.7,100.0,16.72,127.4,74.0,5.73,11.8,3.0,3.19,1.0
374-5301,119.0,0.0,134.9,70.0,22.93,211.5,74.0,17.98,188.5,105.0,8.48,11.3,6.0,3.05,1.0
374-5353,82.0,0.0,300.3,109.0,51.05,181.0,100.0,15.39,270.1,73.0,12.15,11.7,4.0,3.16,0.0
374-5530,109.0,0.0,175.4,125.0,29.82,250.7,87.0,21.31,289.3,74.0,13.02,9.8,9.0,2.65,1.0
374-5965,10.0,0.0,183.0,103.0,32.39,214.8,77.0,18.26,206.4,73.0,9.29,8.7,6.0,2.35,2.0
374-6217,63.0,0.0,164.5,75.0,27.97,147.9,118.0,12.57,252.7,97.0,11.37,11.2,2.0,3.02,0.0
374-6525,115.0,0.0,206.2,113.0,35.05,176.4,102.0,14.99,297.1,119.0,13.37,11.0,7.0,2.97,1.0
374-6966,87.0,0.0,256.2,105.0,43.55,160.7,102.0,13.66,249.4,80.0,11.22,7.4,2.0,2.0,4.0
374-7285,97.0,0.0,215.3,58.0,36.6,242.4,91.0,20.6,279.8,105.0,12.59,12.1,9.0,3.27,0.0
374-7787,95.0,0.0,165.5,84.0,28.14,286.2,112.0,24.33,198.9,89.0,8.95,11.5,2.0,3.11,1.0
374-8042,150.0,0.0,178.9,101.0,30.41,169.1,110.0,14.37,148.6,100.0,6.69,13.8,3.0,3.73,4.0
374-8187,120.0,26.0,239.4,94.0,40.7,259.4,88.0,22.05,238.0,132.0,10.71,7.7,3.0,2.08,0.0
374-8329,154.0,0.0,145.9,69.0,24.8,208.2,141.0,17.7,180.9,106.0,8.14,14.4,10.0,3.89,0.0
374-8525,75.0,21.0,175.8,97.0,29.89,217.5,106.0,18.49,237.5,134.0,10.69,5.3,4.0,1.43,5.0
374-9107,139.0,0.0,134.4,106.0,22.85,211.3,98.0,17.96,193.6,125.0,8.71,10.2,2.0,2.75,5.0
374-9203,93.0,0.0,267.9,114.0,45.54,223.0,74.0,18.96,262.7,90.0,11.82,11.3,3.0,3.05,3.0
374-9531,155.0,0.0,250.8,146.0,42.64,152.5,105.0,12.96,148.1,104.0,9.1,10.0,5.0,2.7,2.0
374-9576,90.0,0.0,148.2,96.0,25.19,220.4,100.0,18.73,134.2,97.0,6.04,9.2,1.0,2.48,4.0
375-1476,136.0,0.0,250.2,121.0,42.53,267.1,118.0,22.7,151.0,114.0,6.8,13.0,2.0,3.51,1.0
375-1721,126.0,0.0,175.4,120.0,29.82,98.3,71.0,8.36,201.9,93.0,9.09,10.6,1.0,2.86,0.0
375-1746,164.0,0.0,123.3,78.0,20.96,170.0,85.0,14.45,165.9,78.0,7.47,12.7,2.0,3.43,1.0
375-2098,95.0,36.0,283.1,112.0,48.13,286.2,86.0,24.33,261.7,129.0,11.78,11.3,3.0,3.05,3.0
375-2165,162.0,0.0,220.6,117.0,37.5,155.2,121.0,13.19,186.7,89.0,8.4,10.5,11.0,2.84,1.0
375-2184,108.0,42.0,130.1,90.0,22.12,167.0,128.0,14.2,244.7,80.0,11.01,13.6,5.0,3.67,3.0
375-2522,81.0,0.0,145.6,59.0,24.75,287.9,131.0,24.47,181.7,121.0,8.18,9.2,4.0,2.48,2.0
375-2975,55.0,0.0,191.9,91.0,32.62,256.1,110.0,21.77,203.7,101.0,9.17,14.3,6.0,3.86,1.0
375-3003,84.0,0.0,217.1,99.0,36.91,236.0,68.0,20.06,118.3,120.0,5.32,9.4,4.0,2.54,1.0
375-3341,101.0,0.0,156.4,116.0,26.59,130.4,114.0,11.08,207.3,109.0,9.33,7.3,5.0,1.97,1.0
375-3586,80.0,0.0,209.9,74.0,35.68,195.1,77.0,16.58,208.2,119.0,9.37,8.8,4.0,2.38,2.0
375-3658,81.0,31.0,210.4,100.0,35.77,225.5,97.0,19.17,168.7,120.0,7.59,9.7,4.0,2.62,0.0
375-3668,68.0,34.0,160.0,72.0,27.2,184.5,119.0,15.68,208.3,101.0,9.37,6.1,10.0,1.65,1.0
375-3826,110.0,0.0,271.1,108.0,46.09,237.0,122.0,20.15,239.9,122.0,10.8,9.8,5.0,2.65,2.0
375-4107,58.0,0.0,112.2,95.0,19.07,209.6,108.0,17.82,260.9,78.0,11.74,13.9,1.0,3.75,0.0
375-4770,107.0,32.0,134.2,101.0,22.81,211.9,145.0,18.01,167.6,138.0,7.54,8.2,5.0,2.21,1.0
375-4900,80.0,0.0,113.2,86.0,19.24,185.5,97.0,15.77,237.3,145.0,10.68,9.5,5.0,2.57,1.0
375-5414,132.0,10.0,182.9,54.0,31.09,292.4,68.0,24.85,142.3,116.0,6.4,11.5,4.0,3.11,0.0
375-5439,38.0,31.0,197.2,118.0,33.52,249.9,70.0,21.24,298.9,104.0,13.45,3.9,2.0,1.05,0.0
375-5547,120.0,0.0,252.1,110.0,42.86,226.1,103.0,19.22,155.6,83.0,7.0,13.8,3.0,3.73,1.0
375-5562,52.0,0.0,217.0,104.0,36.89,152.3,83.0,12.95,134.3,109.0,6.04,11.8,4.0,3.19,2.0
375-6911,96.0,0.0,197.7,68.0,33.61,250.5,53.0,21.29,181.2,67.0,8.15,10.5,3.0,2.84,3.0
375-8013,38.0,0.0,194.4,94.0,33.05,186.7,95.0,15.87,223.3,90.0,10.05,10.8,5.0,2.92,3.0
375-8238,144.0,0.0,150.0,69.0,25.5,285.9,73.0,24.3,190.6,121.0,8.58,9.4,15.0,2.54,0.0
375-8304,92.0,0.0,208.0,125.0,35.36,198.9,76.0,16.91,76.4,97.0,3.44,8.6,6.0,2.32,0.0
375-8493,117.0,14.0,80.2,81.0,13.63,219.0,103.0,18.62,122.6,102.0,5.52,8.6,2.0,2.32,1.0
375-8505,94.0,28.0,233.2,88.0,39.64,113.3,102.0,9.63,118.0,71.0,5.31,16.1,4.0,4.35,0.0
375-8596,136.0,0.0,256.8,90.0,43.66,230.1,104.0,19.56,143.6,82.0,6.46,9.1,10.0,2.46,3.0
375-8761,101.0,33.0,219.7,137.0,37.35,186.8,94.0,15.88,184.5,113.0,8.3,9.5,2.0,2.57,2.0
375-8880,69.0,0.0,227.0,122.0,38.59,258.7,100.0,21.99,169.7,87.0,7.64,8.9,1.0,2.4,2.0
375-8934,45.0,26.0,91.7,104.0,15.59,150.6,119.0,12.8,63.3,103.0,2.85,7.7,5.0,2.08,1.0
375-9180,69.0,0.0,196.1,87.0,32.39,236.8,66.0,20.13,182.3,75.0,8.2,11.9,1.0,3.21,0.0
375-9671,59.0,0.0,204.3,65.0,34.73,247.3,123.0,21.02,214.7,94.0,9.66,12.0,4.0,3.24,1.0
375-9930,139.0,0.0,235.3,103.0,35.89,206.9,108.0,17.59,193.9,70.0,8.73,5.6,4.0,1.51,0.0
375-9999,84.0,0.0,299.4,71.0,50.9,61.9,88.0,5.26,196.9,89.0,8.86,6.6,7.0,1.78,2.0
376-1000,68.0,0.0,172.7,95.0,29.36,139.1,90.0,11.82,174.3,99.0,7.84,11.7,1.0,3.16,2.0
376-1641,155.0,0.0,71.2,90.0,12.1,304.4,119.0,25.87,183.3,103.0,8.25,8.6,4.0,2.32,0.0
376-1677,89.0,0.0,125.6,108.0,21.35,213.0,90.0,18.11,181.7,108.0,8.18,5.4,5.0,1.46,1.0
376-1713,135.0,0.0,246.8,129.0,41.96,187.8,121.0,15.96,154.5,109.0,6.95,12.6,5.0,3.4,1.0
376-2408,139.0,43.0,231.0,85.0,39.27,251.6,82.0,18.9,148.0,105.0,9.1,8.3,5.0,2.24,2.0
376-2550,56.0,0.0,210.4,80.0,35.77,176.6,96.0,15.01,149.7,56.0,6.74,15.5,4.0,4.19,1.0
376-2922,197.0,0.0,233.9,96.0,39.76,218.9,100.0,18.61,182.9,109.0,8.23,9.5,3.0,2.57,0.0
376-4035,107.0,38.0,204.2,57.0,34.71,205.9,92.0,17.5,286.5,80.0,12.89,8.3,4.0,2.24,0.0
376-4271,52.0,32.0,130.1,68.0,22.12,247.2,77.0,21.01,289.4,87.0,13.02,13.5,5.0,3.65,2.0
376-4284,137.0,50.0,186.5,94.0,31.71,178.0,106.0,15.13,215.6,100.0,9.7,12.1,4.0,3.27,2.0
376-4292,147.0,0.0,274.0,92.0,46.58,231.8,82.0,19.7,283.6,83.0,12.76,6.2,1.0,1.67,0.0
376-4300,98.0,21.0,64.6,98.0,10.98,176.1,86.0,14.97,244.8,84.0,11.02,0.0,0.0,0.0,2.0
376-4484,144.0,51.0,283.9,98.0,48.26,192.0,109.0,16.32,196.3,85.0,8.83,10.0,4.0,2.7,1.0
376-4519,49.0,0.0,119.4,69.0,20.3,273.3,92.0,23.23,214.4,153.0,9.65,12.4,7.0,3.35,2.0
376-4540,105.0,0.0,228.4,100.0,38.83,145.1,108.0,12.33,245.3,140.0,11.04,7.7,7.0,2.08,0.0
376-4665,108.0,0.0,73.8,105.0,12.55,143.4,114.0,12.19,170.2,98.0,7.66,10.9,3.0,2.94,2.0
376-4705,17.0,0.0,162.8,118.0,27.68,229.6,91.0,19.52,332.7,94.0,14.97,13.6,3.0,3.67,0.0
376-4856,88.0,0.0,202.2,86.0,34.37,216.8,93.0,18.43,239.4,99.0,10.77,11.8,2.0,3.19,2.0
376-4861,80.0,0.0,199.8,138.0,33.97,167.1,91.0,14.2,271.8,94.0,12.23,5.5,4.0,1.49,1.0
376-5201,123.0,0.0,128.7,126.0,21.88,117.6,94.0,10.0,198.4,132.0,8.93,10.8,5.0,2.92,0.0
376-5213,105.0,0.0,226.9,106.0,38.57,182.2,77.0,15.49,203.9,107.0,9.18,11.6,2.0,3.13,0.0
376-5375,83.0,25.0,191.3,95.0,32.52,250.7,136.0,21.31,249.4,86.0,11.22,17.6,5.0,4.75,2.0
376-5471,117.0,0.0,214.4,94.0,36.45,138.0,149.0,11.73,148.7,102.0,6.69,9.9,1.0,2.67,2.0
376-5908,65.0,0.0,148.7,80.0,25.28,259.0,94.0,22.02,149.5,107.0,6.73,12.7,6.0,3.43,2.0
376-7043,105.0,0.0,146.4,81.0,24.89,225.1,80.0,19.13,230.1,117.0,10.35,8.5,2.0,2.3,1.0
376-7145,78.0,0.0,208.9,119.0,35.51,252.4,132.0,21.45,280.2,120.0,12.61,12.8,7.0,3.46,0.0
376-7207,71.0,39.0,183.2,103.0,31.14,209.4,100.0,17.8,172.4,109.0,7.76,11.9,6.0,3.21,1.0
376-8573,92.0,0.0,130.7,113.0,32.39,260.6,122.0,22.15,244.2,98.0,10.99,9.4,2.0,2.54,2.0
376-9249,98.0,22.0,278.3,89.0,47.31,93.4,143.0,7.94,107.6,42.0,4.84,9.7,5.0,2.62,0.0
376-9513,100.0,0.0,255.9,97.0,43.5,204.1,129.0,17.35,171.3,84.0,7.71,12.3,5.0,3.32,3.0
376-9607,23.0,0.0,113.1,74.0,19.23,168.8,95.0,14.35,262.9,126.0,11.83,6.9,2.0,1.86,1.0
376-9716,177.0,0.0,227.8,81.0,38.73,161.8,97.0,13.75,217.0,106.0,9.76,8.0,5.0,2.16,1.0
376-9940,70.0,0.0,147.1,105.0,25.01,251.6,135.0,17.0,234.9,65.0,10.57,12.5,9.0,3.38,3.0
377-1164,159.0,0.0,169.8,114.0,28.87,197.7,105.0,16.8,193.7,82.0,8.72,11.6,4.0,3.13,1.0
377-1218,50.0,24.0,214.3,129.0,36.43,289.8,55.0,24.63,312.5,130.0,14.06,10.6,4.0,2.86,1.0
377-1273,81.0,0.0,261.4,141.0,32.39,215.7,102.0,18.33,271.8,96.0,12.23,8.0,6.0,2.16,1.0
377-1293,135.0,0.0,263.8,66.0,44.85,251.3,116.0,21.36,200.1,112.0,9.0,8.4,2.0,2.27,5.0
377-1479,100.0,24.0,205.5,114.0,34.94,219.3,99.0,18.64,215.9,95.0,9.72,14.0,4.0,3.78,1.0
377-1765,94.0,0.0,252.6,104.0,42.94,169.0,125.0,14.37,170.9,106.0,7.69,10.9,7.0,3.0,2.0
377-2235,104.0,0.0,182.9,113.0,31.09,239.6,85.0,20.37,229.8,104.0,10.34,5.5,4.0,1.49,2.0
377-2725,158.0,0.0,172.4,114.0,29.31,256.6,69.0,21.81,235.3,104.0,10.59,0.0,0.0,0.0,2.0
377-3139,57.0,0.0,221.1,101.0,37.59,236.7,65.0,20.12,252.3,137.0,11.35,9.5,1.0,2.57,0.0
377-3417,148.0,0.0,243.0,115.0,41.31,191.8,91.0,16.3,117.8,93.0,5.3,13.4,5.0,3.62,2.0
377-3876,134.0,32.0,80.3,94.0,13.65,251.6,124.0,16.99,170.8,117.0,7.69,16.6,3.0,4.48,0.0
377-4169,76.0,0.0,241.0,120.0,40.97,231.8,96.0,19.7,220.2,67.0,9.91,9.9,1.0,2.67,1.0
377-4518,156.0,0.0,277.0,119.0,47.09,238.3,106.0,20.26,94.4,96.0,4.25,8.3,3.0,2.24,1.0
377-4975,146.0,0.0,138.4,104.0,23.53,158.9,122.0,13.51,47.4,73.0,2.13,3.9,9.0,1.05,4.0
377-5043,119.0,0.0,260.1,101.0,44.22,256.5,68.0,21.8,229.1,89.0,10.31,10.0,2.0,2.7,1.0
377-5258,100.0,0.0,160.3,138.0,27.25,221.3,92.0,18.81,150.4,120.0,6.77,11.2,2.0,3.02,0.0
377-5417,79.0,0.0,236.8,135.0,40.26,186.4,87.0,15.84,126.9,112.0,5.71,10.4,5.0,2.81,2.0
377-5441,120.0,23.0,221.9,114.0,37.72,254.7,84.0,21.65,250.5,117.0,11.27,7.2,5.0,1.94,2.0
377-6635,145.0,0.0,39.5,78.0,6.72,264.3,106.0,22.47,185.8,90.0,8.36,10.0,6.0,2.7,0.0
377-7107,116.0,0.0,189.5,90.0,32.39,189.8,118.0,16.13,205.8,83.0,9.26,13.1,2.0,3.54,1.0
377-7177,108.0,0.0,138.6,122.0,23.56,172.3,117.0,14.65,231.6,92.0,10.42,9.8,3.0,2.65,1.0
377-7276,91.0,44.0,216.6,101.0,36.82,173.1,98.0,14.71,242.1,95.0,10.89,9.1,3.0,2.46,1.0
377-7399,74.0,0.0,106.4,84.0,18.09,140.2,104.0,11.92,90.9,81.0,4.09,11.4,3.0,3.08,1.0
377-7561,78.0,0.0,191.7,122.0,32.59,241.4,88.0,20.52,203.5,86.0,9.16,9.1,5.0,2.46,1.0
377-7843,195.0,36.0,231.7,110.0,39.39,225.1,88.0,19.13,201.7,89.0,9.08,12.1,2.0,3.27,0.0
377-8067,114.0,31.0,174.5,104.0,29.67,224.2,92.0,19.06,116.3,91.0,5.23,12.3,10.0,3.32,2.0
377-8266,80.0,0.0,148.6,106.0,25.26,210.8,65.0,17.92,203.7,86.0,9.17,10.0,2.0,2.7,2.0
377-8267,75.0,0.0,209.4,133.0,35.6,211.5,121.0,17.98,291.2,123.0,13.1,7.2,4.0,1.94,1.0
377-8309,73.0,0.0,234.7,102.0,39.9,195.7,110.0,16.63,253.4,71.0,11.4,8.4,8.0,2.27,2.0
377-8608,78.0,0.0,168.3,110.0,28.61,221.2,73.0,18.8,241.0,136.0,10.85,12.5,1.0,3.38,1.0
377-9092,109.0,0.0,170.7,101.0,29.02,240.2,82.0,20.42,119.0,112.0,5.36,11.4,4.0,3.08,2.0
377-9178,103.0,0.0,160.2,104.0,27.23,138.9,70.0,11.81,312.5,97.0,14.06,9.7,2.0,2.62,0.0
377-9473,166.0,0.0,181.4,108.0,30.84,253.8,54.0,21.57,112.3,94.0,5.05,11.6,6.0,3.13,1.0
377-9520,148.0,0.0,203.0,92.0,34.51,150.9,125.0,12.83,245.5,131.0,11.05,14.6,9.0,3.94,1.0
377-9829,91.0,20.0,146.1,98.0,24.84,277.4,104.0,23.58,137.7,100.0,6.2,6.2,3.0,1.67,1.0
377-9932,62.0,0.0,182.3,101.0,30.99,328.2,93.0,27.9,245.0,131.0,11.03,11.2,1.0,3.02,2.0
378-1144,133.0,0.0,143.8,71.0,24.45,184.0,131.0,15.64,275.5,132.0,12.4,12.9,4.0,3.48,3.0
378-1303,84.0,0.0,181.5,129.0,30.86,130.7,112.0,23.23,186.5,118.0,8.39,8.5,4.0,2.3,1.0
378-1884,121.0,0.0,255.1,93.0,43.37,266.9,97.0,22.69,197.7,118.0,8.9,8.8,3.0,2.38,3.0
378-1936,145.0,0.0,245.8,116.0,41.79,286.7,91.0,24.37,240.7,115.0,10.83,9.0,13.0,2.43,1.0
378-2397,134.0,0.0,164.9,115.0,28.03,126.5,96.0,10.75,238.5,125.0,10.73,10.0,9.0,2.7,2.0
378-2432,123.0,0.0,140.0,106.0,23.8,153.7,101.0,13.06,50.1,87.0,2.25,12.5,1.0,3.38,2.0
378-2940,148.0,11.0,252.9,129.0,42.99,284.3,88.0,24.17,262.8,99.0,11.83,12.3,1.0,3.32,1.0
378-3508,95.0,41.0,136.8,91.0,23.26,200.8,61.0,17.07,133.7,67.0,6.02,10.3,9.0,2.78,5.0
378-3625,208.0,0.0,326.5,67.0,32.39,176.3,113.0,14.99,181.7,102.0,8.18,10.7,6.0,2.89,2.0
378-3722,126.0,34.0,244.9,118.0,41.63,219.6,105.0,18.67,210.8,136.0,9.49,9.7,6.0,2.62,4.0
378-3879,161.0,0.0,196.6,73.0,33.42,170.2,79.0,14.47,194.3,79.0,8.74,12.5,3.0,3.38,1.0
378-4013,135.0,24.0,127.7,54.0,21.71,215.0,105.0,18.28,234.3,84.0,10.54,5.8,4.0,1.57,2.0
378-4145,66.0,26.0,254.9,108.0,32.39,243.2,135.0,20.67,190.8,95.0,8.59,5.4,3.0,1.46,2.0
378-4179,12.0,0.0,204.6,98.0,34.78,212.5,90.0,18.06,182.1,95.0,8.19,9.8,7.0,2.65,2.0
378-4294,109.0,0.0,153.1,102.0,26.03,234.1,77.0,19.9,329.2,74.0,14.81,9.9,9.0,2.67,3.0
378-4557,27.0,0.0,236.7,110.0,40.24,231.9,92.0,19.71,164.7,85.0,7.41,12.7,6.0,3.43,1.0
378-4617,142.0,0.0,232.5,74.0,39.53,181.8,142.0,15.45,203.1,86.0,9.14,10.4,6.0,2.81,4.0
378-5633,91.0,23.0,232.4,97.0,39.51,186.0,88.0,15.81,190.5,128.0,8.57,12.3,3.0,3.32,3.0
378-5692,45.0,22.0,196.6,84.0,33.42,313.2,92.0,26.62,163.3,108.0,7.35,11.9,3.0,3.21,0.0
378-6276,108.0,32.0,209.5,108.0,35.62,109.6,64.0,9.32,189.7,145.0,8.54,9.1,6.0,2.46,6.0
378-6772,98.0,0.0,12.5,67.0,2.13,256.6,90.0,21.81,169.4,88.0,7.62,7.7,9.0,2.08,1.0
378-6924,89.0,0.0,115.4,99.0,19.62,209.9,115.0,17.84,280.9,112.0,12.64,15.9,6.0,4.29,3.0
378-6986,51.0,28.0,276.7,121.0,47.04,203.7,99.0,17.31,246.2,88.0,11.08,8.3,3.0,2.24,0.0
378-7299,90.0,29.0,185.6,106.0,31.55,219.7,113.0,18.67,152.1,120.0,6.84,10.9,5.0,3.0,2.0
378-7418,117.0,21.0,153.2,112.0,26.04,263.3,110.0,22.38,135.0,85.0,6.08,11.9,7.0,3.21,1.0
378-7733,41.0,0.0,159.3,66.0,27.08,125.9,75.0,10.7,261.9,76.0,11.79,10.9,5.0,3.0,1.0
378-7872,42.0,0.0,150.7,52.0,25.62,246.7,96.0,20.97,103.8,118.0,4.67,7.0,4.0,1.89,2.0
378-8019,95.0,0.0,175.2,91.0,29.78,251.6,109.0,20.77,75.8,95.0,3.41,7.5,2.0,2.03,1.0
378-8029,63.0,21.0,151.5,99.0,25.76,147.8,89.0,12.56,210.4,114.0,9.47,10.0,4.0,2.7,1.0
378-8137,161.0,0.0,151.6,117.0,25.77,219.4,87.0,18.65,224.7,68.0,10.11,4.0,5.0,1.08,1.0
378-8342,163.0,0.0,202.9,100.0,34.49,178.6,46.0,15.18,203.8,116.0,9.17,12.8,3.0,3.46,5.0
378-8567,165.0,0.0,209.4,67.0,35.6,273.8,89.0,23.27,150.2,88.0,6.76,12.8,1.0,3.46,0.0
378-8572,77.0,0.0,142.3,112.0,24.19,306.3,100.0,26.04,196.5,82.0,8.84,9.9,1.0,2.67,1.0
378-9029,125.0,0.0,131.8,97.0,22.41,136.7,100.0,11.62,308.2,119.0,13.87,7.7,6.0,2.08,2.0
378-9090,84.0,12.0,89.7,87.0,15.25,138.6,73.0,11.78,165.8,114.0,7.46,10.7,2.0,2.89,1.0
378-9478,100.0,0.0,210.9,85.0,35.85,329.3,69.0,27.99,127.1,78.0,5.72,9.4,5.0,2.54,4.0
378-9506,22.0,0.0,181.8,108.0,30.91,198.6,148.0,16.88,206.6,96.0,9.3,9.3,3.0,2.51,2.0
378-9542,152.0,0.0,317.8,60.0,54.03,152.9,100.0,13.0,123.4,63.0,9.1,10.4,7.0,2.81,1.0
379-1336,125.0,32.0,96.5,109.0,16.41,145.8,109.0,12.39,174.4,82.0,7.85,9.4,2.0,2.54,1.0
379-1720,133.0,0.0,254.7,103.0,43.3,252.2,80.0,21.44,178.1,103.0,8.01,8.0,3.0,2.16,0.0
379-2503,116.0,0.0,235.3,94.0,22.66,247.8,126.0,21.06,219.0,78.0,9.86,11.3,5.0,3.05,5.0
379-2508,103.0,0.0,235.3,84.0,28.32,192.4,91.0,16.35,167.9,115.0,7.56,7.7,6.0,2.08,1.0
379-2514,149.0,0.0,69.1,117.0,11.75,136.3,100.0,11.59,181.7,53.0,8.18,6.3,3.0,1.7,1.0
379-2523,106.0,9.0,88.5,100.0,15.05,324.8,109.0,27.61,79.9,86.0,3.6,8.2,4.0,2.21,3.0
379-2991,40.0,0.0,115.7,105.0,19.67,127.8,113.0,10.86,107.5,91.0,4.84,9.3,6.0,2.51,1.0
379-3012,83.0,0.0,132.4,120.0,22.51,121.6,101.0,10.34,197.7,84.0,8.9,8.6,2.0,2.32,1.0
379-3037,108.0,25.0,170.7,88.0,29.02,109.9,113.0,9.34,165.7,99.0,7.46,8.7,1.0,2.35,3.0
379-3132,129.0,0.0,143.7,114.0,24.43,297.8,98.0,25.31,212.6,86.0,9.57,11.4,8.0,3.08,4.0
379-3953,54.0,0.0,214.1,77.0,36.4,240.5,94.0,20.44,188.9,75.0,8.5,10.1,3.0,2.73,1.0
379-4257,137.0,0.0,127.0,107.0,21.59,323.2,75.0,27.47,143.9,127.0,6.48,7.5,2.0,2.03,1.0
379-4372,87.0,0.0,177.2,72.0,30.12,248.9,105.0,21.16,200.8,87.0,9.04,8.6,7.0,2.32,3.0
379-4583,101.0,28.0,105.9,132.0,18.0,231.7,107.0,19.69,281.3,120.0,12.66,10.7,5.0,2.89,1.0
379-5211,12.0,0.0,216.7,117.0,36.84,116.5,126.0,9.9,220.0,110.0,9.9,9.8,4.0,2.65,2.0
379-5503,158.0,0.0,155.9,123.0,26.5,224.2,112.0,19.06,221.0,116.0,9.95,8.6,8.0,2.32,2.0
379-5592,91.0,0.0,203.1,106.0,34.53,210.1,113.0,17.86,195.6,129.0,8.8,12.0,3.0,3.24,3.0
379-5885,169.0,0.0,266.7,105.0,45.34,158.2,88.0,13.45,287.7,101.0,12.95,13.8,3.0,3.73,3.0
379-5933,56.0,0.0,150.9,79.0,25.65,161.8,87.0,13.75,167.7,115.0,7.55,11.7,5.0,3.16,3.0
379-6506,98.0,21.0,161.2,114.0,27.4,252.2,83.0,21.44,160.2,92.0,7.21,4.4,8.0,1.19,4.0
379-6652,95.0,22.0,40.9,126.0,6.95,133.4,90.0,11.34,264.2,91.0,11.89,11.9,7.0,3.21,0.0
379-6970,182.0,0.0,279.5,118.0,47.52,203.2,113.0,17.27,174.2,101.0,7.84,10.7,4.0,2.89,2.0
379-7009,147.0,36.0,254.2,78.0,43.21,228.1,105.0,19.39,98.0,125.0,4.41,13.8,7.0,3.73,5.0
379-7192,129.0,0.0,157.0,113.0,26.69,256.9,97.0,21.84,185.5,126.0,8.35,12.1,2.0,3.27,2.0
379-7215,94.0,0.0,269.2,104.0,45.76,193.8,144.0,16.47,257.6,61.0,11.59,8.9,2.0,2.4,3.0
379-7290,163.0,0.0,197.2,90.0,33.52,188.5,113.0,16.02,252.15,94.0,9.5,7.8,8.0,2.11,1.0
379-7779,75.0,0.0,143.2,92.0,24.34,209.1,142.0,23.23,173.0,96.0,7.79,11.9,9.0,3.21,1.0
379-8248,125.0,0.0,140.1,132.0,23.82,209.6,126.0,17.82,264.1,77.0,11.88,8.0,2.0,2.16,1.0
379-8526,118.0,0.0,253.2,122.0,43.04,201.0,78.0,17.09,195.3,108.0,8.79,9.7,7.0,2.62,2.0
379-8681,126.0,0.0,321.3,99.0,54.62,167.9,93.0,14.27,193.6,106.0,8.71,8.0,4.0,2.16,1.0
379-8805,94.0,0.0,190.6,108.0,32.4,152.3,95.0,12.95,144.7,97.0,6.51,7.5,5.0,2.03,1.0
379-9524,132.0,0.0,197.8,66.0,33.63,133.9,119.0,11.38,177.3,94.0,7.98,10.9,3.0,2.94,4.0
379-9821,99.0,0.0,142.3,89.0,24.19,204.5,95.0,17.38,203.1,114.0,9.14,9.1,1.0,2.46,0.0
379-9859,70.0,0.0,156.4,108.0,26.59,171.0,116.0,14.54,196.1,96.0,8.82,8.6,4.0,2.32,2.0
380-1096,190.0,0.0,150.9,86.0,25.65,268.6,129.0,22.83,179.9,73.0,8.1,14.7,1.0,3.97,1.0
380-2558,33.0,29.0,157.4,99.0,26.76,117.9,80.0,10.02,279.2,79.0,12.56,13.9,11.0,3.75,4.0
380-2600,97.0,24.0,176.1,109.0,29.94,159.4,81.0,13.55,269.1,94.0,12.11,12.1,9.0,3.27,0.0
380-2758,5.0,0.0,199.2,106.0,33.86,187.3,12.0,15.92,214.0,85.0,9.63,13.3,3.0,3.59,3.0
380-2929,116.0,24.0,232.9,90.0,39.59,152.1,94.0,12.93,344.3,82.0,15.49,10.7,6.0,2.89,1.0
380-3161,133.0,0.0,187.0,65.0,31.79,141.4,128.0,12.02,238.2,108.0,10.72,10.0,8.0,2.7,2.0
380-3186,74.0,0.0,203.8,77.0,34.65,205.1,100.0,17.43,154.9,109.0,6.97,9.0,2.0,2.43,1.0
380-3311,67.0,41.0,174.7,86.0,29.7,160.6,93.0,13.65,155.3,108.0,6.99,13.4,1.0,3.62,0.0
380-3329,146.0,23.0,149.6,96.0,25.43,239.8,124.0,20.38,293.5,135.0,13.21,7.4,4.0,2.0,2.0
380-3437,86.0,0.0,128.3,121.0,21.81,197.1,93.0,16.75,138.4,152.0,6.23,12.2,5.0,3.29,7.0
380-3561,83.0,0.0,271.5,87.0,46.16,216.3,126.0,18.39,121.1,105.0,5.45,11.7,4.0,3.16,1.0
380-3910,19.0,0.0,237.7,98.0,40.41,207.1,121.0,17.6,182.2,95.0,8.2,4.5,4.0,1.22,0.0
380-3974,85.0,0.0,96.7,97.0,16.44,193.8,95.0,16.47,171.7,88.0,7.73,9.7,3.0,2.62,2.0
380-4080,89.0,19.0,112.6,114.0,19.14,261.7,132.0,23.23,123.5,116.0,5.56,10.9,2.0,3.0,0.0
380-4374,133.0,0.0,117.8,100.0,20.03,199.2,105.0,16.93,244.1,119.0,10.98,11.8,4.0,3.19,0.0
380-5102,115.0,0.0,99.7,107.0,16.95,145.1,96.0,12.33,149.4,99.0,6.72,14.1,4.0,3.81,2.0
380-5246,48.0,0.0,128.2,71.0,21.79,48.1,78.0,4.09,116.3,80.0,5.23,8.9,3.0,2.4,0.0
380-5286,112.0,0.0,261.4,108.0,32.39,154.5,102.0,13.13,130.9,90.0,5.89,11.6,2.0,3.13,1.0
380-5667,112.0,29.0,198.8,122.0,33.8,238.6,114.0,20.28,289.5,69.0,13.03,11.5,5.0,3.11,1.0
380-5873,46.0,0.0,199.2,102.0,33.86,175.1,83.0,14.88,210.6,84.0,9.48,10.2,2.0,2.75,3.0
380-6074,83.0,30.0,272.5,105.0,46.33,253.0,83.0,21.51,180.8,123.0,8.14,8.7,6.0,2.35,3.0
380-6342,125.0,39.0,236.1,107.0,40.14,289.2,110.0,24.58,175.4,107.0,7.89,9.1,4.0,2.46,2.0
380-6413,103.0,0.0,158.7,90.0,26.98,198.4,117.0,16.86,181.1,76.0,8.15,10.5,4.0,2.84,1.0
380-6437,135.0,0.0,154.4,130.0,26.25,203.8,90.0,17.32,158.7,59.0,7.14,11.8,3.0,3.19,0.0
380-6571,162.0,0.0,115.1,89.0,19.57,196.8,100.0,16.73,212.4,98.0,9.56,11.4,3.0,3.08,2.0
380-6631,119.0,26.0,161.3,97.0,27.42,250.3,110.0,21.28,142.4,92.0,6.41,6.6,8.0,1.78,1.0
380-6722,84.0,0.0,75.3,96.0,12.8,179.9,113.0,15.29,193.8,134.0,8.72,12.3,1.0,3.32,1.0
380-7277,155.0,0.0,165.4,108.0,28.12,183.7,103.0,15.61,80.2,108.0,3.61,8.9,4.0,2.4,3.0
380-7321,120.0,0.0,180.0,80.0,30.6,224.2,82.0,19.06,265.4,91.0,11.94,4.7,7.0,1.27,3.0
380-7624,108.0,30.0,276.6,99.0,47.02,220.1,113.0,18.71,177.9,95.0,8.01,9.8,6.0,2.65,2.0
380-7742,105.0,29.0,220.7,82.0,37.52,217.7,110.0,18.5,190.5,100.0,8.57,13.2,6.0,3.56,1.0
380-7816,138.0,0.0,46.5,104.0,7.91,186.0,114.0,15.81,167.5,95.0,7.54,9.6,4.0,2.59,4.0
380-8727,99.0,0.0,115.5,75.0,19.64,218.1,100.0,18.54,254.9,98.0,11.47,11.5,7.0,3.11,7.0
380-9063,177.0,0.0,175.7,120.0,29.87,168.6,90.0,14.33,198.9,110.0,8.95,14.6,4.0,3.94,1.0
380-9409,53.0,0.0,119.7,113.0,20.35,189.7,84.0,16.12,256.2,108.0,11.53,12.9,7.0,3.48,2.0
380-9674,52.0,0.0,129.3,80.0,21.98,142.7,101.0,12.13,258.3,89.0,11.62,12.3,4.0,3.32,3.0
380-9849,91.0,34.0,175.3,96.0,29.8,262.3,122.0,22.3,143.9,76.0,6.48,5.6,11.0,1.51,1.0
380-9879,131.0,0.0,197.0,79.0,33.49,201.0,114.0,17.09,151.2,101.0,6.8,11.6,5.0,3.13,1.0
380-9990,68.0,0.0,143.6,80.0,24.41,134.3,65.0,11.42,215.6,84.0,9.7,15.5,5.0,4.19,2.0
381-1026,118.0,35.0,256.3,119.0,43.57,258.1,91.0,21.94,215.5,130.0,9.7,11.7,1.0,3.16,1.0
381-1328,166.0,0.0,136.1,116.0,23.14,181.4,93.0,15.42,131.4,108.0,5.91,11.3,4.0,3.05,0.0
381-2376,114.0,0.0,202.1,100.0,34.36,195.7,102.0,16.63,291.8,120.0,13.13,13.3,5.0,3.59,2.0
381-2413,41.0,0.0,223.8,67.0,38.05,244.8,74.0,20.81,223.8,156.0,10.07,12.3,5.0,3.32,3.0
381-2460,85.0,0.0,197.2,97.0,33.52,211.7,115.0,17.99,210.1,133.0,9.45,8.3,4.0,2.24,4.0
381-2498,117.0,0.0,191.1,93.0,32.49,282.8,56.0,24.04,84.8,118.0,3.82,12.0,4.0,3.24,2.0
381-2709,25.0,0.0,119.3,87.0,20.28,211.5,101.0,17.98,268.9,86.0,12.1,10.5,4.0,2.84,3.0
381-2726,102.0,0.0,242.2,88.0,41.17,233.2,89.0,19.82,188.5,121.0,8.48,6.2,6.0,1.67,3.0
381-2745,126.0,24.0,58.9,125.0,10.01,305.5,90.0,25.97,158.9,73.0,7.15,12.1,6.0,3.27,0.0
381-3735,100.0,0.0,166.0,102.0,28.22,236.1,97.0,20.07,134.3,93.0,6.04,10.9,4.0,2.94,1.0
381-4029,150.0,0.0,136.6,112.0,23.22,209.4,81.0,17.8,161.1,78.0,7.25,12.2,2.0,3.29,4.0
381-4076,105.0,20.0,186.9,114.0,31.77,256.3,91.0,21.79,334.7,104.0,15.06,8.9,2.0,2.4,1.0
381-4562,123.0,0.0,114.4,91.0,19.45,216.6,123.0,18.41,250.6,102.0,11.28,11.0,3.0,2.97,0.0
381-4565,79.0,0.0,147.0,72.0,24.99,165.7,102.0,14.08,243.2,107.0,10.94,8.4,9.0,2.27,1.0
381-4712,151.0,0.0,235.9,104.0,40.1,80.6,91.0,6.85,212.8,116.0,9.58,5.8,2.0,1.57,3.0
381-4756,157.0,28.0,192.6,107.0,32.74,195.5,74.0,16.62,109.7,139.0,4.94,6.8,5.0,1.84,3.0
381-5047,104.0,0.0,76.4,116.0,12.99,115.6,74.0,9.83,226.3,94.0,10.18,9.4,3.0,2.54,3.0
381-5273,114.0,19.0,154.6,100.0,26.28,241.6,109.0,20.54,160.0,112.0,7.2,12.6,1.0,3.4,3.0
381-5878,85.0,0.0,165.4,107.0,28.12,196.0,126.0,23.23,349.2,110.0,15.71,9.6,7.0,2.59,2.0
381-7003,145.0,0.0,175.8,89.0,29.89,274.3,119.0,23.32,226.6,69.0,10.2,12.4,4.0,3.35,1.0
381-7597,125.0,0.0,206.0,128.0,35.02,198.1,71.0,16.84,135.9,116.0,6.12,13.2,3.0,3.56,0.0
381-8422,120.0,24.0,227.5,81.0,38.68,234.9,71.0,19.97,166.4,128.0,7.49,9.0,13.0,2.43,1.0
381-8593,98.0,30.0,110.3,71.0,18.75,182.4,108.0,15.5,183.8,88.0,8.27,11.0,8.0,2.97,2.0
381-9049,82.0,29.0,207.2,102.0,35.22,254.1,137.0,21.6,169.3,92.0,7.62,9.5,5.0,2.57,2.0
381-9196,103.0,28.0,121.0,105.0,20.57,270.4,100.0,22.98,160.5,76.0,7.22,7.7,4.0,2.08,2.0
381-9234,161.0,38.0,240.4,112.0,40.87,201.8,102.0,17.15,206.1,112.0,9.27,16.1,6.0,4.35,0.0
381-9367,43.0,0.0,27.0,117.0,4.59,160.9,97.0,13.68,279.5,96.0,12.58,10.7,3.0,2.89,3.0
382-1104,129.0,0.0,98.0,99.0,32.39,240.7,62.0,20.46,254.8,123.0,11.47,10.5,4.0,2.84,0.0
382-1227,137.0,0.0,235.3,81.0,26.44,133.1,94.0,11.31,253.1,77.0,11.39,9.1,2.0,2.46,1.0
382-1399,107.0,0.0,189.7,76.0,32.25,156.1,65.0,13.27,244.0,91.0,10.98,8.3,3.0,2.24,5.0
382-2026,104.0,0.0,280.4,127.0,47.67,179.4,79.0,15.25,150.6,77.0,6.78,15.2,6.0,4.1,5.0
382-2182,50.0,0.0,99.6,108.0,16.93,308.7,102.0,26.24,161.2,62.0,7.25,13.7,6.0,3.7,2.0
382-2453,80.0,0.0,197.6,83.0,33.59,164.5,86.0,13.98,94.0,98.0,4.23,6.4,6.0,1.73,1.0
382-2879,148.0,0.0,178.3,98.0,30.31,282.6,110.0,24.02,181.0,98.0,8.15,11.4,4.0,3.08,1.0
382-3512,80.0,0.0,151.5,89.0,25.76,131.7,78.0,23.23,235.3,131.0,10.59,11.8,4.0,3.19,0.0
382-3966,104.0,0.0,160.4,73.0,27.27,293.9,103.0,24.98,306.6,90.0,13.8,12.6,5.0,3.4,4.0
382-4024,89.0,0.0,141.1,92.0,23.99,249.1,126.0,21.17,136.0,73.0,6.12,10.8,2.0,2.92,2.0
382-4084,86.0,39.0,261.2,122.0,32.39,214.2,101.0,18.21,154.9,101.0,6.97,12.7,5.0,3.43,2.0
382-4657,128.0,25.0,265.1,110.0,45.07,197.4,99.0,16.78,244.7,91.0,11.01,10.0,3.0,2.7,1.0
382-4872,100.0,0.0,181.8,117.0,30.91,158.1,91.0,13.44,266.2,123.0,11.98,9.7,9.0,2.62,0.0
382-4932,100.0,0.0,70.8,94.0,12.04,215.6,102.0,18.33,230.8,125.0,10.39,9.5,1.0,2.57,6.0
382-4943,147.0,0.0,130.6,83.0,32.39,208.1,144.0,17.69,204.6,72.0,9.21,15.6,3.0,4.21,3.0
382-4952,119.0,0.0,154.5,129.0,26.27,193.6,87.0,16.46,180.9,145.0,8.14,13.4,3.0,3.62,2.0
382-5401,17.0,31.0,153.1,115.0,26.03,185.9,59.0,15.8,224.3,102.0,10.09,10.0,1.0,2.7,6.0
382-5478,55.0,0.0,286.7,100.0,48.74,134.4,121.0,11.42,192.9,122.0,8.68,6.9,5.0,1.86,2.0
382-5743,121.0,34.0,245.0,95.0,41.65,216.9,66.0,18.44,112.4,125.0,5.06,7.5,8.0,2.03,0.0
382-6135,100.0,25.0,215.9,90.0,36.7,257.9,92.0,21.92,180.2,157.0,8.11,11.6,4.0,3.13,1.0
382-6153,91.0,0.0,190.5,128.0,32.39,205.5,103.0,17.47,130.7,63.0,5.88,13.8,5.0,3.73,0.0
382-6438,100.0,0.0,246.5,108.0,41.91,216.3,89.0,18.39,179.6,99.0,8.08,12.7,3.0,3.43,2.0
382-6827,70.0,0.0,208.7,97.0,35.48,275.5,83.0,23.42,182.5,122.0,8.21,8.0,3.0,2.16,2.0
382-7659,123.0,33.0,146.6,87.0,24.92,114.8,59.0,9.76,220.4,99.0,9.92,2.9,7.0,0.78,0.0
382-7993,122.0,33.0,270.8,96.0,46.04,220.4,110.0,18.73,169.9,104.0,7.65,11.8,8.0,3.19,4.0
382-7999,182.0,0.0,69.1,114.0,11.75,230.3,109.0,19.58,256.7,96.0,11.55,6.5,4.0,1.76,0.0
382-8079,91.0,0.0,246.4,110.0,41.89,182.0,98.0,15.47,157.6,106.0,7.09,12.1,2.0,3.27,2.0
382-8274,62.0,0.0,128.7,102.0,21.88,169.5,104.0,14.41,193.6,97.0,8.71,10.3,5.0,2.78,1.0
382-8518,64.0,0.0,168.0,116.0,28.56,192.4,94.0,16.35,166.5,98.0,7.49,10.1,3.0,2.73,2.0
382-9138,65.0,23.0,224.2,106.0,38.11,189.6,100.0,16.12,252.15,75.0,10.03,9.8,4.0,2.65,0.0
382-9297,91.0,0.0,133.8,61.0,22.75,158.8,96.0,13.5,189.6,92.0,8.53,10.5,2.0,2.84,1.0
382-9447,134.0,0.0,183.8,102.0,31.25,123.5,92.0,10.5,160.7,105.0,7.23,6.1,2.0,1.65,1.0
383-1121,172.0,0.0,212.0,121.0,36.04,31.2,115.0,2.65,293.3,78.0,13.2,12.6,10.0,3.4,3.0
383-1431,67.0,0.0,201.4,101.0,34.24,97.6,122.0,8.3,202.5,119.0,9.11,7.0,3.0,1.89,0.0
383-1509,98.0,0.0,161.0,117.0,27.37,190.9,113.0,16.23,227.7,113.0,10.25,12.1,4.0,3.27,4.0
383-1657,110.0,0.0,293.3,79.0,49.86,188.5,90.0,16.02,266.9,91.0,12.01,14.5,4.0,3.92,0.0
383-2017,139.0,0.0,221.3,140.0,37.62,157.8,89.0,13.41,192.5,89.0,8.66,11.3,6.0,3.05,1.0
383-2251,90.0,42.0,193.3,66.0,32.86,263.3,85.0,22.38,214.4,97.0,9.65,10.9,4.0,3.0,0.0
383-2537,189.0,0.0,208.3,106.0,35.41,236.7,123.0,20.12,179.1,120.0,8.06,11.3,5.0,3.05,3.0
383-2566,106.0,0.0,274.4,120.0,46.65,198.6,82.0,16.88,160.8,62.0,7.24,6.0,3.0,1.62,1.0
383-2901,142.0,25.0,191.1,109.0,32.49,149.6,120.0,12.72,227.8,60.0,10.25,9.8,3.0,2.65,0.0
383-3375,145.0,0.0,129.4,97.0,22.0,185.4,101.0,15.76,204.7,106.0,9.21,1.1,2.0,0.3,2.0
383-4061,122.0,0.0,230.9,132.0,39.25,243.2,99.0,20.67,182.4,57.0,8.21,11.0,2.0,2.97,0.0
383-4319,79.0,32.0,50.6,62.0,8.6,201.4,87.0,17.12,146.8,121.0,6.61,4.2,4.0,1.13,2.0
383-4322,86.0,30.0,235.3,84.0,16.98,263.5,125.0,22.4,254.7,90.0,11.46,9.8,7.0,2.65,2.0
383-4361,93.0,21.0,117.9,131.0,20.04,164.5,115.0,13.98,217.0,86.0,9.76,9.8,3.0,2.65,1.0
383-4641,96.0,23.0,183.1,88.0,31.13,147.4,89.0,12.53,350.2,108.0,15.76,11.3,7.0,3.05,1.0
383-4802,87.0,19.0,165.8,122.0,28.19,186.9,89.0,15.89,249.7,78.0,11.24,0.0,0.0,0.0,1.0
383-5109,88.0,45.0,80.3,140.0,13.65,153.3,101.0,13.03,309.2,123.0,13.91,12.8,3.0,3.46,2.0
383-5474,36.0,0.0,177.9,129.0,30.24,224.6,87.0,19.09,306.3,102.0,13.78,10.8,6.0,2.92,2.0
383-5976,21.0,31.0,135.9,90.0,23.1,271.0,84.0,23.04,179.1,89.0,8.06,9.5,7.0,2.57,6.0
383-6029,135.0,41.0,173.1,85.0,29.43,203.9,107.0,17.33,252.15,78.0,5.5,14.6,15.0,3.94,0.0
383-6095,85.0,0.0,165.8,96.0,28.19,190.0,141.0,16.15,144.0,116.0,6.48,10.9,3.0,2.94,5.0
383-6293,56.0,0.0,226.0,112.0,38.42,248.5,118.0,21.12,140.5,142.0,6.32,6.9,11.0,1.86,1.0
383-6356,52.0,0.0,204.4,97.0,34.75,273.2,128.0,23.22,179.6,118.0,8.08,11.0,5.0,2.97,1.0
383-6373,62.0,0.0,281.0,66.0,32.39,160.6,108.0,13.65,77.9,74.0,3.51,0.0,0.0,0.0,1.0
383-6489,105.0,0.0,235.3,99.0,35.89,176.7,66.0,15.02,221.5,96.0,9.97,14.7,7.0,3.97,4.0
383-6544,146.0,0.0,133.0,65.0,22.61,262.8,93.0,22.34,214.3,128.0,9.64,11.2,3.0,3.02,1.0
383-7689,135.0,0.0,201.8,81.0,34.31,225.0,114.0,19.13,204.4,82.0,9.2,10.3,6.0,2.78,1.0
383-8364,123.0,0.0,159.1,94.0,27.05,241.6,119.0,20.54,202.4,120.0,9.11,6.5,1.0,1.76,1.0
383-8695,101.0,33.0,200.1,108.0,34.02,188.9,122.0,16.06,205.1,90.0,9.23,15.5,4.0,4.19,0.0
383-8807,79.0,0.0,177.9,83.0,30.24,167.3,84.0,14.22,223.7,142.0,10.07,15.2,8.0,4.1,0.0
383-8848,61.0,31.0,288.7,101.0,49.08,203.8,102.0,17.32,203.2,49.0,9.14,8.6,3.0,2.32,0.0
383-8878,65.0,0.0,195.4,110.0,33.22,181.2,109.0,15.4,178.5,105.0,8.03,8.9,4.0,2.4,0.0
383-9255,127.0,0.0,182.3,124.0,30.99,169.9,110.0,23.23,184.0,116.0,8.28,9.3,3.0,2.51,1.0
383-9306,65.0,0.0,277.9,123.0,47.24,155.8,112.0,13.24,256.9,71.0,11.56,9.2,10.0,2.48,0.0
383-9355,80.0,0.0,197.5,114.0,33.58,206.9,119.0,17.59,163.6,109.0,7.36,11.3,4.0,3.05,1.0
383-9448,72.0,0.0,179.9,113.0,30.58,149.8,112.0,12.73,168.2,79.0,7.57,9.8,7.0,2.65,2.0
384-1135,130.0,0.0,207.1,70.0,35.21,200.1,115.0,17.01,194.2,100.0,8.74,12.4,2.0,3.35,1.0
384-1549,100.0,0.0,179.1,123.0,30.45,196.6,132.0,16.71,186.7,116.0,8.4,10.2,10.0,2.75,1.0
384-1621,90.0,0.0,261.8,128.0,44.51,220.6,104.0,18.75,136.6,91.0,6.15,9.6,5.0,2.59,1.0
384-1833,46.0,0.0,124.8,133.0,21.22,157.3,143.0,13.37,199.3,72.0,8.97,8.6,4.0,2.32,2.0
384-2219,168.0,0.0,183.2,131.0,31.14,179.2,73.0,15.23,292.8,100.0,13.18,9.9,5.0,2.67,2.0
384-2372,75.0,0.0,235.3,78.0,37.81,327.0,100.0,27.8,208.0,104.0,9.36,8.7,9.0,2.35,1.0
384-2632,129.0,0.0,207.0,91.0,35.19,154.9,121.0,13.17,245.1,112.0,11.03,13.4,5.0,3.62,3.0
384-2908,48.0,0.0,197.7,64.0,33.61,136.7,126.0,11.62,252.15,81.0,11.0,13.2,5.0,3.56,4.0
384-3101,87.0,0.0,234.8,85.0,39.92,140.9,91.0,11.98,204.3,93.0,9.19,9.5,5.0,2.57,1.0
384-3299,93.0,0.0,131.4,78.0,22.34,219.7,106.0,18.67,155.7,103.0,7.01,10.9,2.0,3.0,1.0
384-3389,74.0,0.0,157.1,95.0,26.71,213.1,36.0,18.11,280.4,77.0,12.62,7.6,3.0,2.05,2.0
384-3413,95.0,0.0,128.6,115.0,21.86,216.2,88.0,18.38,255.3,96.0,11.49,6.3,2.0,1.7,6.0
384-3902,78.0,0.0,220.0,95.0,37.4,179.9,121.0,15.29,188.2,109.0,8.47,11.5,5.0,3.11,0.0
384-3904,80.0,22.0,196.4,115.0,32.39,150.3,109.0,12.78,176.2,75.0,7.93,9.3,1.0,2.51,0.0
384-4385,70.0,0.0,148.4,110.0,25.23,267.1,90.0,22.7,151.5,101.0,6.82,8.9,4.0,2.4,0.0
384-4595,119.0,0.0,231.5,82.0,39.36,266.9,97.0,22.69,211.0,118.0,9.49,7.4,10.0,2.0,1.0
384-4938,130.0,0.0,216.2,106.0,36.75,363.7,86.0,30.91,126.7,123.0,5.7,16.9,2.0,4.56,5.0
384-5004,144.0,0.0,278.5,95.0,47.35,240.7,90.0,20.46,120.0,90.0,5.4,11.6,5.0,3.13,1.0
384-5027,84.0,0.0,226.9,144.0,38.57,201.6,122.0,17.14,130.2,121.0,5.86,13.2,5.0,3.56,2.0
384-5335,56.0,0.0,164.3,92.0,27.93,233.7,107.0,19.86,187.3,104.0,8.43,11.8,1.0,3.19,2.0
384-5343,93.0,0.0,141.7,95.0,24.09,221.0,100.0,18.79,227.1,71.0,10.22,10.2,3.0,2.75,0.0
384-5632,93.0,38.0,225.7,117.0,38.37,119.6,122.0,10.17,193.2,125.0,8.69,14.0,7.0,3.78,1.0
384-5907,116.0,35.0,182.8,122.0,31.08,212.7,119.0,18.08,193.8,103.0,8.72,11.0,2.0,2.97,1.0
384-6132,177.0,0.0,248.7,118.0,42.28,172.3,73.0,14.65,191.9,87.0,8.64,11.3,2.0,3.05,1.0
384-6264,45.0,0.0,96.1,103.0,16.34,246.8,134.0,20.98,229.7,92.0,10.34,9.7,4.0,2.62,1.0
384-6372,109.0,0.0,175.6,80.0,29.85,238.0,94.0,20.23,198.4,103.0,8.93,10.2,6.0,2.75,1.0
384-6654,106.0,0.0,178.4,143.0,30.33,247.0,123.0,21.0,259.9,105.0,11.7,9.6,2.0,2.59,0.0
384-7216,136.0,35.0,205.5,86.0,34.94,298.5,119.0,25.37,214.2,104.0,9.64,6.9,4.0,1.86,1.0
384-7236,138.0,28.0,211.2,117.0,35.9,312.5,98.0,26.56,178.0,118.0,8.01,10.7,2.0,2.89,3.0
384-7459,98.0,0.0,72.8,107.0,12.38,186.4,103.0,15.84,175.3,110.0,7.89,10.5,4.0,2.84,3.0
384-7724,103.0,0.0,141.3,123.0,24.02,253.6,87.0,21.56,215.8,96.0,9.71,6.4,2.0,1.73,1.0
384-7873,91.0,39.0,169.8,105.0,28.87,65.2,116.0,5.54,252.15,92.0,6.5,10.9,4.0,2.94,1.0
384-8629,88.0,0.0,55.6,65.0,9.45,242.7,121.0,20.63,176.3,134.0,7.93,11.3,4.0,3.05,0.0
384-8723,118.0,21.0,156.5,122.0,26.61,209.2,125.0,17.78,158.7,81.0,7.14,10.9,3.0,3.0,4.0
384-8890,183.0,8.0,86.5,119.0,14.71,285.2,97.0,24.24,180.4,133.0,8.12,8.7,2.0,2.35,2.0
384-9033,177.0,0.0,189.5,99.0,32.39,176.3,117.0,14.99,225.9,112.0,10.17,14.2,2.0,3.83,1.0
384-9243,125.0,0.0,169.3,90.0,28.78,156.0,138.0,13.26,210.8,106.0,9.49,11.6,6.0,3.13,2.0
384-9254,94.0,0.0,235.6,131.0,40.05,194.8,107.0,16.56,170.6,93.0,7.68,8.6,4.0,2.32,1.0
384-9682,109.0,0.0,184.1,143.0,31.3,211.7,105.0,17.99,243.0,116.0,10.93,9.9,2.0,2.67,1.0
385-1118,148.0,0.0,233.5,81.0,39.7,187.7,71.0,15.95,122.3,97.0,5.5,9.6,2.0,2.59,0.0
385-1214,97.0,0.0,168.6,87.0,28.66,259.2,105.0,22.03,279.8,123.0,12.59,7.3,4.0,1.97,1.0
385-1423,62.0,0.0,186.8,94.0,31.76,207.6,92.0,17.65,195.0,98.0,8.78,8.8,4.0,2.38,3.0
385-1464,133.0,39.0,239.9,107.0,40.78,253.8,77.0,21.57,128.7,85.0,5.79,6.7,3.0,1.81,5.0
385-1830,166.0,0.0,220.7,106.0,37.52,177.8,118.0,15.11,206.1,102.0,9.27,12.4,9.0,3.35,1.0
385-1985,64.0,0.0,206.2,76.0,35.05,232.4,76.0,19.75,251.6,96.0,11.32,13.6,2.0,3.67,1.0
385-2370,73.0,0.0,194.8,112.0,33.12,167.2,85.0,14.21,100.3,61.0,4.51,10.8,6.0,2.92,1.0
385-2488,106.0,32.0,165.9,126.0,28.2,216.5,93.0,18.4,173.1,86.0,7.79,14.1,8.0,3.81,4.0
385-2564,72.0,0.0,165.9,114.0,28.2,235.9,97.0,20.05,210.1,120.0,9.45,12.0,5.0,3.24,2.0
385-2683,107.0,0.0,194.5,97.0,33.07,186.3,131.0,15.84,178.3,106.0,8.02,12.7,1.0,3.43,2.0
385-2699,143.0,22.0,141.8,116.0,24.11,167.3,99.0,14.22,178.1,130.0,8.01,7.8,3.0,2.11,1.0
385-3111,86.0,0.0,83.5,96.0,14.2,221.1,63.0,18.79,349.7,75.0,15.74,12.6,3.0,3.4,0.0
385-3263,117.0,25.0,216.0,140.0,36.72,224.1,69.0,19.05,267.9,112.0,12.06,11.8,4.0,3.19,0.0
385-3540,36.0,0.0,117.1,94.0,19.91,235.4,117.0,20.01,221.3,108.0,9.96,9.0,2.0,2.43,0.0
385-4715,113.0,0.0,215.6,96.0,36.65,193.4,127.0,16.44,105.4,115.0,4.74,13.5,3.0,3.65,1.0
385-4766,108.0,0.0,291.6,99.0,49.57,221.1,93.0,18.79,229.2,110.0,10.31,14.0,9.0,3.78,2.0
385-5688,56.0,0.0,221.9,112.0,37.72,278.2,122.0,23.65,288.1,85.0,12.96,7.1,5.0,1.92,0.0
385-5722,56.0,0.0,197.0,110.0,33.49,251.6,102.0,18.94,225.3,91.0,10.14,10.6,6.0,2.86,2.0
385-6175,130.0,0.0,252.0,101.0,42.84,170.2,105.0,14.47,209.2,64.0,9.41,5.7,5.0,1.54,0.0
385-6778,128.0,0.0,195.6,99.0,33.25,267.8,120.0,22.76,164.9,76.0,7.42,16.0,2.0,4.32,0.0
385-6952,73.0,0.0,157.6,92.0,26.79,198.3,87.0,16.86,364.9,106.0,16.42,9.1,4.0,2.46,1.0
385-7082,217.0,0.0,176.4,115.0,32.39,158.8,128.0,13.5,306.6,107.0,13.8,9.3,3.0,2.51,4.0
385-7148,100.0,0.0,96.5,86.0,16.41,210.2,133.0,17.87,146.4,106.0,6.59,12.5,3.0,3.38,1.0
385-7157,115.0,0.0,139.3,89.0,23.68,192.3,95.0,16.35,151.0,75.0,6.8,9.3,3.0,2.51,7.0
385-7387,75.0,37.0,121.5,97.0,20.66,271.4,110.0,23.07,248.7,97.0,9.1,11.3,5.0,3.05,2.0
385-7688,117.0,23.0,198.1,86.0,33.68,177.0,86.0,15.05,180.5,92.0,8.12,6.8,6.0,1.84,1.0
385-7861,81.0,0.0,227.4,105.0,38.66,211.5,120.0,17.98,258.2,113.0,11.62,11.9,3.0,3.21,0.0
385-7922,119.0,27.0,220.1,128.0,37.42,268.2,133.0,22.8,146.5,80.0,6.59,10.9,3.0,3.0,0.0
385-8184,105.0,0.0,106.4,71.0,18.09,240.1,83.0,20.41,147.7,114.0,6.65,5.3,4.0,1.43,6.0
385-8240,107.0,37.0,60.0,102.0,10.2,102.2,80.0,8.69,261.8,106.0,11.78,10.9,3.0,3.0,0.0
385-8406,45.0,0.0,207.6,71.0,35.29,152.7,94.0,12.98,217.8,125.0,9.8,12.4,13.0,3.35,1.0
385-8730,122.0,23.0,134.2,85.0,22.81,227.3,132.0,19.32,122.4,96.0,5.51,8.5,2.0,2.3,2.0
385-8997,100.0,0.0,278.0,76.0,47.26,176.7,74.0,15.02,219.5,126.0,9.88,8.3,4.0,2.24,0.0
385-9657,59.0,0.0,150.2,70.0,25.53,185.7,98.0,15.78,212.5,128.0,9.56,12.1,2.0,3.27,1.0
385-9744,65.0,0.0,235.3,51.0,18.87,219.8,84.0,18.68,202.0,89.0,9.09,4.4,14.0,1.19,1.0
386-1131,37.0,0.0,191.4,116.0,32.54,167.4,99.0,14.23,216.5,112.0,9.74,14.0,5.0,3.78,3.0
386-1374,92.0,0.0,197.0,84.0,33.49,269.3,105.0,22.89,158.9,105.0,7.15,10.8,4.0,2.92,1.0
386-1418,53.0,0.0,184.8,98.0,31.42,216.4,125.0,18.39,141.1,116.0,6.35,18.4,3.0,4.97,2.0
386-1548,126.0,23.0,114.3,102.0,19.43,190.3,103.0,16.18,240.4,101.0,10.82,12.6,7.0,3.4,3.0
386-1631,153.0,31.0,218.5,130.0,37.15,134.2,103.0,11.41,118.9,105.0,5.35,9.4,6.0,2.54,0.0
386-2317,103.0,31.0,107.7,124.0,18.31,188.9,104.0,16.06,196.2,98.0,8.83,8.9,3.0,2.4,0.0
386-2759,92.0,0.0,181.4,98.0,30.84,164.5,98.0,13.98,171.0,110.0,7.69,10.9,4.0,2.94,2.0
386-2810,62.0,0.0,159.7,86.0,27.15,197.5,76.0,16.79,121.6,105.0,5.47,13.9,6.0,3.75,0.0
386-2923,93.0,0.0,190.7,114.0,32.42,218.2,100.0,18.55,129.6,121.0,5.83,8.1,3.0,2.19,3.0
386-2970,38.0,0.0,117.3,114.0,19.94,208.7,105.0,17.74,203.4,98.0,9.15,14.4,2.0,3.89,2.0
386-3596,97.0,0.0,169.7,84.0,28.85,165.9,86.0,14.1,191.9,83.0,8.64,12.8,6.0,3.46,3.0
386-3671,99.0,0.0,217.2,112.0,36.92,246.7,89.0,20.97,226.1,89.0,10.17,15.8,7.0,4.27,3.0
386-3717,131.0,0.0,109.5,95.0,18.62,332.1,48.0,28.23,258.6,108.0,11.64,6.6,7.0,1.78,1.0
386-3766,71.0,31.0,115.4,90.0,19.62,217.4,78.0,18.48,239.9,102.0,10.8,13.1,4.0,3.54,1.0
386-3796,59.0,32.0,211.9,120.0,36.02,202.9,136.0,17.25,213.5,95.0,9.61,8.8,5.0,2.38,1.0
386-3823,114.0,25.0,129.0,77.0,21.93,290.0,110.0,24.65,177.1,110.0,7.97,11.6,5.0,3.13,1.0
386-4170,92.0,0.0,62.6,102.0,10.64,180.6,126.0,15.35,221.7,80.0,9.98,10.4,2.0,2.81,1.0
386-4215,74.0,0.0,124.8,114.0,21.22,133.0,121.0,11.31,160.3,85.0,7.21,10.6,7.0,2.86,3.0
386-4581,99.0,0.0,145.6,102.0,24.75,230.9,87.0,19.63,181.5,86.0,8.17,11.4,7.0,3.08,1.0
386-5303,151.0,0.0,175.3,106.0,29.8,144.3,87.0,12.27,160.2,88.0,7.21,11.8,5.0,3.19,0.0
386-5684,116.0,27.0,204.7,118.0,34.8,209.4,91.0,17.8,212.9,67.0,9.58,7.0,2.0,1.89,2.0
386-6114,83.0,0.0,208.9,71.0,35.51,214.8,92.0,18.26,247.9,108.0,9.1,13.0,5.0,3.51,1.0
386-6306,115.0,26.0,170.5,107.0,28.99,217.2,77.0,18.46,225.7,71.0,10.16,13.6,5.0,3.67,6.0
386-6408,113.0,0.0,72.5,88.0,12.33,204.0,112.0,17.34,117.9,118.0,5.31,6.6,3.0,1.78,1.0
386-6411,85.0,30.0,173.1,107.0,29.43,247.2,101.0,21.01,158.7,104.0,7.14,11.5,5.0,3.11,1.0
386-6535,122.0,0.0,136.7,115.0,23.24,243.1,137.0,20.66,188.9,110.0,8.5,8.6,4.0,2.32,0.0
386-6580,122.0,0.0,141.4,128.0,24.04,146.4,70.0,12.44,123.0,75.0,5.54,8.1,4.0,2.19,0.0
386-7118,100.0,0.0,235.3,96.0,32.39,162.5,100.0,13.81,184.9,120.0,8.32,11.9,7.0,3.21,4.0
386-7281,127.0,0.0,146.7,91.0,24.94,203.5,78.0,17.3,203.4,110.0,9.15,13.7,3.0,3.7,1.0
386-7337,98.0,0.0,236.2,122.0,40.15,189.4,110.0,16.1,153.6,104.0,6.91,13.3,4.0,3.59,0.0
386-7456,130.0,12.0,141.9,92.0,24.12,228.9,102.0,19.46,195.1,101.0,8.78,8.7,5.0,2.35,0.0
386-7976,123.0,0.0,154.3,107.0,26.23,183.0,100.0,15.56,54.0,134.0,2.43,10.9,8.0,2.94,0.0
386-8118,87.0,0.0,205.2,106.0,34.88,99.5,122.0,8.46,189.5,75.0,8.53,13.4,3.0,3.62,1.0
386-8432,124.0,0.0,151.0,98.0,25.67,120.6,119.0,10.25,152.8,81.0,6.88,9.2,2.0,2.48,2.0
386-8536,92.0,0.0,196.5,82.0,33.41,190.0,89.0,16.15,163.2,99.0,7.34,10.8,2.0,2.92,2.0
386-8690,125.0,23.0,120.5,104.0,20.49,227.8,115.0,19.36,158.5,100.0,7.13,10.2,3.0,2.75,1.0
386-8943,103.0,0.0,180.2,134.0,30.63,97.7,85.0,8.3,181.7,134.0,8.18,8.4,3.0,2.27,1.0
386-8984,190.0,0.0,142.9,96.0,24.29,177.9,96.0,15.12,113.3,117.0,5.1,6.6,4.0,1.78,0.0
386-9141,103.0,0.0,198.5,112.0,33.75,42.5,90.0,3.61,179.2,124.0,8.06,12.4,5.0,3.35,0.0
386-9177,232.0,0.0,165.6,104.0,28.15,195.9,115.0,16.65,118.3,77.0,5.32,11.8,3.0,3.19,1.0
386-9711,126.0,0.0,190.9,143.0,32.45,149.7,72.0,12.72,191.4,87.0,8.61,13.0,3.0,3.51,1.0
386-9724,68.0,0.0,235.3,107.0,37.76,199.4,102.0,16.95,162.4,107.0,7.31,9.4,3.0,2.54,2.0
386-9774,102.0,0.0,129.5,56.0,22.02,354.2,118.0,30.11,145.5,93.0,6.55,10.9,3.0,2.94,1.0
386-9790,104.0,23.0,280.2,136.0,47.63,220.5,92.0,18.74,136.9,102.0,6.16,13.3,3.0,3.59,4.0
386-9981,99.0,0.0,235.3,66.0,34.0,107.9,104.0,9.17,233.7,82.0,10.52,11.4,2.0,3.08,3.0
387-1116,123.0,0.0,242.2,87.0,41.17,226.1,101.0,19.22,268.6,121.0,12.09,8.2,3.0,2.21,5.0
387-1343,72.0,29.0,139.8,114.0,23.77,138.2,91.0,11.75,221.0,88.0,9.95,5.5,6.0,1.49,0.0
387-1535,126.0,0.0,249.8,96.0,42.47,261.9,92.0,23.23,166.8,108.0,7.51,12.7,4.0,3.43,3.0
387-2014,44.0,0.0,202.6,89.0,32.39,163.0,96.0,13.86,268.1,151.0,12.06,8.3,3.0,2.24,0.0
387-2041,86.0,0.0,70.7,125.0,12.02,211.0,113.0,17.94,174.6,107.0,7.86,0.0,0.0,0.0,2.0
387-2604,99.0,0.0,242.3,102.0,41.19,350.9,102.0,29.83,163.1,93.0,7.34,11.3,3.0,3.05,0.0
387-2698,69.0,0.0,153.7,109.0,26.13,194.0,105.0,16.49,256.1,114.0,11.52,14.1,6.0,3.81,1.0
387-2799,87.0,0.0,223.2,109.0,37.94,127.5,86.0,10.84,289.3,83.0,13.02,14.5,4.0,3.92,3.0
387-2919,91.0,0.0,129.9,112.0,22.08,173.3,83.0,14.73,247.2,130.0,9.1,11.2,3.0,3.02,3.0
387-3332,160.0,0.0,166.8,109.0,28.36,236.0,117.0,20.06,307.6,77.0,13.84,9.3,1.0,2.51,1.0
387-3422,123.0,28.0,124.7,105.0,21.2,250.4,78.0,21.28,216.4,128.0,9.74,7.8,8.0,2.11,1.0
387-4064,54.0,33.0,161.8,73.0,27.51,273.0,58.0,23.21,153.9,76.0,6.93,13.7,4.0,3.7,0.0
387-4504,60.0,0.0,145.0,133.0,24.65,209.1,92.0,23.23,328.5,112.0,14.78,14.6,2.0,3.94,1.0
387-5411,43.0,35.0,200.2,105.0,34.03,251.6,88.0,20.77,207.2,97.0,9.32,11.6,4.0,3.13,3.0
387-5453,54.0,0.0,272.6,83.0,46.34,248.7,74.0,21.14,197.4,101.0,9.1,9.5,2.0,2.57,1.0
387-5533,101.0,0.0,239.0,156.0,40.63,273.0,106.0,23.21,278.2,93.0,12.52,13.5,8.0,3.65,1.0
387-5860,96.0,37.0,172.7,93.0,29.36,120.1,116.0,10.21,216.1,86.0,9.72,10.3,5.0,2.78,5.0
387-5891,50.0,26.0,307.1,94.0,52.21,289.4,78.0,24.6,174.9,109.0,7.87,8.0,3.0,2.16,0.0
387-6031,130.0,0.0,176.3,140.0,29.97,201.0,104.0,17.09,161.9,123.0,7.29,11.3,5.0,3.05,1.0
387-6065,147.0,0.0,124.4,74.0,21.15,320.9,78.0,27.28,157.2,126.0,7.07,10.4,4.0,2.81,2.0
387-6103,90.0,0.0,179.1,71.0,30.45,190.6,81.0,16.2,127.7,91.0,5.75,10.6,7.0,2.86,3.0
387-6440,143.0,0.0,172.3,97.0,29.29,174.0,108.0,14.79,188.2,119.0,8.47,13.0,4.0,3.51,2.0
387-6498,86.0,0.0,150.5,92.0,25.59,120.3,95.0,10.23,271.2,96.0,12.2,9.0,2.0,2.43,1.0
387-6716,152.0,0.0,206.3,98.0,35.07,292.8,82.0,24.89,43.7,121.0,1.97,10.6,4.0,2.86,1.0
387-6912,55.0,20.0,207.7,91.0,35.31,199.7,113.0,16.97,216.5,110.0,9.74,7.3,1.0,1.97,1.0
387-7371,100.0,0.0,284.4,89.0,48.35,157.0,113.0,13.35,242.8,91.0,10.93,8.4,8.0,2.27,0.0
387-7641,143.0,0.0,110.1,113.0,18.72,169.0,59.0,14.37,166.7,94.0,7.5,9.2,2.0,2.48,1.0
387-7757,64.0,19.0,291.1,150.0,49.49,226.7,123.0,19.27,219.1,67.0,9.86,7.5,2.0,2.03,1.0
387-8201,75.0,0.0,190.5,91.0,32.39,178.4,75.0,15.16,162.4,113.0,7.31,13.1,5.0,3.54,1.0
387-9137,133.0,0.0,277.3,138.0,47.14,228.4,117.0,19.41,117.3,103.0,5.28,12.8,4.0,3.46,2.0
387-9301,58.0,29.0,240.4,80.0,40.87,118.9,91.0,10.11,164.2,108.0,7.39,11.2,3.0,3.02,1.0
387-9855,91.0,24.0,93.5,112.0,15.9,183.4,128.0,15.59,240.7,133.0,10.83,9.9,3.0,2.67,0.0
388-1250,73.0,0.0,187.3,118.0,31.84,239.7,90.0,20.37,167.5,108.0,7.54,15.1,2.0,4.08,1.0
388-2240,139.0,31.0,203.5,82.0,34.6,200.3,72.0,17.03,214.0,112.0,9.63,13.4,6.0,3.62,1.0
388-4282,112.0,0.0,167.6,100.0,28.49,154.5,90.0,13.13,281.4,107.0,12.66,17.3,3.0,4.67,2.0
388-4331,127.0,0.0,107.9,128.0,18.34,187.0,77.0,15.9,218.5,95.0,9.83,0.0,0.0,0.0,0.0
388-4459,99.0,0.0,128.8,86.0,21.9,203.9,105.0,17.33,282.6,131.0,12.72,14.1,4.0,3.81,2.0
388-4571,148.0,0.0,185.2,87.0,31.48,170.4,96.0,14.48,165.1,104.0,7.43,9.5,13.0,2.57,1.0
388-4879,72.0,21.0,186.7,108.0,31.74,335.0,86.0,28.48,187.2,119.0,8.42,16.5,4.0,4.46,1.0
388-5850,138.0,0.0,194.3,83.0,33.03,189.9,97.0,16.14,232.2,102.0,10.45,9.0,3.0,2.43,5.0
388-6026,138.0,0.0,196.2,129.0,32.39,176.5,86.0,15.0,232.4,108.0,10.46,15.2,1.0,4.1,0.0
388-6223,156.0,0.0,178.8,94.0,30.4,178.4,97.0,15.16,169.2,77.0,7.61,7.5,3.0,2.03,1.0
388-6441,128.0,29.0,179.3,104.0,30.48,225.9,86.0,19.2,323.0,78.0,14.54,8.6,7.0,2.32,0.0
388-6479,109.0,46.0,217.5,123.0,36.98,233.7,84.0,19.86,163.9,99.0,7.38,9.0,3.0,2.43,4.0
388-6658,82.0,0.0,143.7,116.0,24.43,170.7,99.0,14.51,287.7,95.0,12.95,7.8,5.0,2.11,1.0
388-7355,63.0,0.0,128.7,78.0,21.88,240.8,133.0,20.47,237.7,121.0,10.7,12.8,6.0,3.46,1.0
388-7540,209.0,0.0,255.1,124.0,43.37,230.6,110.0,19.6,218.0,69.0,9.81,8.5,5.0,2.3,3.0
388-7701,157.0,0.0,196.0,74.0,32.39,213.4,96.0,18.14,196.8,81.0,8.86,7.9,6.0,2.13,1.0
388-8282,61.0,0.0,234.2,76.0,39.81,216.7,108.0,18.42,130.6,122.0,5.88,13.9,2.0,3.75,1.0
388-8583,141.0,28.0,308.0,123.0,52.36,247.8,128.0,21.06,152.9,103.0,6.88,7.4,3.0,2.0,1.0
388-8670,154.0,0.0,166.9,99.0,28.37,154.9,97.0,13.17,189.4,89.0,8.52,7.2,5.0,1.94,0.0
388-8722,89.0,0.0,179.7,128.0,30.55,299.8,92.0,25.48,185.3,120.0,8.34,7.6,3.0,2.05,1.0
388-8797,98.0,0.0,169.9,77.0,32.39,138.3,155.0,11.76,142.6,105.0,6.42,8.5,7.0,2.3,1.0
388-8891,94.0,0.0,108.0,79.0,18.36,241.9,152.0,20.56,252.1,92.0,11.34,10.4,3.0,2.81,3.0
388-8948,123.0,0.0,125.5,106.0,21.34,128.9,96.0,10.96,251.9,129.0,11.34,6.3,6.0,1.7,4.0
388-9285,77.0,33.0,143.0,101.0,24.31,212.2,102.0,18.04,104.9,120.0,4.72,15.3,4.0,4.13,5.0
388-9464,110.0,0.0,99.4,62.0,16.9,275.0,86.0,23.38,212.1,94.0,9.54,16.7,3.0,4.51,2.0
388-9568,65.0,0.0,213.4,102.0,36.28,234.5,94.0,19.93,250.1,123.0,11.25,2.7,4.0,0.73,1.0
388-9653,13.0,0.0,58.4,121.0,9.93,262.2,64.0,23.23,159.0,115.0,7.15,11.9,5.0,3.21,1.0
388-9944,131.0,0.0,94.4,80.0,16.05,215.1,101.0,18.28,179.7,108.0,8.09,13.1,9.0,3.54,2.0
389-1475,64.0,48.0,94.4,104.0,16.05,136.2,101.0,11.58,147.4,89.0,6.63,4.5,4.0,1.22,0.0
389-2114,100.0,0.0,235.8,130.0,40.09,176.0,69.0,14.96,63.6,122.0,2.86,7.3,1.0,1.97,2.0
389-2477,122.0,0.0,234.1,101.0,39.8,200.2,121.0,17.02,237.4,89.0,10.68,13.1,9.0,3.54,2.0
389-2540,137.0,0.0,174.0,123.0,29.58,161.3,115.0,13.71,260.7,98.0,11.73,11.4,3.0,3.08,2.0
389-2631,154.0,32.0,192.3,82.0,32.69,165.3,134.0,14.05,205.0,74.0,9.23,9.0,1.0,2.43,2.0
389-2747,99.0,19.0,87.7,103.0,14.91,223.0,86.0,18.96,182.3,112.0,8.2,7.3,4.0,1.97,2.0
389-3206,51.0,0.0,183.1,99.0,31.13,160.1,107.0,13.61,311.8,121.0,14.03,7.0,3.0,1.89,1.0
389-4083,74.0,0.0,230.9,93.0,39.25,223.0,78.0,18.96,157.8,101.0,7.1,9.7,2.0,2.62,3.0
389-4278,69.0,0.0,183.4,85.0,31.18,237.6,100.0,20.2,228.0,94.0,10.26,9.0,5.0,2.43,3.0
389-4602,86.0,0.0,150.8,85.0,25.64,295.9,88.0,25.15,247.2,104.0,9.1,12.5,1.0,3.38,1.0
389-4608,132.0,0.0,291.2,104.0,49.5,234.2,132.0,19.91,191.7,87.0,8.63,8.9,3.0,2.4,1.0
389-4695,109.0,0.0,200.1,72.0,34.02,300.9,120.0,25.58,236.0,68.0,10.62,11.9,5.0,3.21,0.0
389-4780,52.0,0.0,214.7,68.0,36.5,158.6,138.0,13.48,123.4,114.0,9.1,9.4,4.0,2.54,2.0
389-5649,31.0,0.0,177.3,129.0,30.14,152.8,105.0,12.99,162.9,92.0,7.33,5.1,2.0,1.38,0.0
389-5988,56.0,24.0,121.7,87.0,20.69,184.0,76.0,15.64,252.15,98.0,12.0,12.7,3.0,3.43,1.0
389-6037,135.0,0.0,186.0,107.0,31.62,66.0,94.0,5.61,213.1,105.0,9.59,12.9,4.0,3.48,1.0
389-6081,104.0,0.0,264.0,108.0,44.88,132.2,75.0,11.24,252.15,91.0,8.0,10.6,8.0,2.86,3.0
389-6082,58.0,0.0,238.9,107.0,40.61,187.2,88.0,15.91,181.1,84.0,8.15,11.8,3.0,3.19,2.0
389-6790,114.0,34.0,154.4,109.0,26.25,221.4,142.0,18.82,208.5,103.0,9.38,10.3,5.0,2.78,0.0
389-6955,106.0,0.0,159.6,94.0,27.13,276.8,118.0,23.53,223.5,65.0,10.06,8.8,3.0,2.38,0.0
389-7012,130.0,0.0,211.2,119.0,35.9,231.1,120.0,19.64,220.9,80.0,9.94,6.3,9.0,1.7,2.0
389-7073,48.0,37.0,211.7,115.0,35.99,159.9,84.0,13.59,144.1,80.0,6.48,12.2,1.0,3.29,1.0
389-7620,104.0,0.0,118.5,92.0,20.15,177.8,109.0,15.11,255.7,98.0,11.51,12.1,4.0,3.27,1.0
389-8096,65.0,0.0,105.7,95.0,17.97,141.8,100.0,12.05,180.5,105.0,8.12,6.6,12.0,1.78,2.0
389-8163,110.0,34.0,192.3,114.0,32.69,129.3,114.0,10.99,136.3,102.0,6.13,6.3,12.0,1.7,1.0
389-8417,40.0,0.0,169.7,115.0,28.85,141.4,123.0,12.02,253.0,115.0,11.39,10.5,3.0,2.84,4.0
389-8606,99.0,28.0,200.7,88.0,34.12,264.2,116.0,22.46,172.7,102.0,9.1,9.1,5.0,2.46,1.0
389-9120,58.0,0.0,165.4,100.0,28.12,115.7,87.0,9.83,193.8,118.0,8.72,12.8,5.0,3.46,2.0
389-9783,157.0,0.0,220.7,105.0,37.52,119.3,127.0,10.14,165.1,113.0,7.43,11.5,7.0,3.11,4.0
390-1552,100.0,0.0,131.1,108.0,32.39,176.2,81.0,14.98,89.7,81.0,4.04,4.3,4.0,1.16,1.0
390-1612,119.0,32.0,142.6,77.0,24.24,208.2,126.0,17.7,171.0,102.0,7.69,12.0,2.0,3.24,3.0
390-1760,139.0,0.0,139.0,110.0,23.63,132.9,93.0,11.3,272.0,120.0,12.24,12.1,1.0,3.27,0.0
390-2320,104.0,0.0,139.7,78.0,23.75,202.6,119.0,17.22,203.6,102.0,9.16,11.3,5.0,3.05,2.0
390-2390,117.0,0.0,167.1,86.0,28.41,177.5,87.0,15.09,249.4,132.0,11.22,14.1,7.0,3.81,2.0
390-2433,146.0,0.0,189.3,77.0,32.18,155.9,128.0,13.25,186.0,83.0,8.37,7.4,3.0,2.0,0.0
390-2755,107.0,14.0,114.3,132.0,19.43,199.8,91.0,16.98,194.7,74.0,8.76,7.5,8.0,2.03,1.0
390-2805,103.0,0.0,246.5,47.0,41.91,195.5,84.0,16.62,200.5,96.0,9.02,11.7,4.0,3.16,1.0
390-2891,97.0,0.0,211.0,76.0,35.87,189.0,100.0,16.07,123.0,102.0,5.54,4.7,4.0,1.27,3.0
390-3401,90.0,0.0,113.2,108.0,19.24,189.3,63.0,16.09,271.8,124.0,12.23,14.1,4.0,3.81,3.0
390-3565,95.0,0.0,194.6,114.0,33.08,232.8,106.0,19.79,173.4,92.0,7.8,3.8,2.0,1.03,3.0
390-3761,55.0,0.0,245.5,130.0,41.74,192.7,54.0,16.38,141.7,83.0,6.38,9.1,4.0,2.46,1.0
390-3873,86.0,0.0,126.3,115.0,21.47,168.8,112.0,14.35,154.6,95.0,6.96,9.8,7.0,2.65,2.0
390-4003,130.0,0.0,68.4,86.0,11.63,193.3,110.0,16.43,171.5,139.0,7.72,10.4,4.0,2.81,0.0
390-4152,87.0,0.0,231.3,105.0,39.32,171.7,108.0,14.59,67.7,136.0,3.05,13.0,6.0,3.51,1.0
390-4789,87.0,0.0,185.8,119.0,31.59,192.3,83.0,16.35,252.15,96.0,9.0,6.6,4.0,1.78,1.0
390-5055,115.0,0.0,122.0,110.0,20.74,220.2,100.0,18.72,179.7,124.0,8.09,10.8,2.0,2.92,2.0
390-5267,97.0,32.0,183.4,94.0,31.18,269.1,120.0,22.87,203.5,38.0,9.16,6.7,4.0,1.81,5.0
390-5316,101.0,24.0,114.1,95.0,19.4,161.5,86.0,13.73,176.3,90.0,7.93,13.0,9.0,3.51,2.0
390-5470,70.0,0.0,59.5,103.0,10.12,257.2,106.0,21.86,208.3,86.0,9.37,10.9,6.0,3.0,0.0
390-5686,69.0,0.0,228.2,70.0,38.79,263.7,80.0,22.41,142.6,60.0,6.42,10.7,5.0,2.89,3.0
390-6101,78.0,0.0,231.0,115.0,39.27,230.4,140.0,19.58,261.4,120.0,11.76,9.5,3.0,2.57,1.0
390-6388,103.0,29.0,164.1,102.0,27.9,219.1,96.0,18.62,220.3,108.0,9.91,12.3,9.0,3.32,0.0
390-6932,54.0,0.0,236.3,91.0,40.17,152.8,130.0,12.99,160.3,98.0,7.21,11.2,8.0,3.02,3.0
390-7274,160.0,0.0,85.8,77.0,14.59,165.3,110.0,14.05,178.5,92.0,8.03,9.2,4.0,2.48,3.0
390-7328,161.0,0.0,156.1,114.0,26.54,180.3,63.0,15.33,179.6,115.0,8.08,10.9,9.0,3.0,2.0
390-7370,115.0,14.0,192.3,86.0,32.69,88.7,90.0,7.54,229.4,120.0,10.32,10.5,3.0,2.84,2.0
390-7434,94.0,38.0,170.1,124.0,28.92,193.3,116.0,16.43,105.9,73.0,4.77,12.8,4.0,3.46,1.0
390-7863,100.0,0.0,176.4,62.0,32.39,201.0,124.0,17.09,150.4,138.0,6.77,11.2,2.0,3.02,0.0
390-7930,91.0,0.0,154.4,165.0,26.25,168.3,121.0,14.31,239.9,81.0,10.8,11.7,4.0,3.16,5.0
390-8760,121.0,0.0,181.5,121.0,30.86,218.4,98.0,18.56,161.6,103.0,7.27,8.5,5.0,2.3,1.0
390-8876,120.0,0.0,150.6,85.0,25.6,119.0,128.0,10.12,232.9,123.0,10.48,6.4,2.0,1.73,1.0
390-9359,31.0,31.0,100.1,54.0,17.02,246.3,97.0,20.94,255.0,131.0,11.48,5.9,3.0,1.59,0.0
390-9627,102.0,0.0,195.7,116.0,33.27,209.1,87.0,23.23,201.1,73.0,9.05,8.3,3.0,2.24,1.0
390-9698,78.0,0.0,193.1,85.0,32.83,172.1,105.0,14.63,129.6,119.0,5.83,10.2,1.0,2.75,0.0
390-9735,125.0,29.0,260.8,81.0,44.34,163.7,112.0,13.91,271.7,117.0,12.23,17.0,6.0,4.59,1.0
390-9811,62.0,33.0,186.4,84.0,31.69,201.0,136.0,17.09,286.7,103.0,12.9,10.9,3.0,3.0,2.0
390-9986,108.0,0.0,240.2,78.0,40.83,230.3,109.0,19.58,217.0,83.0,9.76,5.2,1.0,1.4,2.0
391-1348,47.0,37.0,163.5,77.0,27.8,203.1,102.0,17.26,232.0,87.0,10.44,7.8,4.0,2.11,2.0
391-1499,72.0,0.0,287.4,116.0,48.86,235.3,126.0,20.0,292.1,114.0,13.14,5.0,3.0,1.35,4.0
391-1737,112.0,0.0,174.3,123.0,29.63,140.2,124.0,11.92,215.4,89.0,9.69,9.0,6.0,2.43,4.0
391-1783,104.0,0.0,109.1,141.0,18.55,187.1,140.0,15.9,216.6,100.0,9.75,10.0,4.0,2.7,3.0
391-1793,104.0,26.0,189.1,112.0,32.15,178.2,97.0,15.15,199.3,104.0,8.97,10.9,4.0,3.0,1.0
391-2022,85.0,29.0,144.6,97.0,24.58,140.0,102.0,11.9,165.4,148.0,7.44,10.9,3.0,2.94,1.0
391-2159,159.0,0.0,167.4,68.0,28.46,143.8,74.0,23.23,140.1,101.0,6.3,10.3,3.0,2.78,0.0
391-2231,170.0,0.0,184.1,106.0,31.3,204.9,70.0,17.42,224.3,133.0,10.09,9.8,3.0,2.65,2.0
391-2334,95.0,0.0,58.2,96.0,9.89,202.1,126.0,17.18,210.5,97.0,9.47,10.4,5.0,2.81,0.0
391-2702,155.0,21.0,195.9,91.0,32.39,213.9,84.0,18.18,88.2,101.0,3.97,8.6,4.0,2.32,0.0
391-4358,146.0,0.0,235.3,126.0,18.89,313.4,95.0,26.64,215.7,82.0,9.71,10.5,6.0,2.84,1.0
391-4652,64.0,0.0,162.6,83.0,27.64,152.3,109.0,12.95,57.5,122.0,2.59,14.2,3.0,3.83,1.0
391-5442,190.0,0.0,169.4,102.0,28.8,253.5,113.0,21.55,197.1,93.0,8.87,8.9,5.0,2.4,1.0
391-5516,110.0,0.0,227.7,88.0,38.71,170.0,96.0,14.45,128.7,57.0,5.79,11.7,5.0,3.16,1.0
391-6260,100.0,0.0,78.7,98.0,13.38,225.6,102.0,19.18,150.4,106.0,6.77,14.0,8.0,3.78,0.0
391-6558,58.0,39.0,211.9,40.0,36.02,274.4,76.0,23.32,210.5,139.0,9.47,5.4,4.0,1.46,1.0
391-6607,30.0,0.0,227.4,88.0,38.66,182.5,100.0,15.51,191.7,134.0,8.63,12.5,3.0,3.38,0.0
391-6709,17.0,35.0,198.5,123.0,33.75,270.6,74.0,23.0,209.9,130.0,9.45,8.1,10.0,2.19,1.0
391-6773,141.0,0.0,242.8,90.0,41.28,234.1,80.0,19.9,211.5,104.0,9.52,6.0,3.0,1.62,5.0
391-7166,71.0,0.0,258.4,132.0,43.93,126.8,119.0,10.78,182.4,87.0,8.21,9.7,8.0,2.62,4.0
391-7528,103.0,0.0,70.9,134.0,12.05,134.5,112.0,11.43,168.8,164.0,7.6,12.0,6.0,3.24,2.0
391-7661,79.0,31.0,103.1,90.0,17.53,243.0,135.0,20.66,76.4,92.0,3.44,12.2,8.0,3.29,3.0
391-7937,148.0,26.0,244.9,150.0,41.63,118.0,138.0,10.03,236.0,91.0,10.62,15.2,4.0,4.1,2.0
391-7982,182.0,0.0,176.1,90.0,29.94,174.9,106.0,14.87,234.7,134.0,10.56,9.7,4.0,2.62,1.0
391-8027,118.0,0.0,223.4,98.0,37.98,220.6,101.0,18.75,203.9,118.0,9.18,6.3,6.0,1.7,0.0
391-8087,80.0,0.0,161.1,99.0,27.39,198.8,81.0,16.9,228.4,116.0,10.28,10.6,4.0,2.86,1.0
391-8124,79.0,34.0,103.7,100.0,17.63,236.3,78.0,20.09,256.6,102.0,11.55,14.8,4.0,4.0,2.0
391-8369,68.0,0.0,219.6,97.0,37.33,141.1,144.0,11.99,205.7,101.0,9.26,10.8,4.0,2.92,2.0
391-8554,146.0,31.0,202.5,91.0,34.43,241.4,108.0,20.52,169.6,77.0,7.63,7.8,2.0,2.11,1.0
391-8626,86.0,0.0,190.5,115.0,32.39,179.6,130.0,15.27,258.5,89.0,11.63,10.1,5.0,2.73,3.0
391-8677,117.0,0.0,158.7,84.0,26.98,181.7,91.0,15.44,177.3,67.0,7.98,7.7,10.0,2.08,2.0
392-1105,142.0,22.0,224.4,114.0,38.15,146.0,106.0,12.41,241.4,98.0,10.86,8.8,2.0,2.38,1.0
392-1376,149.0,18.0,148.5,106.0,25.25,114.5,106.0,9.73,178.3,98.0,8.02,6.5,4.0,1.76,0.0
392-1547,136.0,0.0,183.4,103.0,31.18,141.9,113.0,12.06,200.4,122.0,9.02,10.4,9.0,2.81,2.0
392-1616,122.0,27.0,253.7,84.0,43.13,229.2,109.0,19.48,190.5,123.0,8.57,9.2,5.0,2.48,7.0
392-1734,102.0,31.0,125.3,92.0,21.3,141.2,108.0,12.0,168.2,68.0,7.57,6.3,2.0,1.7,3.0
392-2268,108.0,0.0,199.3,104.0,33.88,224.2,92.0,19.06,140.1,57.0,6.3,15.2,2.0,4.1,0.0
392-2381,86.0,32.0,70.9,163.0,12.05,166.7,121.0,14.17,244.9,105.0,11.02,10.9,5.0,3.0,3.0
392-2459,121.0,0.0,179.4,70.0,30.5,143.0,93.0,12.16,116.3,113.0,5.23,11.2,5.0,3.02,1.0
392-2555,98.0,0.0,0.0,0.0,0.0,159.6,130.0,13.57,167.1,88.0,7.52,6.8,1.0,1.84,4.0
392-2708,121.0,0.0,207.9,98.0,35.34,210.5,96.0,17.89,109.6,114.0,4.93,7.7,2.0,2.08,2.0
392-2722,81.0,36.0,115.9,120.0,19.7,236.6,95.0,20.11,255.0,90.0,11.48,11.7,6.0,3.16,3.0
392-2733,116.0,12.0,221.0,108.0,37.57,151.0,118.0,12.84,179.0,80.0,8.06,9.0,6.0,2.43,2.0
392-2887,87.0,0.0,228.7,90.0,32.39,163.0,99.0,13.86,154.1,90.0,6.93,11.8,3.0,3.19,1.0
392-3315,118.0,0.0,154.6,112.0,26.28,184.2,105.0,15.66,217.4,102.0,9.78,12.6,5.0,3.4,2.0
392-3813,144.0,18.0,106.4,109.0,18.09,108.1,113.0,9.19,208.4,101.0,9.38,10.1,5.0,2.73,1.0
392-4680,65.0,34.0,208.8,119.0,35.5,142.1,106.0,12.08,214.6,87.0,9.66,12.5,4.0,3.38,4.0
392-4929,67.0,35.0,245.4,89.0,41.72,148.2,102.0,12.6,274.0,136.0,12.33,7.5,6.0,2.03,1.0
392-5090,127.0,0.0,102.8,128.0,17.48,143.7,95.0,12.21,191.4,97.0,8.61,10.0,5.0,2.7,1.0
392-5296,107.0,0.0,134.0,104.0,22.78,174.5,94.0,14.83,252.15,79.0,14.0,7.3,3.0,1.97,3.0
392-5512,126.0,0.0,161.4,110.0,27.44,220.6,125.0,18.75,249.2,78.0,11.21,5.1,2.0,1.38,0.0
392-5587,130.0,0.0,242.5,101.0,41.23,102.8,114.0,8.74,142.4,89.0,6.41,9.3,2.0,2.51,2.0
392-5605,120.0,0.0,158.0,110.0,26.86,197.0,103.0,16.75,154.9,132.0,6.97,10.0,5.0,2.7,1.0
392-5716,34.0,0.0,180.6,65.0,30.7,280.4,99.0,23.83,292.4,105.0,13.16,5.0,3.0,1.35,1.0
392-5941,95.0,0.0,198.4,113.0,33.73,235.9,144.0,20.05,325.6,99.0,14.65,10.1,3.0,2.73,0.0
392-6073,74.0,0.0,124.0,102.0,21.08,262.1,101.0,23.23,268.2,98.0,12.07,11.7,2.0,3.16,2.0
392-6239,145.0,0.0,199.2,124.0,33.86,126.0,86.0,10.71,289.2,135.0,13.01,7.6,3.0,2.05,1.0
392-6286,93.0,0.0,152.1,141.0,25.86,215.5,107.0,18.32,262.4,101.0,11.81,12.0,7.0,3.24,1.0
392-6331,100.0,0.0,197.1,117.0,33.51,227.8,128.0,19.36,214.0,101.0,9.63,9.3,11.0,2.51,0.0
392-6420,106.0,0.0,169.4,107.0,28.8,197.2,71.0,16.76,202.2,79.0,9.1,10.7,4.0,2.89,1.0
392-6647,157.0,29.0,219.2,102.0,37.26,206.0,109.0,17.51,192.4,117.0,8.66,15.0,5.0,4.05,1.0
392-6841,47.0,28.0,112.2,70.0,19.07,154.8,106.0,13.16,166.7,105.0,7.5,10.6,2.0,2.86,0.0
392-6856,28.0,0.0,187.8,94.0,31.93,248.6,86.0,21.13,208.8,124.0,9.4,10.6,5.0,2.86,0.0
392-8318,133.0,0.0,201.7,85.0,34.29,169.4,116.0,14.4,286.3,80.0,12.88,6.0,4.0,1.62,0.0
392-8905,172.0,0.0,215.7,140.0,36.67,146.3,84.0,12.44,264.6,83.0,11.91,7.1,1.0,1.92,3.0
392-9342,34.0,0.0,151.0,102.0,25.67,131.4,101.0,23.23,186.6,86.0,8.4,9.9,7.0,2.67,0.0
393-1891,105.0,0.0,251.6,88.0,42.77,175.1,103.0,14.88,184.4,112.0,8.3,5.4,5.0,1.46,1.0
393-2220,95.0,32.0,247.0,109.0,41.99,125.6,91.0,10.68,226.5,90.0,10.19,10.5,4.0,2.84,3.0
393-2373,196.0,0.0,234.0,109.0,39.78,249.5,114.0,21.21,173.1,70.0,7.79,9.1,5.0,2.46,2.0
393-2524,135.0,0.0,239.9,91.0,40.78,177.1,104.0,15.05,217.2,118.0,9.77,5.9,3.0,1.59,2.0
393-2812,177.0,0.0,84.9,77.0,14.43,257.5,109.0,21.89,210.5,66.0,9.47,7.5,5.0,2.03,2.0
393-3194,133.0,0.0,227.4,90.0,38.66,73.2,135.0,6.22,114.3,99.0,5.14,4.7,7.0,1.27,0.0
393-3274,114.0,0.0,189.8,101.0,32.27,147.7,80.0,12.55,172.7,121.0,9.1,10.6,5.0,2.86,1.0
393-3300,26.0,0.0,234.5,109.0,39.87,216.5,129.0,18.4,191.6,94.0,8.62,3.5,6.0,0.95,3.0
393-3507,57.0,0.0,192.8,68.0,32.78,158.0,86.0,13.43,235.5,105.0,10.6,12.7,6.0,3.43,1.0
393-3535,116.0,0.0,167.8,119.0,28.53,142.0,123.0,12.07,190.7,128.0,8.58,7.3,4.0,1.97,2.0
393-3635,123.0,27.0,198.7,127.0,33.78,249.0,105.0,21.17,173.2,124.0,7.79,12.5,5.0,3.38,1.0
393-3976,116.0,0.0,205.0,90.0,34.85,140.9,114.0,11.98,272.6,96.0,12.27,7.5,4.0,2.03,2.0
393-4027,23.0,0.0,190.2,89.0,32.33,166.4,108.0,14.14,219.8,73.0,9.89,15.0,4.0,4.05,6.0
393-4086,140.0,0.0,149.8,134.0,25.47,164.4,98.0,13.97,294.7,124.0,13.26,8.1,2.0,2.19,1.0
393-4528,148.0,21.0,262.9,135.0,44.69,149.5,96.0,12.71,140.5,109.0,6.32,8.1,4.0,2.19,1.0
393-4621,103.0,0.0,167.8,121.0,28.53,212.9,123.0,18.1,208.2,73.0,9.37,13.0,3.0,3.51,5.0
393-4823,82.0,0.0,329.8,73.0,56.07,208.3,120.0,17.71,267.1,102.0,12.02,10.6,6.0,2.86,0.0
393-4843,67.0,30.0,129.6,107.0,22.03,233.0,104.0,19.81,297.0,93.0,13.37,14.5,5.0,3.92,1.0
393-4949,43.0,0.0,168.4,125.0,28.63,243.8,89.0,20.72,214.7,102.0,9.66,10.9,2.0,3.0,1.0
393-5208,94.0,0.0,181.3,135.0,30.82,182.4,108.0,15.5,180.6,103.0,8.13,6.7,2.0,1.81,0.0
393-5284,143.0,0.0,235.3,101.0,26.44,213.4,89.0,18.14,237.9,61.0,10.71,7.6,11.0,2.05,1.0
393-5802,115.0,0.0,178.7,114.0,30.38,271.0,96.0,23.04,245.9,94.0,11.07,16.4,5.0,4.43,2.0
393-5897,99.0,0.0,182.6,83.0,31.04,154.5,100.0,13.13,196.0,57.0,8.82,12.1,5.0,3.27,0.0
393-6053,144.0,38.0,105.0,86.0,17.85,121.8,123.0,10.35,221.5,122.0,9.97,3.7,4.0,1.0,0.0
393-6376,150.0,28.0,174.4,75.0,29.65,169.9,80.0,23.23,201.6,130.0,9.07,11.0,4.0,2.97,1.0
393-6475,22.0,0.0,160.4,108.0,27.27,218.1,88.0,18.54,192.9,115.0,8.68,12.5,4.0,3.38,1.0
393-6733,199.0,34.0,230.6,121.0,39.2,219.4,99.0,18.65,299.3,94.0,13.47,8.0,2.0,2.16,0.0
393-6840,81.0,0.0,149.4,68.0,25.4,171.9,98.0,14.61,214.5,97.0,9.65,17.9,3.0,4.83,3.0
393-7322,90.0,0.0,140.2,97.0,23.83,213.9,102.0,18.18,120.0,126.0,5.4,7.1,2.0,1.92,1.0
393-7522,108.0,0.0,187.4,101.0,31.86,251.6,126.0,16.99,216.1,107.0,9.72,12.6,8.0,3.4,1.0
393-7826,24.0,0.0,265.6,86.0,45.15,208.8,102.0,17.75,182.5,105.0,8.21,10.9,6.0,3.0,2.0
393-7892,37.0,39.0,149.7,122.0,25.45,251.6,75.0,17.94,114.3,90.0,5.14,9.2,4.0,2.48,1.0
393-7984,77.0,0.0,62.4,89.0,10.61,169.9,121.0,23.23,209.6,64.0,9.43,5.7,6.0,1.54,5.0
393-8199,90.0,30.0,183.8,76.0,31.25,229.7,95.0,19.52,144.1,124.0,6.48,7.7,3.0,2.08,1.0
393-8736,149.0,0.0,235.3,61.0,28.32,218.8,107.0,18.6,208.3,131.0,9.37,8.2,6.0,2.21,7.0
393-8762,35.0,0.0,138.1,115.0,23.48,158.2,82.0,13.45,215.7,118.0,9.71,10.3,2.0,2.78,5.0
393-9424,108.0,35.0,169.8,136.0,28.87,173.7,101.0,14.76,214.6,105.0,9.66,9.5,7.0,2.57,2.0
393-9548,131.0,33.0,177.1,100.0,30.11,194.0,85.0,16.49,253.4,124.0,11.4,5.2,5.0,1.4,1.0
393-9619,215.0,0.0,83.6,148.0,14.21,120.9,91.0,10.28,226.6,110.0,10.2,10.7,9.0,2.89,0.0
393-9677,125.0,34.0,268.4,112.0,45.63,251.6,108.0,18.89,117.6,102.0,5.29,10.3,3.0,2.78,0.0
393-9918,146.0,19.0,176.6,88.0,30.02,162.7,66.0,13.83,215.5,98.0,9.7,14.6,6.0,3.94,1.0
393-9985,41.0,0.0,209.9,105.0,35.68,121.9,105.0,10.36,253.7,104.0,11.42,9.6,4.0,2.59,1.0
394-1211,101.0,29.0,121.1,116.0,20.59,186.4,100.0,15.84,241.7,75.0,10.88,10.1,6.0,2.73,0.0
394-2445,64.0,27.0,182.1,91.0,30.96,169.7,98.0,14.42,164.7,86.0,7.41,10.6,5.0,2.86,2.0
394-2553,117.0,31.0,104.9,115.0,17.83,237.6,125.0,20.2,263.4,104.0,11.85,7.7,6.0,2.08,3.0
394-2560,103.0,0.0,171.7,78.0,29.19,144.5,86.0,12.28,157.9,106.0,7.11,6.8,3.0,1.84,3.0
394-3023,51.0,0.0,51.8,107.0,8.81,230.2,104.0,19.57,227.5,118.0,10.24,10.4,4.0,2.81,2.0
394-3048,126.0,26.0,129.3,123.0,21.98,176.5,114.0,15.0,154.5,102.0,6.95,9.6,7.0,2.59,1.0
394-3051,164.0,30.0,238.8,100.0,40.6,230.0,121.0,19.55,206.3,66.0,9.28,13.2,8.0,3.56,1.0
394-3171,78.0,0.0,163.6,88.0,27.81,283.4,93.0,24.09,262.1,108.0,11.79,8.6,9.0,2.32,0.0
394-3312,15.0,0.0,141.4,80.0,24.04,123.9,76.0,10.53,323.5,88.0,14.56,8.1,3.0,2.19,2.0
394-3791,148.0,0.0,86.3,134.0,14.67,246.6,92.0,20.96,251.6,91.0,11.32,11.3,4.0,3.05,1.0
394-3806,105.0,0.0,227.4,121.0,38.66,268.5,89.0,22.82,143.3,82.0,6.45,13.0,4.0,3.51,1.0
394-4260,92.0,0.0,197.2,113.0,33.52,242.3,116.0,20.6,192.0,76.0,8.64,11.0,5.0,2.97,2.0
394-4512,73.0,28.0,198.2,107.0,33.69,139.1,123.0,11.82,199.1,139.0,8.96,8.8,1.0,2.38,2.0
394-4520,49.0,0.0,266.3,90.0,45.27,207.8,117.0,17.66,205.0,98.0,9.23,14.0,2.0,3.78,2.0
394-4548,110.0,0.0,148.4,95.0,25.23,193.8,98.0,16.47,206.0,106.0,9.27,6.9,6.0,1.86,0.0
394-5202,100.0,29.0,213.6,127.0,36.31,175.9,82.0,14.95,207.2,100.0,9.32,8.9,3.0,2.4,1.0
394-5489,161.0,0.0,322.3,100.0,54.79,230.4,135.0,19.58,241.5,104.0,10.87,7.8,5.0,2.11,2.0
394-5537,112.0,16.0,221.6,110.0,37.67,130.2,123.0,11.07,252.15,108.0,9.0,11.3,3.0,3.05,1.0
394-5753,190.0,0.0,235.3,55.0,19.02,223.0,124.0,18.96,243.2,81.0,10.94,10.0,7.0,2.7,3.0
394-6278,74.0,0.0,225.2,93.0,38.28,215.1,120.0,18.28,241.8,95.0,10.88,9.1,2.0,2.46,2.0
394-6382,18.0,0.0,197.0,97.0,33.49,203.7,107.0,17.31,202.0,105.0,9.09,8.7,3.0,2.35,3.0
394-6505,105.0,34.0,218.5,61.0,37.15,196.7,74.0,16.72,151.1,103.0,6.8,9.9,4.0,2.67,2.0
394-6577,116.0,17.0,193.4,112.0,32.88,240.6,131.0,20.45,248.1,98.0,9.1,11.4,3.0,3.08,5.0
394-6668,85.0,21.0,283.2,110.0,48.14,239.7,108.0,20.37,149.5,80.0,6.73,6.3,1.0,1.7,5.0
394-7447,63.0,0.0,278.0,102.0,47.26,266.4,114.0,22.64,224.1,118.0,10.08,13.1,4.0,3.54,4.0
394-7710,148.0,0.0,148.2,138.0,25.19,159.6,123.0,13.57,197.4,62.0,9.1,8.6,3.0,2.32,2.0
394-8006,95.0,0.0,156.6,88.0,26.62,247.6,75.0,21.05,192.3,115.0,8.65,12.3,5.0,3.32,3.0
394-8086,161.0,39.0,218.5,76.0,37.15,112.7,94.0,9.58,205.1,121.0,9.23,7.3,4.0,1.97,1.0
394-8256,91.0,0.0,109.8,100.0,18.67,189.6,104.0,16.12,206.7,85.0,9.3,10.9,3.0,3.0,1.0
394-8402,88.0,0.0,73.3,86.0,12.46,161.4,82.0,13.72,239.6,76.0,10.78,8.2,3.0,2.21,4.0
394-8504,75.0,26.0,118.5,86.0,20.15,213.9,118.0,18.18,132.6,99.0,5.97,13.4,3.0,3.62,2.0
394-8861,151.0,0.0,170.2,89.0,28.93,187.5,83.0,15.94,119.5,100.0,5.38,4.3,3.0,1.16,0.0
394-9121,153.0,0.0,195.4,107.0,33.22,154.6,96.0,13.14,142.8,97.0,6.43,11.6,6.0,3.13,1.0
394-9220,82.0,0.0,199.3,112.0,33.88,193.4,120.0,16.44,254.4,117.0,11.45,7.0,10.0,1.89,0.0
394-9825,159.0,23.0,153.6,93.0,26.11,216.9,88.0,18.44,161.3,91.0,7.26,12.6,3.0,3.4,2.0
394-9934,73.0,0.0,182.3,115.0,30.99,199.2,97.0,16.93,120.2,113.0,5.41,18.0,5.0,4.86,1.0
394-9942,73.0,26.0,131.2,98.0,22.3,106.5,97.0,9.05,221.7,96.0,9.98,10.2,6.0,2.75,2.0
394-9984,131.0,0.0,263.4,123.0,44.78,151.9,74.0,12.91,218.5,101.0,9.83,10.7,2.0,2.89,2.0
395-1229,101.0,9.0,160.1,116.0,27.22,210.0,121.0,17.85,139.1,65.0,6.26,10.8,9.0,2.92,0.0
395-1380,101.0,0.0,217.7,118.0,37.01,231.7,128.0,19.69,185.3,128.0,8.34,0.0,0.0,0.0,3.0
395-1693,63.0,34.0,152.2,119.0,25.87,227.1,91.0,19.3,195.7,103.0,8.81,12.3,5.0,3.32,1.0
395-1718,129.0,0.0,198.4,91.0,33.73,264.7,106.0,22.5,252.15,101.0,5.01,9.2,2.0,2.48,2.0
395-1898,87.0,22.0,240.8,102.0,40.94,75.9,106.0,6.45,224.6,115.0,10.11,7.1,3.0,1.92,2.0
395-1901,122.0,0.0,231.2,141.0,39.3,267.8,136.0,22.76,240.3,100.0,10.81,8.8,5.0,2.38,1.0
395-1962,85.0,0.0,235.3,132.0,37.79,231.5,101.0,19.68,223.5,75.0,10.06,11.0,2.0,2.97,3.0
395-2579,120.0,43.0,177.9,117.0,30.24,175.1,70.0,14.88,161.3,117.0,7.26,11.5,4.0,3.11,1.0
395-2626,160.0,0.0,121.8,97.0,20.71,89.3,97.0,7.59,150.7,92.0,6.78,10.3,5.0,2.78,1.0
395-2854,57.0,25.0,176.8,94.0,30.06,195.0,75.0,16.58,213.5,116.0,9.61,8.3,4.0,2.24,0.0
395-3026,106.0,0.0,210.6,96.0,35.8,249.2,85.0,21.18,191.4,88.0,8.61,12.4,1.0,3.35,2.0
395-3852,86.0,33.0,253.1,112.0,43.03,210.1,94.0,17.86,95.0,98.0,4.27,11.9,4.0,3.21,3.0
395-4509,118.0,0.0,205.2,115.0,34.88,184.8,137.0,15.71,176.1,115.0,7.92,7.0,6.0,1.89,0.0
395-4757,70.0,0.0,126.3,99.0,21.47,141.6,106.0,12.04,255.9,96.0,11.52,9.6,2.0,2.59,0.0
395-5015,98.0,31.0,181.6,112.0,30.87,220.7,100.0,18.76,236.3,121.0,10.63,12.9,4.0,3.48,2.0
395-5285,113.0,0.0,193.8,99.0,32.95,221.4,125.0,18.82,172.3,67.0,7.75,10.6,6.0,2.86,1.0
395-5783,81.0,0.0,145.4,132.0,24.72,129.3,91.0,10.99,186.4,109.0,8.39,5.2,4.0,1.4,1.0
395-6002,50.0,0.0,188.9,94.0,32.11,203.9,104.0,17.33,151.8,124.0,6.83,11.6,8.0,3.13,3.0
395-6030,83.0,0.0,178.8,102.0,30.4,167.9,84.0,14.27,178.9,65.0,8.05,8.6,4.0,2.32,3.0
395-6149,69.0,0.0,143.6,88.0,24.41,141.8,86.0,12.05,194.0,83.0,8.73,10.8,5.0,2.92,3.0
395-6195,109.0,27.0,166.9,85.0,28.37,221.2,92.0,18.8,197.3,97.0,9.1,12.3,4.0,3.32,1.0
395-6369,95.0,0.0,203.4,96.0,34.58,168.6,61.0,14.33,173.0,105.0,7.79,13.7,3.0,3.7,2.0
395-6758,64.0,0.0,174.5,98.0,29.67,180.2,103.0,15.32,179.0,89.0,8.06,10.7,2.0,2.89,2.0
395-6913,102.0,29.0,214.7,86.0,36.5,314.3,109.0,26.72,280.2,110.0,12.61,14.3,2.0,3.86,0.0
395-7435,86.0,0.0,266.1,120.0,45.24,182.0,92.0,15.47,206.5,103.0,9.29,10.3,4.0,2.78,1.0
395-7857,105.0,40.0,236.5,102.0,40.21,117.0,110.0,9.95,221.1,115.0,9.95,8.1,3.0,2.19,2.0
395-7923,197.0,0.0,127.3,80.0,21.64,251.6,115.0,18.9,173.9,95.0,7.83,13.7,5.0,3.7,5.0
395-8330,107.0,25.0,248.6,91.0,42.26,119.3,115.0,10.14,194.3,83.0,8.74,12.0,1.0,3.24,1.0
395-8595,138.0,0.0,171.4,117.0,29.14,115.2,128.0,9.79,224.5,115.0,10.1,17.0,4.0,4.59,3.0
395-9214,96.0,33.0,183.3,115.0,31.16,201.4,87.0,17.12,177.4,84.0,7.98,10.4,15.0,2.81,3.0
395-9215,82.0,0.0,189.2,81.0,32.16,184.4,117.0,15.67,255.8,83.0,11.51,10.6,5.0,2.86,3.0
395-9270,148.0,25.0,230.7,102.0,39.22,233.8,109.0,19.87,215.8,90.0,9.71,13.5,2.0,3.65,3.0
396-1106,94.0,28.0,92.7,107.0,15.76,127.8,86.0,10.86,225.6,86.0,10.15,9.9,4.0,2.67,3.0
396-1278,63.0,0.0,185.3,87.0,31.5,225.3,87.0,19.15,194.3,93.0,8.74,11.7,3.0,3.16,0.0
396-1648,88.0,0.0,218.2,76.0,37.09,169.3,60.0,14.39,141.1,99.0,6.35,8.0,1.0,2.16,1.0
396-1800,104.0,0.0,144.5,107.0,24.57,180.5,85.0,15.34,226.0,94.0,10.17,17.0,6.0,4.59,2.0
396-2187,88.0,28.0,190.6,104.0,32.4,237.3,105.0,20.17,211.6,116.0,9.52,9.8,1.0,2.65,2.0
396-2324,64.0,0.0,97.2,80.0,16.52,186.2,90.0,15.83,189.0,92.0,8.5,10.4,6.0,2.81,2.0
396-2335,110.0,0.0,100.1,90.0,17.02,251.6,93.0,19.83,204.4,57.0,9.2,10.9,8.0,3.0,3.0
396-2719,158.0,0.0,235.3,101.0,37.88,203.0,128.0,17.26,210.6,106.0,9.48,6.9,2.0,1.86,2.0
396-2867,54.0,39.0,206.9,143.0,35.17,127.8,72.0,10.86,199.2,120.0,8.96,9.2,1.0,2.48,3.0
396-2945,147.0,0.0,212.8,79.0,36.18,204.1,91.0,17.35,156.2,113.0,7.03,10.2,2.0,2.75,1.0
396-3068,124.0,0.0,151.1,123.0,25.69,187.4,104.0,15.93,255.4,93.0,11.49,5.3,3.0,1.43,1.0
396-4171,75.0,24.0,225.5,119.0,38.34,182.0,108.0,15.47,270.9,106.0,12.19,9.4,2.0,2.54,3.0
396-4234,148.0,0.0,218.7,102.0,37.18,155.6,133.0,13.23,277.4,62.0,12.48,8.2,5.0,2.21,1.0
396-4254,1.0,0.0,182.1,106.0,30.96,134.9,106.0,11.47,152.3,75.0,6.85,10.0,3.0,2.7,5.0
396-4311,32.0,0.0,157.9,88.0,26.84,180.8,132.0,15.37,132.5,102.0,5.96,12.8,3.0,3.46,1.0
396-4410,130.0,0.0,212.8,102.0,36.18,189.8,137.0,16.13,170.1,105.0,7.65,10.6,4.0,2.86,0.0
396-4460,24.0,25.0,164.9,110.0,28.03,209.3,105.0,17.79,231.2,55.0,10.4,6.7,9.0,1.81,1.0
396-4845,103.0,0.0,263.4,118.0,44.78,179.1,69.0,15.22,214.7,112.0,9.66,10.3,2.0,2.78,0.0
396-4869,123.0,22.0,197.6,105.0,33.59,80.0,86.0,6.8,120.8,82.0,5.44,15.6,12.0,4.21,2.0
396-5189,100.0,0.0,203.8,122.0,34.65,283.1,76.0,24.06,197.3,83.0,9.1,12.5,3.0,3.38,0.0
396-5561,110.0,0.0,159.5,145.0,27.12,202.3,101.0,17.2,256.0,96.0,11.52,16.7,2.0,4.51,2.0
396-5790,31.0,28.0,210.5,101.0,35.79,250.5,86.0,21.29,241.6,125.0,10.87,11.5,2.0,3.11,1.0
396-5800,147.0,0.0,155.1,117.0,26.37,239.7,93.0,20.37,208.8,133.0,9.4,10.6,4.0,2.86,0.0
396-6247,123.0,39.0,270.4,99.0,45.97,245.1,110.0,20.83,108.9,113.0,4.9,15.4,7.0,4.16,1.0
396-6390,68.0,0.0,158.8,119.0,27.0,211.8,105.0,18.0,198.1,101.0,8.91,10.3,3.0,2.78,1.0
396-6462,112.0,0.0,206.2,122.0,35.05,164.5,94.0,13.98,140.3,101.0,6.31,12.6,7.0,3.4,3.0
396-6775,124.0,0.0,167.4,119.0,28.46,233.2,143.0,19.82,109.6,115.0,4.93,10.3,5.0,2.78,0.0
396-7091,68.0,0.0,131.6,89.0,22.37,137.0,109.0,11.65,256.3,107.0,11.53,10.2,5.0,2.75,3.0
396-7687,112.0,30.0,60.6,113.0,10.3,165.9,96.0,14.1,132.8,99.0,5.98,13.3,7.0,3.59,0.0
396-8265,151.0,17.0,214.7,97.0,36.5,138.5,90.0,11.77,169.1,44.0,7.61,8.6,4.0,2.32,1.0
396-8400,130.0,0.0,120.5,127.0,20.49,189.7,52.0,16.12,270.1,107.0,12.15,14.3,2.0,3.86,1.0
396-8662,122.0,0.0,215.6,86.0,36.65,167.8,59.0,14.26,207.0,67.0,9.32,6.4,8.0,1.73,3.0
396-9279,116.0,23.0,253.0,78.0,43.01,138.9,121.0,11.81,277.8,104.0,12.5,11.8,3.0,3.19,2.0
396-9462,127.0,0.0,139.6,94.0,23.73,240.9,112.0,20.48,127.1,88.0,5.72,8.8,4.0,2.38,2.0
396-9656,17.0,0.0,161.5,123.0,27.46,214.2,81.0,18.21,315.0,106.0,14.18,8.6,5.0,2.32,1.0
397-1649,124.0,28.0,251.4,104.0,42.74,225.1,89.0,19.13,251.9,121.0,11.34,7.5,5.0,2.03,1.0
397-1659,68.0,0.0,235.3,99.0,37.88,175.8,85.0,14.94,202.0,101.0,9.09,11.0,3.0,2.97,3.0
397-1766,117.0,0.0,54.2,100.0,9.21,303.2,84.0,25.77,171.8,84.0,7.73,8.6,2.0,2.32,1.0
397-2870,174.0,0.0,190.3,98.0,32.35,252.7,70.0,21.48,220.6,97.0,9.93,7.2,9.0,1.94,2.0
397-3058,29.0,37.0,235.0,101.0,39.95,183.3,79.0,15.58,139.8,106.0,6.29,5.7,7.0,1.54,2.0
397-3746,86.0,0.0,162.4,131.0,27.61,167.0,102.0,14.2,128.9,118.0,5.8,11.4,2.0,3.08,2.0
397-3939,164.0,0.0,192.1,95.0,32.66,249.8,94.0,21.23,132.6,100.0,5.97,7.3,3.0,1.97,3.0
397-3943,122.0,0.0,145.6,102.0,24.75,284.7,100.0,24.2,228.2,91.0,10.27,12.2,5.0,3.29,0.0
397-4030,97.0,0.0,218.0,86.0,37.06,184.0,94.0,15.64,240.5,110.0,10.82,6.4,8.0,1.73,3.0
397-4304,99.0,0.0,169.2,70.0,28.76,271.5,77.0,23.08,170.2,104.0,7.66,10.6,2.0,2.86,0.0
397-4968,142.0,0.0,232.1,102.0,39.46,168.2,110.0,14.3,197.3,120.0,9.1,9.9,3.0,2.67,1.0
397-4976,122.0,0.0,170.5,94.0,28.99,173.7,109.0,14.76,248.6,75.0,9.1,11.3,2.0,3.05,1.0
397-5060,65.0,0.0,116.8,87.0,19.86,178.9,93.0,15.21,182.4,150.0,8.21,14.1,2.0,3.81,1.0
397-5381,88.0,0.0,215.6,115.0,36.65,216.2,85.0,18.38,171.3,65.0,7.71,11.8,1.0,3.19,3.0
397-5911,146.0,0.0,195.9,86.0,32.39,228.6,82.0,19.43,303.5,94.0,13.66,12.2,4.0,3.29,3.0
397-6064,13.0,25.0,176.6,65.0,30.02,172.7,96.0,14.68,104.5,128.0,4.7,11.3,5.0,3.05,2.0
397-6109,55.0,0.0,175.6,147.0,29.85,161.8,118.0,13.75,289.5,55.0,13.03,9.3,4.0,2.51,0.0
397-6255,100.0,0.0,216.2,107.0,36.75,215.6,84.0,18.33,138.4,127.0,6.23,10.2,3.0,2.75,0.0
397-6425,113.0,0.0,186.0,55.0,31.62,237.4,105.0,20.18,148.1,83.0,9.1,12.2,6.0,3.29,1.0
397-6542,170.0,0.0,285.7,44.0,48.57,167.5,144.0,14.24,260.0,97.0,11.7,8.7,4.0,2.35,1.0
397-6789,69.0,33.0,271.5,98.0,46.16,253.4,102.0,21.54,165.4,85.0,7.44,8.2,2.0,2.21,1.0
397-7125,131.0,23.0,170.8,145.0,29.04,236.7,93.0,20.12,294.5,100.0,13.25,12.7,1.0,3.43,1.0
397-7411,29.0,0.0,157.4,122.0,26.76,145.0,75.0,12.33,281.8,92.0,12.68,9.3,2.0,2.51,1.0
397-7453,183.0,0.0,190.0,100.0,32.3,246.6,78.0,20.96,304.2,107.0,13.69,9.5,4.0,2.57,1.0
397-7500,105.0,27.0,141.2,96.0,24.0,167.7,94.0,14.25,274.4,101.0,12.35,11.4,2.0,3.08,1.0
397-8011,161.0,0.0,107.5,121.0,18.28,256.4,46.0,21.79,247.2,131.0,9.1,12.6,3.0,3.4,2.0
397-8051,71.0,0.0,207.0,112.0,35.19,173.8,96.0,14.77,178.4,61.0,8.03,12.1,3.0,3.27,1.0
397-8162,106.0,0.0,191.4,124.0,32.54,200.7,116.0,17.06,230.1,76.0,10.35,8.2,3.0,2.21,1.0
397-8512,99.0,0.0,197.2,127.0,33.52,156.0,92.0,13.26,204.1,99.0,9.18,9.9,6.0,2.67,4.0
397-8772,167.0,0.0,244.8,91.0,41.62,60.8,105.0,5.17,176.7,110.0,7.95,10.7,3.0,2.89,2.0
397-9148,118.0,26.0,170.8,114.0,29.04,199.5,125.0,16.96,169.7,98.0,7.64,9.6,5.0,2.59,5.0
397-9184,93.0,42.0,152.3,90.0,25.89,267.5,102.0,22.74,266.9,130.0,12.01,11.3,5.0,3.05,7.0
397-9251,51.0,0.0,180.5,88.0,30.69,134.7,102.0,11.45,170.7,97.0,7.68,10.0,3.0,2.7,2.0
397-9333,136.0,0.0,199.2,122.0,33.86,214.7,114.0,18.25,150.9,105.0,6.79,11.8,7.0,3.19,1.0
397-9486,128.0,0.0,268.1,95.0,45.58,120.5,126.0,10.24,220.8,121.0,9.94,14.4,6.0,3.89,2.0
397-9928,52.0,0.0,124.9,131.0,21.23,300.5,118.0,25.54,192.5,106.0,8.66,11.6,4.0,3.13,2.0
397-9933,152.0,0.0,140.5,92.0,23.89,186.8,96.0,15.88,227.0,89.0,10.22,9.5,5.0,2.57,2.0
398-1294,119.0,0.0,159.1,114.0,27.05,231.3,117.0,19.66,143.2,91.0,6.44,8.8,3.0,2.38,5.0
398-1332,178.0,35.0,175.4,88.0,29.82,190.0,65.0,16.15,138.7,94.0,6.24,10.5,3.0,2.84,2.0
398-1759,56.0,0.0,235.3,133.0,37.86,277.0,89.0,23.55,101.8,94.0,4.58,13.6,4.0,3.67,4.0
398-1959,162.0,0.0,184.5,118.0,31.37,224.0,95.0,19.04,180.5,82.0,8.12,11.6,3.0,3.13,1.0
398-2138,68.0,39.0,142.0,140.0,24.14,241.6,89.0,20.54,302.0,72.0,13.59,11.3,5.0,3.05,1.0
398-2148,150.0,27.0,209.8,112.0,35.67,155.0,80.0,13.18,251.5,101.0,11.32,7.2,6.0,1.94,0.0
398-2628,45.0,29.0,135.8,104.0,23.09,251.6,101.0,18.91,235.6,92.0,10.6,7.9,6.0,2.13,2.0
398-3004,86.0,21.0,197.9,99.0,33.64,165.6,100.0,14.08,208.0,120.0,9.36,10.1,9.0,2.73,0.0
398-3176,91.0,0.0,217.9,71.0,37.04,230.1,116.0,19.56,232.1,110.0,10.44,10.6,2.0,2.86,1.0
398-3632,172.0,0.0,203.9,109.0,34.66,234.0,123.0,19.89,160.7,65.0,7.23,17.8,4.0,4.81,4.0
398-3834,68.0,0.0,162.1,86.0,27.56,155.0,86.0,13.18,189.7,87.0,8.54,11.0,9.0,2.97,5.0
398-4313,113.0,0.0,215.5,129.0,36.64,218.7,117.0,18.59,207.1,91.0,9.32,6.6,9.0,1.78,4.0
398-4431,24.0,0.0,156.2,104.0,26.55,90.0,101.0,7.65,205.1,116.0,9.23,7.3,5.0,1.97,1.0
398-4538,68.0,0.0,195.4,116.0,33.22,212.1,101.0,18.03,138.4,134.0,6.23,15.1,11.0,4.08,1.0
398-4567,59.0,0.0,166.3,95.0,28.27,239.3,87.0,20.34,123.2,108.0,5.54,10.0,3.0,2.7,2.0
398-4814,165.0,39.0,167.4,113.0,28.46,172.7,94.0,14.68,192.6,113.0,8.67,9.5,4.0,2.57,3.0
398-5006,80.0,0.0,239.9,121.0,40.78,142.3,51.0,12.1,364.3,106.0,16.39,9.3,5.0,2.51,1.0
398-5788,102.0,0.0,174.5,79.0,29.67,236.8,136.0,20.13,270.4,110.0,12.17,8.5,5.0,2.3,0.0
398-5851,101.0,0.0,118.6,89.0,20.16,199.6,97.0,16.97,53.3,61.0,2.4,11.5,5.0,3.11,1.0
398-5954,74.0,27.0,154.1,122.0,26.2,195.3,150.0,16.6,276.7,86.0,12.45,13.2,2.0,3.56,4.0
398-5970,55.0,0.0,269.6,121.0,45.83,171.7,91.0,14.59,219.0,98.0,9.86,8.2,6.0,2.21,1.0
398-6703,110.0,0.0,242.5,110.0,41.23,162.3,140.0,13.8,184.1,86.0,8.28,7.8,3.0,2.11,4.0
398-7414,27.0,0.0,177.6,121.0,30.19,296.8,92.0,25.23,192.9,106.0,8.68,7.6,3.0,2.05,3.0
398-7978,129.0,0.0,216.0,85.0,36.72,186.9,114.0,15.89,210.7,109.0,9.48,4.9,10.0,1.32,2.0
398-8122,163.0,40.0,231.9,56.0,39.42,211.8,91.0,18.0,268.5,74.0,12.08,12.3,3.0,3.32,2.0
398-8385,72.0,0.0,253.0,73.0,43.01,219.3,78.0,18.64,210.8,89.0,9.49,9.8,4.0,2.65,0.0
398-8578,134.0,0.0,177.2,91.0,30.12,228.7,105.0,19.44,194.3,113.0,8.74,8.9,3.0,2.4,2.0
398-8588,9.0,16.0,88.5,87.0,15.05,178.8,108.0,15.2,228.7,96.0,10.29,11.5,3.0,3.11,2.0
398-8745,133.0,44.0,174.0,80.0,29.58,209.4,113.0,17.8,224.1,87.0,10.08,14.1,7.0,3.81,2.0
398-8801,88.0,0.0,189.8,102.0,32.27,197.3,101.0,16.77,234.5,101.0,10.55,14.9,3.0,4.02,2.0
398-9408,163.0,23.0,160.0,104.0,27.2,189.4,64.0,16.1,229.9,118.0,10.35,10.4,7.0,2.81,1.0
398-9870,190.0,22.0,166.5,93.0,28.31,183.0,92.0,15.56,121.0,102.0,5.44,8.5,3.0,2.3,0.0
399-1021,127.0,23.0,182.0,80.0,30.94,216.1,85.0,18.37,156.9,82.0,7.06,9.8,4.0,2.65,1.0
399-1750,183.0,0.0,108.3,87.0,18.41,183.6,116.0,15.61,176.6,109.0,7.95,13.5,2.0,3.65,0.0
399-2151,100.0,0.0,159.9,94.0,27.18,179.9,95.0,15.29,154.4,102.0,6.95,11.6,2.0,3.13,2.0
399-2457,102.0,0.0,273.2,85.0,46.44,251.6,82.0,17.94,203.7,129.0,9.17,13.1,7.0,3.54,2.0
399-3083,45.0,0.0,78.6,106.0,13.36,187.3,110.0,15.92,184.2,101.0,8.29,7.4,5.0,2.0,1.0
399-3089,23.0,31.0,156.6,84.0,26.62,161.5,96.0,13.73,294.6,107.0,13.26,9.4,6.0,2.54,1.0
399-3164,155.0,0.0,190.3,123.0,32.35,301.3,96.0,25.61,214.6,134.0,9.66,8.0,3.0,2.16,1.0
399-3840,151.0,0.0,118.9,128.0,20.21,278.3,65.0,23.66,194.8,61.0,8.77,13.2,10.0,3.56,2.0
399-4094,61.0,20.0,254.4,133.0,43.25,161.7,96.0,13.74,251.4,91.0,11.31,10.5,4.0,2.84,0.0
399-4246,90.0,0.0,203.4,146.0,34.58,226.7,117.0,19.27,152.4,105.0,6.86,7.3,4.0,1.97,1.0
399-4413,90.0,0.0,109.6,88.0,18.63,137.6,108.0,11.7,159.7,121.0,7.19,11.0,5.0,2.97,2.0
399-4800,30.0,0.0,54.0,68.0,9.18,179.3,96.0,15.24,247.2,101.0,9.1,10.2,8.0,2.75,1.0
399-5291,38.0,0.0,175.7,109.0,29.87,211.8,97.0,18.0,137.9,109.0,6.21,9.2,3.0,2.48,5.0
399-5424,116.0,27.0,175.5,137.0,29.84,210.6,60.0,17.9,294.8,121.0,13.27,6.9,5.0,1.86,1.0
399-5426,87.0,0.0,204.8,101.0,34.82,161.0,80.0,13.69,285.7,89.0,12.86,9.5,3.0,2.57,0.0
399-5564,59.0,0.0,160.9,95.0,27.35,251.2,65.0,21.35,273.4,97.0,12.3,5.0,5.0,1.35,3.0
399-5763,45.0,0.0,211.3,87.0,35.92,165.7,97.0,14.08,265.9,72.0,11.97,13.3,6.0,3.59,1.0
399-6233,108.0,0.0,112.0,105.0,19.04,193.7,110.0,16.46,208.9,93.0,9.4,4.1,4.0,2.92,4.0
399-6259,78.0,0.0,147.1,80.0,25.01,199.7,100.0,16.97,160.7,106.0,7.23,13.7,7.0,3.7,0.0
399-6642,41.0,30.0,191.7,109.0,32.59,193.0,86.0,16.41,149.4,93.0,6.72,10.9,4.0,3.0,1.0
399-6786,63.0,0.0,83.0,64.0,14.11,177.0,106.0,15.05,245.7,89.0,11.06,13.0,3.0,3.51,0.0
399-6852,86.0,0.0,83.8,121.0,14.25,240.2,96.0,20.42,158.6,108.0,7.14,6.7,8.0,1.81,1.0
399-7029,77.0,29.0,235.3,89.0,35.89,223.5,97.0,19.0,148.4,106.0,6.68,9.7,9.0,2.62,2.0
399-7268,139.0,0.0,236.6,109.0,40.22,169.9,107.0,23.23,212.3,118.0,9.55,10.9,2.0,3.0,1.0
399-7865,93.0,0.0,271.6,71.0,46.17,229.4,108.0,19.5,77.3,121.0,3.48,10.9,3.0,2.94,2.0
399-8615,108.0,35.0,215.9,106.0,36.7,200.6,107.0,17.05,195.4,107.0,8.79,15.5,7.0,4.19,0.0
399-8845,110.0,38.0,236.3,102.0,40.17,195.9,112.0,16.65,183.5,82.0,8.26,9.7,6.0,2.62,1.0
399-8846,153.0,0.0,228.9,102.0,38.91,160.7,136.0,13.66,203.1,109.0,9.14,12.5,2.0,3.38,0.0
399-8859,115.0,0.0,109.7,148.0,18.65,223.8,87.0,19.02,240.3,96.0,10.81,15.4,8.0,4.16,3.0
399-9239,169.0,0.0,235.7,79.0,40.07,136.9,85.0,11.64,220.9,97.0,9.94,13.3,10.0,3.59,1.0
399-9802,81.0,28.0,167.9,147.0,28.54,190.7,105.0,16.21,193.0,103.0,8.69,9.2,6.0,2.48,4.0
400-1280,127.0,27.0,140.1,59.0,23.82,223.4,100.0,18.99,257.9,73.0,11.61,3.8,10.0,1.03,1.0
400-1367,99.0,0.0,190.4,102.0,32.37,158.1,107.0,13.44,271.5,92.0,9.1,11.2,4.0,3.02,2.0
400-1636,100.0,0.0,142.3,75.0,24.19,122.8,106.0,10.44,229.5,94.0,10.33,12.8,9.0,3.46,2.0
400-1899,159.0,0.0,114.8,98.0,19.52,192.6,101.0,16.37,259.0,108.0,11.66,12.2,5.0,3.29,0.0
400-2181,127.0,0.0,242.2,102.0,41.17,226.1,80.0,19.22,252.0,96.0,11.34,13.9,5.0,3.75,2.0
400-2203,147.0,0.0,209.4,104.0,35.6,132.5,78.0,11.26,149.4,123.0,6.72,11.3,3.0,3.05,2.0
400-2738,60.0,0.0,193.9,118.0,32.96,85.0,110.0,7.23,210.1,134.0,9.45,13.2,8.0,3.56,3.0
400-3147,82.0,19.0,146.5,73.0,24.91,246.4,65.0,20.94,199.0,114.0,8.96,4.1,4.0,2.92,1.0
400-3150,74.0,25.0,194.6,84.0,33.08,119.9,103.0,10.19,175.5,75.0,7.9,13.1,2.0,3.54,2.0
400-3197,16.0,0.0,174.7,83.0,29.7,280.8,122.0,23.87,171.7,80.0,7.73,10.5,8.0,2.84,5.0
400-3343,121.0,44.0,254.1,127.0,43.2,180.2,108.0,15.32,196.2,129.0,8.83,8.7,4.0,2.35,3.0
400-3446,82.0,0.0,200.3,96.0,34.05,201.2,102.0,17.1,206.1,60.0,9.27,7.1,1.0,1.92,4.0
400-3497,164.0,25.0,219.1,88.0,37.25,151.5,99.0,12.88,50.1,60.0,2.25,14.3,6.0,3.86,1.0
400-3637,36.0,29.0,281.4,102.0,47.84,202.2,76.0,17.19,187.2,113.0,8.42,9.0,6.0,2.43,2.0
400-3945,182.0,0.0,104.9,102.0,17.83,198.5,120.0,16.87,258.2,91.0,11.62,8.0,5.0,2.16,2.0
400-4020,131.0,0.0,166.5,129.0,28.31,210.2,107.0,17.87,257.2,93.0,11.57,9.9,5.0,2.67,1.0
400-4244,101.0,21.0,238.0,88.0,40.46,209.6,84.0,17.82,233.0,95.0,10.49,10.0,5.0,2.7,2.0
400-4344,74.0,25.0,234.4,113.0,39.85,265.9,82.0,22.6,241.4,77.0,10.86,13.7,4.0,3.7,0.0
400-4713,3.0,0.0,185.0,120.0,31.45,203.7,129.0,17.31,170.5,89.0,7.67,14.1,3.0,3.81,3.0
400-5389,80.0,0.0,101.1,121.0,17.19,263.2,110.0,22.37,137.7,74.0,6.2,7.3,5.0,1.97,0.0
400-5511,101.0,0.0,253.2,89.0,43.04,237.9,114.0,20.22,154.3,85.0,6.94,9.7,7.0,2.62,4.0
400-5751,138.0,0.0,220.2,89.0,37.43,88.3,125.0,7.51,195.3,79.0,8.79,12.9,5.0,3.48,0.0
400-5831,90.0,0.0,61.3,91.0,10.42,194.4,94.0,16.52,143.1,80.0,6.44,11.4,9.0,3.08,1.0
400-5984,108.0,0.0,215.6,78.0,36.65,195.3,119.0,16.6,194.4,65.0,8.75,3.6,5.0,0.97,1.0
400-6257,99.0,42.0,216.0,125.0,36.72,232.3,104.0,19.75,215.5,100.0,9.7,9.3,4.0,2.51,2.0
400-6454,186.0,0.0,137.8,97.0,23.43,187.7,118.0,15.95,146.4,85.0,6.59,8.7,6.0,2.35,1.0
400-6999,83.0,41.0,155.9,122.0,26.5,162.3,107.0,13.8,127.6,105.0,5.74,13.1,5.0,3.54,3.0
400-7002,76.0,0.0,273.3,66.0,46.46,263.6,121.0,22.41,165.2,84.0,7.43,12.0,7.0,3.24,1.0
400-7253,84.0,33.0,159.1,106.0,27.05,149.8,101.0,12.73,213.4,108.0,9.6,13.0,18.0,3.51,1.0
400-7280,147.0,38.0,243.4,126.0,41.38,273.8,109.0,23.27,282.9,91.0,12.73,14.1,8.0,3.81,2.0
400-7509,136.0,0.0,163.4,83.0,27.78,249.3,119.0,21.19,249.7,90.0,11.24,9.8,4.0,2.65,7.0
400-7809,70.0,0.0,129.9,102.0,22.08,208.7,133.0,17.74,231.4,93.0,10.41,14.3,3.0,3.86,1.0
400-7987,86.0,0.0,92.8,92.0,15.78,159.6,87.0,13.57,148.7,115.0,6.69,8.8,5.0,2.38,1.0
400-8069,90.0,0.0,125.4,158.0,21.32,269.1,83.0,22.87,238.6,103.0,10.74,11.0,7.0,2.97,1.0
400-8375,53.0,0.0,261.2,119.0,32.39,250.8,105.0,21.32,176.0,112.0,7.92,9.8,2.0,2.65,0.0
400-8538,95.0,0.0,228.9,134.0,38.91,255.7,71.0,21.73,208.0,120.0,9.36,10.1,2.0,2.73,4.0
400-8952,76.0,0.0,186.1,96.0,31.64,211.6,100.0,17.99,230.6,100.0,10.38,8.0,4.0,2.16,0.0
400-9510,78.0,0.0,252.9,93.0,42.99,178.4,112.0,15.16,263.9,105.0,11.88,9.5,7.0,2.57,3.0
400-9770,82.0,0.0,143.9,61.0,24.46,194.9,105.0,16.57,109.6,94.0,4.93,10.9,2.0,3.0,1.0
401-1252,77.0,0.0,239.2,114.0,40.66,150.0,115.0,12.75,160.8,81.0,7.24,10.3,2.0,2.78,5.0
401-1454,133.0,0.0,162.1,91.0,27.56,212.1,94.0,18.03,260.4,78.0,11.72,12.2,5.0,3.29,1.0
401-2468,121.0,0.0,177.2,142.0,30.12,123.5,88.0,10.5,213.2,51.0,9.59,8.4,6.0,2.27,1.0
401-2581,130.0,0.0,127.0,102.0,21.59,206.9,107.0,17.59,231.7,99.0,10.43,6.1,6.0,1.65,0.0
401-3077,204.0,0.0,205.2,145.0,34.88,154.8,95.0,13.16,191.4,77.0,8.61,14.1,5.0,3.81,3.0
401-3156,35.0,0.0,105.6,129.0,17.95,258.2,129.0,21.95,213.1,77.0,9.59,8.7,3.0,2.35,0.0
401-3170,127.0,0.0,202.1,103.0,34.36,229.4,86.0,19.5,195.2,113.0,8.78,11.5,3.0,3.11,2.0
401-3622,56.0,0.0,253.2,95.0,43.04,188.0,116.0,15.98,142.0,133.0,6.39,4.4,4.0,1.19,1.0
401-3685,99.0,39.0,126.8,94.0,21.56,293.6,115.0,24.96,174.1,91.0,7.83,8.4,4.0,2.27,0.0
401-3926,151.0,0.0,178.7,116.0,30.38,292.1,138.0,24.83,265.9,101.0,11.97,9.8,4.0,2.65,0.0
401-4007,133.0,0.0,221.1,133.0,37.59,160.2,140.0,13.62,161.8,84.0,7.28,8.4,3.0,2.27,4.0
401-4052,120.0,0.0,221.3,106.0,37.62,267.6,98.0,22.75,252.15,80.0,5.02,9.3,7.0,2.51,0.0
401-4650,11.0,0.0,143.4,130.0,24.38,289.4,50.0,24.6,194.0,100.0,8.73,9.7,6.0,2.62,2.0
401-4778,154.0,35.0,64.9,76.0,11.03,184.1,91.0,15.65,151.6,75.0,6.82,14.6,1.0,3.94,1.0
401-4844,51.0,0.0,169.3,102.0,28.78,139.5,69.0,11.86,197.0,87.0,8.87,12.0,3.0,3.24,0.0
401-5012,131.0,28.0,249.6,87.0,42.43,227.2,138.0,19.31,239.9,92.0,10.8,7.6,3.0,2.05,3.0
401-5169,169.0,0.0,147.2,115.0,25.02,161.9,123.0,13.76,142.1,103.0,6.39,7.2,6.0,1.94,3.0
401-5485,36.0,16.0,149.4,102.0,25.4,131.8,113.0,11.2,132.7,87.0,5.97,6.7,2.0,1.81,0.0
401-5586,138.0,0.0,133.9,87.0,22.76,166.4,110.0,14.14,193.5,139.0,8.71,15.4,3.0,4.16,1.0
401-5915,184.0,12.0,200.3,76.0,34.05,253.6,105.0,21.56,149.3,93.0,6.72,10.2,5.0,2.75,0.0
401-6162,3.0,36.0,118.1,117.0,20.08,221.5,125.0,18.83,103.9,89.0,4.68,11.9,6.0,3.21,2.0
401-6392,192.0,0.0,185.0,88.0,31.45,224.9,98.0,19.12,212.4,105.0,9.56,11.4,3.0,3.08,2.0
401-6671,100.0,13.0,193.1,104.0,32.83,251.6,98.0,9.49,227.4,94.0,10.23,12.1,4.0,3.27,1.0
401-6977,32.0,31.0,232.8,97.0,39.58,183.5,100.0,15.6,206.8,101.0,9.31,13.0,2.0,3.51,0.0
401-6982,29.0,0.0,313.2,103.0,53.24,216.3,151.0,18.39,218.4,106.0,9.83,12.8,4.0,3.46,2.0
401-7334,99.0,0.0,238.4,96.0,40.53,246.5,130.0,20.95,198.4,117.0,8.93,12.4,4.0,3.35,3.0
401-7335,31.0,28.0,171.8,116.0,29.21,240.7,125.0,20.46,245.5,80.0,11.05,10.6,7.0,2.86,1.0
401-7359,105.0,0.0,281.3,124.0,47.82,301.5,96.0,25.63,202.8,109.0,9.13,8.7,3.0,2.35,0.0
401-7575,141.0,0.0,151.5,104.0,25.76,242.2,114.0,20.59,304.2,109.0,13.69,10.8,2.0,2.92,1.0
401-7594,95.0,0.0,135.0,99.0,22.95,183.6,106.0,15.61,245.3,102.0,11.04,12.5,9.0,3.38,1.0
401-7654,176.0,0.0,250.9,108.0,42.65,171.4,100.0,14.57,148.6,85.0,6.69,9.6,6.0,2.59,2.0
401-7803,95.0,0.0,149.2,96.0,25.36,260.7,116.0,22.16,201.0,120.0,9.05,8.1,2.0,2.19,1.0
401-8377,69.0,0.0,167.5,76.0,28.48,242.1,92.0,20.58,101.2,103.0,4.55,11.4,4.0,3.08,2.0
401-8735,135.0,28.0,201.4,100.0,34.24,246.5,117.0,20.95,154.8,131.0,6.97,12.9,4.0,3.48,2.0
401-9420,53.0,0.0,164.1,106.0,27.9,206.0,56.0,17.51,194.7,124.0,8.76,11.4,2.0,3.08,1.0
401-9665,119.0,0.0,239.1,88.0,40.65,243.5,79.0,20.7,230.9,92.0,10.39,10.9,3.0,2.94,3.0
401-9909,113.0,23.0,149.0,104.0,25.33,235.8,67.0,20.04,201.8,76.0,9.08,9.5,5.0,2.57,4.0
402-1251,94.0,0.0,157.9,105.0,26.84,155.0,101.0,13.18,189.6,84.0,8.53,8.0,5.0,2.16,4.0
402-1381,136.0,33.0,203.9,106.0,34.66,187.6,99.0,15.95,101.7,107.0,4.58,10.5,6.0,2.84,3.0
402-1556,159.0,0.0,87.7,103.0,14.91,278.2,97.0,23.65,170.6,93.0,7.68,10.5,10.0,2.84,1.0
402-1607,115.0,16.0,235.3,110.0,22.66,185.7,100.0,15.78,161.5,113.0,7.27,5.6,4.0,1.51,2.0
402-1668,119.0,0.0,94.2,108.0,16.01,264.1,100.0,22.45,203.7,79.0,9.17,7.3,3.0,1.97,1.0
402-1725,63.0,0.0,153.5,81.0,26.1,287.3,115.0,24.42,230.2,85.0,10.36,6.5,5.0,1.76,2.0
402-1942,64.0,0.0,236.2,77.0,40.15,218.6,85.0,18.58,194.1,97.0,8.73,13.2,2.0,3.56,2.0
402-2072,70.0,0.0,214.8,87.0,36.52,131.0,114.0,23.23,216.9,104.0,9.76,9.4,3.0,2.54,3.0
402-2377,66.0,0.0,256.3,135.0,43.57,180.2,106.0,15.32,187.3,135.0,8.43,6.2,7.0,1.67,2.0
402-2482,117.0,17.0,221.3,82.0,37.62,167.6,100.0,14.25,262.7,87.0,11.82,4.4,4.0,1.19,0.0
402-2728,97.0,0.0,217.6,81.0,36.99,320.5,51.0,27.24,150.7,110.0,6.78,4.2,3.0,1.13,0.0
402-3370,141.0,32.0,322.4,92.0,54.81,283.2,107.0,24.07,209.5,101.0,9.43,6.7,3.0,1.81,1.0
402-3476,144.0,33.0,251.6,87.0,42.77,197.6,118.0,16.8,209.2,97.0,9.41,12.2,3.0,3.29,2.0
402-3599,64.0,27.0,201.3,101.0,34.22,143.8,89.0,23.23,150.2,127.0,6.76,12.3,3.0,3.32,1.0
402-3634,31.0,0.0,165.4,84.0,28.12,203.7,107.0,17.31,201.7,65.0,9.08,8.2,1.0,2.21,1.0
402-3886,66.0,35.0,190.8,100.0,32.44,261.3,93.0,23.23,209.5,108.0,9.43,8.9,6.0,2.4,0.0
402-3892,118.0,0.0,267.8,145.0,45.53,316.4,121.0,26.89,208.6,91.0,9.39,14.4,11.0,3.89,5.0
402-3908,87.0,0.0,240.0,83.0,40.8,134.1,106.0,11.4,189.1,84.0,8.51,9.3,2.0,2.51,0.0
402-4501,115.0,26.0,155.2,110.0,26.38,230.9,133.0,19.63,261.6,100.0,11.77,4.5,4.0,1.22,0.0
402-5014,28.0,0.0,236.8,102.0,40.26,167.1,87.0,14.2,280.2,115.0,12.61,9.7,3.0,2.62,3.0
402-5076,99.0,31.0,244.1,71.0,41.5,203.4,58.0,17.29,234.0,115.0,10.53,7.7,4.0,2.08,3.0
402-5155,66.0,0.0,167.3,91.0,28.44,230.0,68.0,19.55,191.7,118.0,8.63,10.6,5.0,2.86,1.0
402-5509,130.0,26.0,257.2,108.0,43.72,224.3,122.0,19.07,204.0,118.0,9.18,12.6,4.0,3.4,1.0
402-6591,123.0,0.0,206.9,85.0,35.17,244.7,78.0,20.8,221.5,136.0,9.97,7.7,2.0,2.08,3.0
402-6666,29.0,0.0,196.8,81.0,33.46,168.0,110.0,14.28,132.6,98.0,5.97,12.7,7.0,3.43,2.0
402-6744,103.0,18.0,149.9,84.0,25.48,170.9,84.0,14.53,171.5,112.0,7.72,11.5,7.0,3.11,0.0
402-7372,180.0,0.0,143.5,121.0,24.4,189.3,100.0,16.09,174.9,82.0,7.87,8.8,5.0,2.38,3.0
402-7626,73.0,0.0,214.2,90.0,36.41,196.8,78.0,16.73,157.9,112.0,7.11,5.9,8.0,1.59,0.0
402-7650,136.0,27.0,187.7,84.0,31.91,221.0,147.0,18.79,145.7,110.0,6.56,10.0,4.0,2.7,3.0
402-7746,165.0,0.0,154.2,91.0,26.21,268.6,108.0,22.83,252.15,99.0,8.5,10.9,4.0,2.94,6.0
402-8930,122.0,45.0,147.8,85.0,25.13,147.4,93.0,12.53,203.5,110.0,9.16,14.0,5.0,3.78,1.0
402-9173,99.0,0.0,174.1,102.0,29.6,99.1,118.0,8.42,211.6,126.0,9.52,7.7,2.0,2.08,2.0
402-9304,81.0,0.0,173.2,80.0,29.44,236.2,94.0,20.08,240.2,84.0,10.81,11.8,6.0,3.19,2.0
402-9558,108.0,0.0,246.2,102.0,41.85,202.4,134.0,17.2,180.1,95.0,8.1,9.4,5.0,2.54,1.0
402-9691,109.0,26.0,217.2,138.0,36.92,145.5,100.0,12.37,280.7,76.0,12.63,9.3,3.0,2.51,0.0
402-9704,102.0,0.0,186.8,92.0,31.76,173.7,123.0,14.76,250.9,131.0,11.29,9.7,4.0,2.62,2.0
402-9980,61.0,0.0,78.2,103.0,13.29,195.9,149.0,16.65,108.0,100.0,4.86,10.1,6.0,2.73,2.0
402-9982,105.0,33.0,209.6,68.0,35.63,146.9,140.0,12.49,121.0,131.0,5.44,10.6,3.0,2.86,2.0
403-1128,127.0,27.0,2.6,113.0,0.44,254.0,102.0,21.59,242.7,156.0,10.92,9.2,5.0,2.48,3.0
403-1742,193.0,31.0,71.2,58.0,12.1,124.7,105.0,10.6,252.15,108.0,7.0,11.7,3.0,3.16,0.0
403-1769,119.0,0.0,190.4,74.0,32.37,215.6,113.0,18.33,161.2,101.0,7.25,10.0,1.0,2.7,2.0
403-1953,71.0,22.0,141.4,107.0,24.04,163.0,105.0,13.86,220.0,99.0,9.9,5.6,3.0,1.51,2.0
403-2455,100.0,0.0,68.5,110.0,11.65,337.1,115.0,28.65,205.2,99.0,9.23,12.1,9.0,3.27,0.0
403-2673,113.0,20.0,157.8,83.0,26.83,161.5,56.0,13.73,271.5,100.0,9.1,8.7,2.0,2.35,5.0
403-3229,126.0,0.0,226.2,88.0,38.45,140.3,114.0,11.93,208.9,110.0,9.4,6.4,2.0,1.73,0.0
403-4200,81.0,0.0,220.8,77.0,37.54,148.5,87.0,12.62,183.9,100.0,8.28,7.6,3.0,2.05,2.0
403-4298,157.0,0.0,229.8,90.0,39.07,147.9,121.0,12.57,241.4,108.0,10.86,9.6,7.0,2.59,3.0
403-4442,105.0,0.0,156.5,102.0,26.61,140.2,134.0,11.92,227.4,101.0,10.23,12.2,2.0,3.29,2.0
403-4816,112.0,0.0,185.4,114.0,31.52,191.4,119.0,16.27,144.0,78.0,6.48,10.0,11.0,2.7,2.0
403-4917,98.0,0.0,171.7,99.0,29.19,174.8,87.0,14.86,189.6,130.0,8.53,7.8,6.0,2.11,1.0
403-5279,130.0,0.0,155.9,95.0,26.5,256.1,97.0,21.77,262.9,103.0,11.83,11.7,3.0,3.16,3.0
403-5552,84.0,42.0,214.3,112.0,36.43,188.2,107.0,16.0,252.15,117.0,15.01,11.3,10.0,3.05,0.0
403-5575,136.0,0.0,152.6,97.0,25.94,208.9,85.0,17.76,119.1,99.0,5.36,5.0,10.0,1.35,1.0
403-6187,52.0,0.0,251.4,118.0,42.74,196.6,80.0,16.71,192.0,53.0,8.64,11.0,2.0,2.97,0.0
403-6225,57.0,0.0,161.0,113.0,27.37,208.0,134.0,17.68,208.1,81.0,9.36,8.4,4.0,2.27,3.0
403-6237,57.0,30.0,179.2,105.0,30.46,283.2,83.0,24.07,228.1,77.0,10.26,14.7,5.0,3.97,1.0
403-6419,126.0,27.0,186.2,78.0,31.65,189.6,83.0,16.12,76.5,139.0,3.44,9.6,3.0,2.59,2.0
403-6565,104.0,0.0,97.2,88.0,16.52,155.6,85.0,13.23,261.6,105.0,11.77,12.4,5.0,3.35,0.0
403-6850,27.0,0.0,72.7,75.0,12.36,208.6,117.0,17.73,65.8,71.0,2.96,9.9,3.0,2.67,1.0
403-7627,35.0,27.0,241.7,87.0,41.09,142.0,101.0,12.07,288.9,68.0,13.0,9.4,4.0,2.54,1.0
403-7775,114.0,32.0,125.2,79.0,21.28,177.8,105.0,15.11,232.4,89.0,10.46,12.9,3.0,3.48,1.0
403-8904,141.0,23.0,149.7,112.0,25.45,162.5,118.0,13.81,220.3,115.0,9.91,7.6,2.0,2.05,3.0
403-8915,78.0,21.0,160.6,85.0,27.3,223.1,79.0,18.96,124.0,92.0,5.58,9.5,1.0,2.57,2.0
403-8916,68.0,0.0,213.9,112.0,36.36,260.5,100.0,22.14,233.8,97.0,10.52,8.4,3.0,2.27,1.0
403-9167,106.0,0.0,133.7,45.0,22.73,187.8,107.0,15.96,181.9,89.0,8.19,10.7,2.0,2.89,1.0
403-9199,68.0,30.0,122.9,93.0,20.89,233.5,91.0,19.85,199.5,144.0,8.98,9.6,2.0,2.59,2.0
403-9417,16.0,0.0,209.5,89.0,35.62,172.8,85.0,14.69,94.1,102.0,4.23,8.8,4.0,2.38,1.0
403-9468,122.0,37.0,163.0,107.0,27.71,312.8,118.0,26.59,252.15,85.0,9.0,11.6,5.0,3.13,1.0
403-9719,113.0,0.0,128.7,100.0,21.88,227.1,67.0,19.3,178.1,135.0,8.01,9.2,4.0,2.48,2.0
403-9733,68.0,0.0,148.8,70.0,25.3,246.5,164.0,20.95,129.8,103.0,5.84,12.1,3.0,3.27,3.0
403-9766,139.0,0.0,271.6,130.0,46.17,156.0,131.0,13.26,136.3,108.0,6.13,11.6,9.0,3.13,2.0
404-1002,148.0,38.0,209.2,110.0,35.56,116.6,73.0,9.91,109.6,105.0,4.93,16.5,4.0,4.46,2.0
404-1931,76.0,0.0,143.7,55.0,24.43,173.1,108.0,14.71,239.1,95.0,10.76,5.8,6.0,1.57,1.0
404-2871,85.0,0.0,183.4,102.0,31.18,168.8,98.0,14.35,199.7,97.0,8.99,9.9,4.0,2.67,4.0
404-2877,118.0,0.0,154.8,71.0,26.32,244.0,73.0,20.74,159.6,81.0,7.18,12.8,4.0,3.46,0.0
404-2942,75.0,0.0,138.5,110.0,23.55,153.2,86.0,13.02,215.6,103.0,9.7,10.9,7.0,3.0,1.0
404-3105,92.0,44.0,152.0,95.0,25.84,274.9,73.0,23.37,162.4,121.0,7.31,10.0,1.0,2.7,2.0
404-3106,109.0,0.0,268.4,85.0,45.63,150.6,131.0,12.8,297.9,84.0,13.41,9.7,8.0,2.62,2.0
404-3211,96.0,0.0,160.2,117.0,27.23,267.5,67.0,22.74,228.5,68.0,10.28,9.3,5.0,2.51,2.0
404-3238,129.0,27.0,196.6,89.0,33.42,180.6,95.0,15.35,245.0,83.0,11.03,6.6,5.0,1.78,1.0
404-3592,66.0,0.0,207.7,85.0,35.31,196.7,112.0,16.72,261.7,83.0,11.78,6.8,3.0,1.84,1.0
404-4421,107.0,0.0,167.3,100.0,28.44,163.9,79.0,13.93,185.9,100.0,8.37,6.7,5.0,1.81,2.0
404-4481,67.0,0.0,210.7,116.0,35.82,219.2,86.0,18.63,179.7,83.0,8.09,7.2,6.0,1.94,1.0
404-4486,163.0,0.0,122.4,129.0,20.81,113.4,108.0,9.64,180.2,97.0,8.11,12.5,7.0,3.38,1.0
404-4611,152.0,0.0,101.2,122.0,17.2,141.6,87.0,12.04,198.5,124.0,8.93,7.5,3.0,2.03,2.0
404-4809,93.0,0.0,271.1,101.0,46.09,237.4,133.0,20.18,145.4,103.0,6.54,8.4,6.0,2.27,1.0
404-5057,83.0,38.0,107.9,90.0,18.34,140.4,94.0,11.93,253.6,79.0,11.41,10.5,2.0,2.84,0.0
404-5283,106.0,29.0,83.6,131.0,14.21,203.9,131.0,17.33,229.5,73.0,10.33,8.1,3.0,2.19,1.0
404-5387,47.0,28.0,141.3,94.0,24.02,168.0,108.0,14.28,113.5,84.0,5.11,7.8,2.0,2.11,1.0
404-5427,30.0,0.0,145.0,76.0,24.65,240.7,112.0,20.46,197.1,134.0,8.87,7.1,4.0,1.92,3.0
404-5597,19.0,0.0,201.5,123.0,34.26,129.2,110.0,10.98,220.6,98.0,9.93,12.9,4.0,3.48,1.0
404-5840,170.0,42.0,199.5,119.0,33.92,135.0,90.0,11.48,184.6,49.0,8.31,10.9,3.0,2.94,4.0
404-6337,115.0,0.0,166.5,102.0,28.31,236.2,98.0,20.08,205.6,92.0,9.25,15.6,2.0,4.21,1.0
404-6357,105.0,24.0,274.7,99.0,46.7,193.5,118.0,16.45,299.6,109.0,13.48,10.8,3.0,2.92,3.0
404-7518,67.0,0.0,215.5,102.0,36.64,190.7,95.0,16.21,214.5,106.0,9.65,8.6,6.0,2.32,1.0
404-8765,119.0,0.0,98.8,97.0,16.8,146.9,68.0,12.49,190.7,105.0,8.58,10.0,4.0,2.7,3.0
404-9348,58.0,43.0,142.8,96.0,24.28,272.3,100.0,23.15,193.4,105.0,8.7,8.9,4.0,2.4,1.0
404-9504,112.0,23.0,286.6,79.0,48.72,315.3,102.0,26.8,193.9,101.0,8.73,10.3,6.0,2.78,1.0
404-9539,63.0,0.0,149.3,104.0,25.38,273.6,75.0,23.26,206.6,72.0,9.3,9.1,4.0,2.46,0.0
404-9680,32.0,0.0,230.9,87.0,39.25,187.4,90.0,15.93,154.0,53.0,6.93,6.3,2.0,1.7,0.0
404-9754,125.0,0.0,163.8,73.0,27.85,255.6,85.0,21.73,192.9,95.0,8.68,15.7,4.0,4.24,0.0
404-9775,46.0,0.0,40.4,105.0,6.87,172.4,83.0,14.65,145.1,89.0,6.53,9.0,2.0,2.43,2.0
404-9978,100.0,36.0,96.8,123.0,16.46,170.6,105.0,14.5,166.0,85.0,7.47,13.4,4.0,3.62,2.0
405-1108,105.0,0.0,273.9,119.0,46.56,278.6,103.0,23.68,255.3,90.0,11.49,10.9,7.0,2.94,1.0
405-1132,86.0,0.0,217.8,93.0,37.03,214.7,95.0,18.25,228.7,70.0,10.29,11.3,7.0,3.05,0.0
405-1370,60.0,0.0,180.3,67.0,30.65,208.0,68.0,17.68,181.2,101.0,8.15,12.8,6.0,3.46,2.0
405-1589,27.0,0.0,227.4,67.0,38.66,248.0,115.0,21.08,61.4,109.0,2.76,7.8,6.0,2.11,1.0
405-1780,101.0,0.0,209.6,107.0,35.63,228.8,96.0,19.45,172.4,85.0,7.76,7.6,2.0,2.05,3.0
405-1821,125.0,0.0,224.9,102.0,38.23,143.8,87.0,23.23,198.9,105.0,8.95,8.0,2.0,2.16,0.0
405-1842,86.0,31.0,167.6,139.0,28.49,113.0,118.0,9.61,246.9,121.0,9.1,12.2,6.0,3.29,1.0
405-2209,138.0,0.0,268.4,81.0,45.63,174.4,115.0,14.82,193.5,96.0,8.71,11.6,4.0,3.13,1.0
405-2276,116.0,0.0,159.4,79.0,27.1,179.5,88.0,15.26,167.8,71.0,7.55,9.7,2.0,2.62,6.0
405-2653,109.0,0.0,180.0,100.0,30.6,229.0,103.0,19.47,139.4,105.0,6.27,7.8,8.0,2.11,3.0
405-2831,48.0,0.0,210.8,84.0,35.84,189.6,98.0,16.12,157.6,99.0,7.09,16.4,3.0,4.43,2.0
405-2888,67.0,36.0,115.6,102.0,19.65,237.7,94.0,20.2,169.9,103.0,7.65,9.9,12.0,2.67,2.0
405-3097,65.0,0.0,245.7,139.0,41.77,241.9,113.0,20.56,285.3,117.0,12.84,4.2,5.0,1.13,4.0
405-3309,127.0,0.0,245.2,91.0,41.68,217.2,92.0,18.46,243.1,128.0,10.94,13.9,6.0,3.75,0.0
405-3335,132.0,15.0,154.6,128.0,26.28,245.6,106.0,20.88,148.6,90.0,6.69,9.1,4.0,2.46,1.0
405-3371,116.0,34.0,268.6,83.0,45.66,178.2,142.0,15.15,166.3,106.0,7.48,11.6,3.0,3.13,2.0
405-3533,93.0,0.0,146.3,85.0,24.87,216.6,95.0,18.41,233.0,82.0,10.49,11.5,3.0,3.11,0.0
405-3848,132.0,0.0,214.6,78.0,36.48,251.7,98.0,21.39,240.8,88.0,10.84,13.9,2.0,3.75,0.0
405-3916,92.0,0.0,154.0,122.0,26.18,329.8,88.0,28.03,288.0,117.0,12.96,5.6,2.0,1.51,3.0
405-4109,105.0,28.0,156.1,89.0,26.54,107.1,114.0,9.1,167.7,95.0,7.55,14.7,3.0,3.97,0.0
405-4303,87.0,0.0,198.3,80.0,33.71,187.0,89.0,15.9,133.5,96.0,6.01,16.6,4.0,4.48,2.0
405-4420,80.0,15.0,159.3,110.0,27.08,170.6,120.0,14.5,141.2,82.0,6.35,11.9,5.0,3.21,1.0
405-4606,92.0,31.0,172.3,116.0,29.29,266.2,91.0,22.63,228.2,90.0,10.27,11.8,5.0,3.19,1.0
405-4920,109.0,0.0,264.7,69.0,45.0,305.0,120.0,25.93,197.4,86.0,9.1,9.5,9.0,2.57,1.0
405-5083,120.0,27.0,128.5,115.0,21.85,163.7,91.0,13.91,242.9,121.0,10.93,0.0,0.0,0.0,1.0
405-5305,16.0,0.0,229.6,78.0,39.03,205.7,108.0,17.48,166.2,91.0,7.48,10.8,2.0,2.92,0.0
405-5403,147.0,0.0,225.2,102.0,38.28,184.9,98.0,15.72,143.2,146.0,6.44,9.9,1.0,2.67,0.0
405-5513,88.0,0.0,85.7,112.0,14.57,221.6,70.0,18.84,190.6,75.0,8.58,11.6,3.0,3.13,4.0
405-5681,116.0,0.0,173.5,93.0,29.5,194.1,76.0,16.5,208.0,112.0,9.36,16.2,10.0,4.37,3.0
405-6189,97.0,0.0,256.4,125.0,43.59,273.9,100.0,23.28,252.15,101.0,10.02,10.9,1.0,3.0,1.0
405-6298,132.0,0.0,117.6,66.0,32.39,214.0,108.0,18.19,239.5,94.0,10.78,8.8,5.0,2.38,1.0
405-6398,145.0,30.0,175.3,107.0,29.8,153.3,116.0,13.03,233.6,85.0,10.51,10.9,3.0,3.0,1.0
405-6559,145.0,0.0,229.6,82.0,39.03,138.1,103.0,11.74,250.8,109.0,11.29,3.3,3.0,0.89,1.0
405-6641,136.0,0.0,92.0,117.0,15.64,253.6,77.0,21.56,214.1,90.0,9.63,10.3,10.0,2.78,1.0
405-6943,64.0,0.0,224.8,102.0,38.22,190.0,101.0,16.15,221.4,110.0,9.96,9.2,2.0,2.48,1.0
405-7119,156.0,27.0,192.3,137.0,32.69,251.6,115.0,16.99,244.2,112.0,10.99,14.8,8.0,4.0,1.0
405-7146,97.0,24.0,133.2,135.0,22.64,217.2,58.0,18.46,70.6,79.0,3.18,11.0,3.0,2.97,1.0
405-7204,82.0,34.0,232.6,121.0,39.54,153.2,115.0,13.02,286.7,77.0,12.9,4.7,3.0,1.27,3.0
405-7467,112.0,0.0,168.6,102.0,28.66,298.0,117.0,25.33,194.7,110.0,8.76,9.8,5.0,2.65,1.0
405-7542,114.0,0.0,193.0,101.0,32.81,250.0,81.0,21.25,252.15,79.0,6.0,9.6,2.0,2.59,2.0
405-7676,146.0,0.0,149.3,83.0,25.38,187.1,130.0,15.9,149.8,100.0,6.74,7.9,4.0,2.13,7.0
405-7850,54.0,39.0,143.9,73.0,24.46,210.3,117.0,17.88,129.2,117.0,5.81,12.5,8.0,3.38,2.0
405-7904,185.0,30.0,154.1,114.0,26.2,118.7,106.0,10.09,258.4,105.0,11.63,12.9,3.0,3.48,2.0
405-8075,88.0,0.0,148.2,82.0,25.19,308.7,67.0,26.24,235.4,79.0,10.59,6.4,4.0,1.73,2.0
405-8370,30.0,0.0,169.9,144.0,32.39,225.2,118.0,19.14,169.7,93.0,7.64,11.4,7.0,3.08,1.0
405-8753,63.0,0.0,207.6,96.0,35.29,229.0,112.0,19.47,162.6,131.0,7.32,13.3,2.0,3.59,1.0
405-8867,36.0,0.0,253.4,77.0,43.08,182.4,151.0,15.5,275.8,103.0,12.41,8.4,2.0,2.27,1.0
405-9217,48.0,0.0,190.4,92.0,32.37,317.5,85.0,26.99,133.4,113.0,6.0,8.3,4.0,2.24,2.0
405-9233,70.0,0.0,7.9,100.0,1.34,136.4,83.0,11.59,156.6,89.0,7.05,12.1,1.0,3.27,0.0
405-9384,153.0,28.0,235.6,74.0,40.05,227.9,37.0,19.37,170.3,103.0,7.66,15.4,9.0,4.16,0.0
405-9496,118.0,0.0,187.4,97.0,31.86,177.8,89.0,15.11,233.4,97.0,10.5,12.2,6.0,3.29,1.0
405-9573,85.0,0.0,235.3,88.0,24.55,264.6,105.0,22.49,185.4,94.0,8.34,9.9,3.0,2.67,1.0
405-9864,75.0,0.0,235.3,121.0,18.99,237.3,119.0,20.17,253.5,110.0,11.41,13.1,6.0,3.54,1.0
406-1247,42.0,32.0,163.8,80.0,27.85,177.8,123.0,15.11,190.4,106.0,8.57,8.1,5.0,2.19,0.0
406-1349,161.0,0.0,189.6,78.0,32.23,267.4,117.0,22.73,184.5,137.0,8.3,1.3,6.0,0.35,1.0
406-1730,90.0,0.0,157.9,72.0,26.84,234.0,93.0,19.89,210.0,86.0,9.45,12.2,5.0,3.29,2.0
406-2032,105.0,0.0,115.5,73.0,19.64,267.3,83.0,22.72,114.2,90.0,5.14,13.3,5.0,3.59,3.0
406-2213,105.0,0.0,147.7,103.0,25.11,251.6,78.0,18.93,163.5,102.0,7.36,12.8,3.0,3.46,2.0
406-2242,98.0,0.0,217.2,121.0,36.92,303.4,73.0,25.79,197.1,71.0,8.87,12.4,2.0,3.35,0.0
406-2454,51.0,0.0,181.5,108.0,30.86,196.9,87.0,16.74,187.2,119.0,8.42,10.3,2.0,2.78,1.0
406-2678,104.0,0.0,200.2,92.0,34.03,118.7,87.0,10.09,236.6,65.0,10.65,6.0,6.0,1.62,2.0
406-2752,79.0,0.0,152.2,112.0,25.87,177.2,132.0,15.06,96.4,87.0,4.34,5.3,3.0,1.43,1.0
406-2866,96.0,0.0,276.9,105.0,47.07,246.9,94.0,20.99,254.4,107.0,11.45,10.3,3.0,2.78,1.0
406-3069,56.0,0.0,162.3,99.0,27.59,149.1,78.0,12.67,252.15,115.0,11.5,14.8,1.0,4.0,4.0
406-3890,50.0,0.0,258.1,106.0,43.88,161.4,106.0,13.72,225.1,110.0,10.13,11.7,5.0,3.16,1.0
406-4100,81.0,0.0,324.7,48.0,55.2,236.4,82.0,20.09,187.6,78.0,8.44,13.1,5.0,3.54,0.0
406-4158,134.0,0.0,7.8,86.0,1.33,171.4,100.0,14.57,186.5,80.0,8.39,12.9,2.0,3.48,2.0
406-4560,113.0,0.0,204.3,82.0,34.73,251.6,115.0,16.05,139.4,97.0,6.27,9.2,7.0,2.48,1.0
406-4588,114.0,0.0,169.6,85.0,28.83,58.9,86.0,5.01,179.3,124.0,8.07,7.4,8.0,2.0,1.0
406-4604,82.0,0.0,208.8,101.0,35.5,213.7,87.0,18.16,175.1,86.0,7.88,12.4,6.0,3.35,3.0
406-4710,141.0,36.0,187.5,99.0,31.88,241.4,116.0,20.52,229.5,105.0,10.33,10.5,5.0,2.84,3.0
406-4720,132.0,0.0,121.5,88.0,20.66,253.0,124.0,21.51,195.7,120.0,8.81,10.7,4.0,2.89,1.0
406-4768,101.0,17.0,193.9,71.0,32.96,189.8,81.0,16.13,196.3,97.0,8.83,12.6,7.0,3.4,0.0
406-4840,95.0,20.0,165.7,78.0,28.17,215.6,94.0,18.33,243.3,91.0,10.95,9.8,6.0,2.65,0.0
406-5003,75.0,0.0,203.3,70.0,34.56,228.9,97.0,19.46,252.15,118.0,10.0,14.3,3.0,3.86,1.0
406-5023,93.0,0.0,164.5,95.0,27.97,230.9,87.0,19.63,149.9,91.0,6.75,9.9,3.0,2.67,4.0
406-5059,125.0,36.0,201.3,117.0,34.22,42.2,78.0,3.59,125.7,104.0,5.66,5.4,3.0,1.46,1.0
406-5532,138.0,33.0,155.2,139.0,26.38,268.3,79.0,22.81,186.4,71.0,8.39,9.7,4.0,2.62,3.0
406-5584,93.0,0.0,98.4,78.0,16.73,249.6,129.0,21.22,248.2,114.0,9.1,14.2,4.0,3.83,1.0
406-5710,80.0,0.0,194.8,116.0,33.12,209.9,93.0,17.84,194.1,100.0,8.73,12.8,3.0,3.46,0.0
406-5870,169.0,0.0,57.1,98.0,9.71,199.7,78.0,16.97,274.7,103.0,12.36,6.5,6.0,1.76,3.0
406-6304,181.0,0.0,229.9,130.0,39.08,251.6,93.0,12.27,262.4,110.0,11.81,14.2,4.0,3.83,2.0
406-6400,125.0,0.0,182.3,64.0,30.99,139.8,121.0,11.88,171.6,96.0,7.72,11.6,7.0,3.13,2.0
406-6669,115.0,29.0,235.3,81.0,37.84,190.3,109.0,16.18,201.2,87.0,9.05,11.5,2.0,3.11,1.0
406-6708,67.0,0.0,167.8,91.0,28.53,167.7,69.0,14.25,110.3,71.0,4.96,8.4,12.0,2.27,1.0
406-7261,99.0,0.0,145.6,106.0,24.75,98.3,106.0,8.36,230.8,83.0,10.39,10.9,5.0,2.94,1.0
406-7643,100.0,32.0,125.2,123.0,21.28,230.9,101.0,19.63,192.0,106.0,8.64,12.6,9.0,3.4,3.0
406-7670,143.0,0.0,155.4,112.0,26.42,290.9,92.0,24.73,228.4,91.0,10.28,13.9,5.0,3.75,1.0
406-7726,130.0,0.0,124.3,70.0,21.13,270.7,99.0,23.01,239.5,83.0,10.78,3.5,6.0,0.95,0.0
406-7737,122.0,40.0,216.4,80.0,36.79,249.7,90.0,21.22,185.9,99.0,8.37,12.7,4.0,3.43,1.0
406-7844,148.0,0.0,279.3,104.0,47.48,201.6,87.0,17.14,280.8,99.0,12.64,7.9,2.0,2.13,2.0
406-8037,82.0,0.0,154.0,107.0,26.18,94.4,114.0,8.02,287.6,95.0,12.94,10.1,7.0,2.73,1.0
406-8324,131.0,30.0,174.0,118.0,29.58,205.3,81.0,17.45,218.2,90.0,9.82,6.7,3.0,1.81,1.0
406-8445,58.0,22.0,224.1,127.0,38.1,238.8,85.0,20.3,174.2,86.0,7.84,11.5,7.0,3.11,2.0
406-8465,132.0,0.0,195.1,100.0,33.17,148.8,95.0,12.65,224.5,117.0,10.1,6.7,2.0,1.81,0.0
406-8599,123.0,0.0,211.0,92.0,35.87,217.0,102.0,18.45,214.8,104.0,9.67,9.8,7.0,2.65,3.0
406-8665,84.0,35.0,207.5,138.0,35.28,201.0,116.0,17.09,164.5,107.0,7.4,7.5,16.0,2.03,4.0
406-8809,177.0,0.0,232.8,106.0,39.58,175.2,97.0,14.89,212.2,77.0,9.55,12.5,7.0,3.38,2.0
406-8995,131.0,0.0,122.3,83.0,20.79,118.8,94.0,10.1,147.9,95.0,9.1,13.7,3.0,3.7,3.0
406-9926,64.0,0.0,225.3,134.0,38.3,108.2,87.0,9.2,139.6,132.0,6.28,17.3,9.0,4.67,1.0
407-1896,99.0,0.0,191.2,110.0,32.5,163.9,102.0,13.93,243.6,114.0,10.96,14.1,3.0,3.81,1.0
407-2081,143.0,24.0,186.6,69.0,31.72,251.6,116.0,18.87,234.9,138.0,10.57,11.6,5.0,3.13,1.0
407-2248,136.0,31.0,143.1,88.0,24.33,236.6,65.0,20.11,227.8,120.0,10.25,11.4,5.0,3.08,2.0
407-2259,107.0,0.0,235.3,101.0,37.79,286.0,100.0,24.31,249.4,117.0,11.22,12.1,4.0,3.27,1.0
407-2292,101.0,0.0,153.8,89.0,26.15,234.0,89.0,19.89,196.3,77.0,8.83,11.6,2.0,3.13,4.0
407-2441,153.0,0.0,122.5,145.0,20.83,273.3,103.0,23.23,197.8,71.0,8.9,8.0,3.0,2.16,2.0
407-2718,48.0,0.0,240.0,88.0,40.8,141.0,117.0,11.99,128.9,137.0,5.8,7.1,9.0,1.92,1.0
407-2750,66.0,0.0,201.3,95.0,34.22,152.8,66.0,12.99,233.2,101.0,10.49,7.5,4.0,2.03,1.0
407-3121,100.0,0.0,218.8,125.0,37.2,148.3,102.0,12.61,277.8,97.0,12.5,9.7,6.0,2.62,1.0
407-3949,100.0,0.0,78.3,119.0,13.31,198.2,94.0,16.85,248.5,94.0,9.1,12.1,4.0,3.27,1.0
407-5056,65.0,0.0,158.8,53.0,27.0,188.5,132.0,16.02,189.3,87.0,8.52,9.8,4.0,2.65,2.0
407-5774,81.0,24.0,130.1,117.0,22.12,196.0,61.0,23.23,139.3,123.0,6.27,11.4,5.0,3.08,0.0
407-6391,64.0,0.0,213.5,93.0,36.3,251.6,114.0,14.16,122.0,78.0,5.49,14.1,3.0,3.81,3.0
407-6748,90.0,29.0,150.1,109.0,25.52,264.7,103.0,22.5,178.4,97.0,8.03,5.8,4.0,1.57,1.0
407-7035,63.0,0.0,58.9,125.0,10.01,169.6,59.0,14.42,211.4,88.0,9.51,9.4,3.0,2.54,1.0
407-7258,54.0,0.0,190.5,108.0,32.39,259.7,108.0,22.07,141.5,101.0,6.37,9.7,2.0,2.62,2.0
407-7464,148.0,0.0,208.4,120.0,35.43,174.4,99.0,14.82,310.7,105.0,13.98,11.2,4.0,3.02,1.0
407-7507,106.0,31.0,197.4,125.0,33.56,123.4,110.0,10.49,115.6,101.0,5.2,12.3,4.0,3.32,3.0
407-8012,3.0,0.0,161.0,96.0,27.37,244.9,82.0,20.82,180.8,103.0,8.14,7.7,6.0,2.08,1.0
407-8376,94.0,0.0,137.5,118.0,23.38,203.2,88.0,17.27,150.0,131.0,6.75,13.4,2.0,3.62,0.0
407-8575,76.0,0.0,204.0,69.0,34.68,225.1,110.0,19.13,240.3,85.0,10.81,9.6,5.0,2.59,1.0
407-9244,44.0,0.0,143.2,77.0,24.34,169.8,114.0,14.43,215.8,77.0,9.71,7.6,4.0,2.05,1.0
407-9290,72.0,0.0,177.1,97.0,30.11,184.7,105.0,15.7,174.1,94.0,7.83,8.0,6.0,2.16,1.0
407-9830,72.0,0.0,272.4,88.0,46.31,107.9,125.0,9.17,185.5,81.0,8.35,12.7,2.0,3.43,0.0
407-9841,100.0,0.0,152.2,114.0,25.87,137.2,102.0,11.66,185.9,97.0,8.37,9.8,3.0,2.65,0.0
408-1242,97.0,43.0,121.1,105.0,20.59,260.2,115.0,22.12,252.15,100.0,10.01,8.3,5.0,2.24,3.0
408-1331,6.0,0.0,226.5,93.0,38.51,152.1,122.0,12.93,164.4,98.0,7.4,9.4,4.0,2.54,3.0
408-1340,138.0,29.0,190.1,87.0,32.32,223.2,123.0,18.97,256.2,130.0,11.53,14.2,6.0,3.83,0.0
408-1486,201.0,21.0,192.0,97.0,32.64,239.1,81.0,20.32,116.1,125.0,5.22,15.1,3.0,4.08,1.0
408-1513,37.0,0.0,199.5,107.0,33.92,207.5,110.0,17.64,83.9,123.0,3.78,8.1,4.0,2.19,2.0
408-1913,82.0,0.0,266.9,83.0,45.37,229.7,74.0,19.52,251.7,99.0,11.33,11.0,6.0,2.97,3.0
408-2002,15.0,0.0,121.1,130.0,20.59,216.0,86.0,18.36,235.1,33.0,10.58,16.1,5.0,4.35,2.0
408-2089,172.0,0.0,169.8,123.0,28.87,183.1,94.0,15.56,395.0,72.0,9.1,12.7,7.0,3.43,2.0
408-2119,200.0,0.0,128.2,87.0,21.79,133.2,105.0,11.32,177.6,123.0,7.99,11.2,2.0,3.02,1.0
408-2621,48.0,0.0,188.4,63.0,32.03,165.9,89.0,14.1,205.7,71.0,9.26,13.2,2.0,3.56,1.0
408-2712,129.0,0.0,192.9,131.0,32.79,185.5,101.0,15.77,205.2,130.0,9.23,10.9,4.0,2.94,1.0
408-3262,92.0,0.0,184.7,60.0,31.4,262.0,73.0,23.23,239.5,120.0,10.78,12.3,6.0,3.32,2.0
408-3269,48.0,0.0,275.2,67.0,46.78,180.2,108.0,15.32,159.0,110.0,7.15,7.9,2.0,2.13,1.0
408-3384,81.0,0.0,153.5,99.0,26.1,197.6,102.0,16.8,198.5,86.0,8.93,6.3,2.0,1.7,2.0
408-3532,194.0,0.0,48.4,101.0,8.23,281.1,138.0,23.89,218.5,87.0,9.83,18.2,1.0,4.91,1.0
408-3606,21.0,0.0,225.0,110.0,38.25,244.2,100.0,20.76,221.2,93.0,9.95,10.7,4.0,2.89,0.0
408-3610,77.0,23.0,209.7,73.0,35.65,183.6,63.0,15.61,205.5,101.0,9.25,7.1,3.0,1.92,2.0
408-3977,1.0,0.0,144.8,107.0,24.62,112.5,66.0,9.56,218.7,79.0,9.84,13.8,3.0,3.73,1.0
408-4142,106.0,0.0,213.9,95.0,36.36,151.9,70.0,12.91,260.1,124.0,11.7,12.2,5.0,3.29,3.0
408-4174,77.0,0.0,163.0,112.0,27.71,219.1,89.0,18.62,233.4,66.0,10.5,6.7,3.0,1.81,2.0
408-4195,130.0,0.0,154.2,119.0,26.21,110.2,98.0,9.37,227.4,117.0,10.23,9.2,5.0,2.48,2.0
408-4323,149.0,0.0,237.6,79.0,40.39,192.4,107.0,16.35,207.4,101.0,9.33,9.1,9.0,2.46,0.0
408-4529,48.0,22.0,152.0,63.0,25.84,258.8,131.0,22.0,263.2,109.0,11.84,15.7,5.0,4.24,2.0
408-4530,63.0,32.0,30.9,113.0,5.25,187.0,113.0,15.9,230.8,101.0,10.39,8.6,7.0,2.32,1.0
408-4836,93.0,0.0,328.1,106.0,55.78,151.7,89.0,12.89,303.5,114.0,13.66,8.7,3.0,2.35,1.0
408-4865,56.0,0.0,121.6,84.0,20.67,165.3,115.0,14.05,243.9,95.0,10.98,8.9,2.0,2.4,1.0
408-4870,88.0,25.0,288.5,114.0,49.05,203.4,74.0,17.29,228.4,117.0,10.28,13.0,5.0,3.51,1.0
408-4911,116.0,0.0,129.4,84.0,22.0,157.3,89.0,13.37,215.5,77.0,9.7,13.3,3.0,3.59,0.0
408-5183,93.0,32.0,138.1,91.0,23.48,167.3,72.0,14.22,238.9,115.0,10.75,6.8,3.0,1.84,2.0
408-5322,19.0,0.0,259.4,116.0,44.1,269.7,109.0,22.92,175.3,130.0,7.89,9.5,3.0,2.57,1.0
408-5601,112.0,31.0,225.2,89.0,38.28,256.8,117.0,21.83,249.7,87.0,11.24,11.5,1.0,3.11,4.0
408-5916,78.0,0.0,87.0,102.0,14.79,193.6,64.0,16.46,205.8,120.0,9.26,11.0,5.0,2.97,0.0
408-6089,81.0,33.0,161.6,117.0,27.47,123.0,90.0,10.46,261.3,101.0,11.76,12.2,5.0,3.29,1.0
408-6266,116.0,0.0,197.9,84.0,33.64,168.1,113.0,14.29,239.8,145.0,10.79,12.0,6.0,3.24,1.0
408-6302,54.0,0.0,273.8,113.0,46.55,119.6,156.0,10.17,267.6,117.0,12.04,11.7,3.0,3.16,1.0
408-6305,66.0,0.0,170.5,103.0,28.99,254.3,77.0,21.62,197.3,138.0,9.1,10.5,2.0,2.84,2.0
408-6326,76.0,0.0,263.4,148.0,44.78,230.3,69.0,19.58,170.6,101.0,7.68,11.4,5.0,3.08,1.0
408-6496,118.0,23.0,289.5,52.0,49.22,251.6,100.0,14.16,119.1,88.0,5.36,9.5,4.0,2.57,1.0
408-6621,176.0,0.0,223.2,76.0,37.94,214.4,131.0,18.22,154.4,80.0,6.95,10.1,2.0,2.73,3.0
408-6676,60.0,0.0,221.1,106.0,37.59,178.6,48.0,15.18,202.7,90.0,9.12,7.4,3.0,2.0,1.0
408-6725,63.0,0.0,211.8,84.0,36.01,230.9,137.0,19.63,217.1,99.0,9.77,10.7,9.0,2.89,3.0
408-7015,89.0,0.0,89.5,66.0,15.22,179.3,104.0,15.24,225.1,116.0,10.13,12.3,1.0,3.32,3.0
408-8269,147.0,35.0,197.3,134.0,33.54,141.1,99.0,11.99,212.1,90.0,9.54,10.1,4.0,2.73,2.0
408-8650,134.0,0.0,205.3,122.0,34.9,240.5,155.0,20.44,179.1,107.0,8.06,5.0,9.0,1.35,1.0
408-8910,130.0,0.0,139.1,72.0,23.65,246.0,112.0,20.91,207.2,121.0,9.32,11.4,9.0,3.08,5.0
408-9463,94.0,0.0,174.0,85.0,29.58,241.1,114.0,20.49,207.8,94.0,9.35,7.9,1.0,2.13,1.0
408-9572,121.0,31.0,263.1,70.0,44.73,279.3,118.0,23.74,127.1,143.0,5.72,9.7,4.0,2.62,5.0
408-9779,131.0,0.0,110.9,74.0,18.85,115.6,90.0,9.83,190.5,114.0,8.57,15.8,9.0,4.27,1.0
409-1244,112.0,36.0,113.7,117.0,19.33,157.5,82.0,13.39,177.6,118.0,7.99,10.0,3.0,2.7,2.0
409-1856,62.0,0.0,321.1,105.0,54.59,265.5,122.0,22.57,180.5,72.0,8.12,11.5,2.0,3.11,4.0
409-2111,62.0,0.0,147.1,91.0,25.01,190.4,107.0,16.18,195.2,115.0,8.78,12.2,3.0,3.29,0.0
409-2412,106.0,0.0,208.3,89.0,35.41,169.4,67.0,14.4,102.0,90.0,4.59,15.9,4.0,4.29,3.0
409-2917,92.0,0.0,255.8,125.0,43.49,142.7,100.0,12.13,181.2,101.0,8.15,11.7,3.0,3.16,0.0
409-2983,58.0,0.0,247.2,116.0,42.02,303.7,103.0,25.81,105.4,94.0,4.74,9.3,2.0,2.51,2.0
409-3018,95.0,0.0,142.5,109.0,24.23,176.1,107.0,14.97,189.6,88.0,8.53,8.2,3.0,2.21,2.0
409-3353,190.0,0.0,182.2,101.0,30.97,212.3,95.0,18.05,233.0,123.0,10.49,9.3,4.0,2.51,2.0
409-3428,48.0,27.0,141.1,109.0,23.99,224.7,94.0,19.1,174.3,122.0,7.84,13.2,2.0,3.56,1.0
409-3520,19.0,34.0,156.6,97.0,26.62,224.2,97.0,19.06,260.9,135.0,11.74,11.3,1.0,3.05,1.0
409-3786,120.0,0.0,165.0,100.0,28.05,317.2,83.0,26.96,119.2,86.0,5.36,8.3,8.0,2.24,1.0
409-4447,121.0,0.0,167.7,94.0,28.51,93.7,121.0,7.96,241.3,115.0,10.86,13.4,1.0,3.62,3.0
409-4462,73.0,0.0,137.1,102.0,23.31,210.8,114.0,17.92,191.4,120.0,8.61,10.9,4.0,3.0,1.0
409-4671,147.0,35.0,157.5,109.0,26.78,189.6,67.0,16.12,227.0,76.0,10.22,10.9,2.0,3.0,3.0
409-4734,167.0,0.0,131.6,120.0,22.37,211.3,96.0,17.96,168.3,97.0,7.57,10.9,4.0,3.0,4.0
409-4791,41.0,0.0,202.9,97.0,34.49,153.8,104.0,13.07,113.5,92.0,5.11,9.0,3.0,2.43,3.0
409-5519,116.0,0.0,160.7,69.0,27.32,146.8,106.0,12.48,287.8,144.0,12.95,8.2,5.0,2.21,0.0
409-5749,84.0,30.0,106.5,65.0,18.11,225.7,108.0,19.18,188.6,61.0,8.49,5.7,3.0,1.54,2.0
409-5939,92.0,0.0,91.7,90.0,15.59,193.7,123.0,16.46,175.0,86.0,7.88,9.2,4.0,2.48,2.0
409-6588,109.0,29.0,235.3,90.0,18.9,263.5,98.0,22.4,224.7,128.0,10.11,9.0,6.0,2.43,6.0
409-6753,120.0,0.0,98.2,99.0,16.69,186.7,85.0,15.87,146.7,96.0,6.6,9.3,4.0,2.51,2.0
409-7034,71.0,0.0,243.7,124.0,41.43,60.0,90.0,5.1,189.0,129.0,8.5,11.3,2.0,3.05,0.0
409-7494,167.0,0.0,166.4,85.0,28.29,243.2,135.0,20.67,229.2,95.0,10.31,9.9,5.0,2.67,1.0
409-7523,125.0,0.0,187.3,118.0,31.84,160.7,100.0,13.66,263.8,112.0,11.87,9.6,2.0,2.59,0.0
409-8453,165.0,33.0,235.3,140.0,18.97,213.3,100.0,18.13,267.6,115.0,12.04,16.0,3.0,4.32,0.0
409-8743,62.0,0.0,98.9,103.0,16.81,135.4,122.0,11.51,236.6,82.0,10.65,12.2,1.0,3.29,1.0
409-8796,128.0,0.0,216.0,102.0,36.72,153.7,115.0,13.06,227.0,74.0,10.22,12.7,4.0,3.43,1.0
409-8802,61.0,0.0,197.3,67.0,33.54,264.5,106.0,22.48,210.5,116.0,9.47,9.0,6.0,2.43,1.0
409-8814,77.0,0.0,233.8,104.0,39.75,266.5,94.0,22.65,212.7,104.0,9.57,7.6,3.0,2.05,2.0
409-9494,129.0,30.0,177.3,95.0,30.14,211.8,102.0,18.0,240.2,108.0,10.81,9.3,7.0,2.51,3.0
409-9885,9.0,39.0,214.1,108.0,36.4,169.2,115.0,14.38,189.7,117.0,8.54,10.1,3.0,2.73,1.0
409-9911,105.0,31.0,109.6,108.0,18.63,249.3,119.0,21.19,321.2,101.0,14.45,8.3,4.0,2.24,4.0
410-1190,66.0,0.0,146.4,107.0,24.89,196.5,99.0,16.7,230.1,106.0,10.35,7.8,2.0,2.11,1.0
410-2015,88.0,0.0,113.7,67.0,19.33,165.1,127.0,14.03,141.5,142.0,6.37,10.8,3.0,2.92,1.0
410-2518,112.0,0.0,174.5,127.0,29.67,259.3,71.0,22.04,170.5,120.0,7.67,11.3,7.0,3.05,1.0
410-3159,125.0,0.0,113.0,108.0,19.21,169.2,107.0,14.38,156.6,61.0,7.05,9.2,5.0,2.48,2.0
410-3390,101.0,0.0,206.6,105.0,35.12,224.9,117.0,19.12,249.9,100.0,11.25,14.6,3.0,3.94,0.0
410-3503,72.0,0.0,109.1,97.0,18.55,115.7,96.0,9.83,295.8,84.0,13.31,8.3,6.0,2.24,0.0
410-3719,63.0,36.0,199.0,110.0,33.83,291.3,100.0,24.76,197.6,92.0,8.89,11.0,6.0,2.97,1.0
410-3725,89.0,0.0,206.9,134.0,35.17,167.7,105.0,14.25,155.7,86.0,7.01,10.9,4.0,2.94,0.0
410-3782,57.0,30.0,234.5,130.0,39.87,195.2,116.0,16.59,268.8,94.0,12.1,11.4,4.0,3.08,2.0
410-4023,96.0,26.0,145.8,108.0,24.79,192.2,89.0,16.34,165.1,96.0,7.43,9.9,2.0,2.67,1.0
410-4613,128.0,0.0,199.3,86.0,33.88,194.8,102.0,16.56,298.2,82.0,13.42,14.3,2.0,3.86,4.0
410-4739,52.0,0.0,215.9,67.0,36.7,217.0,108.0,18.45,342.8,130.0,15.43,5.2,2.0,1.4,1.0
410-4882,95.0,0.0,160.0,133.0,27.2,215.3,98.0,18.3,188.9,87.0,8.5,9.1,4.0,2.46,0.0
410-5192,30.0,0.0,137.6,108.0,23.39,162.0,80.0,13.77,187.7,126.0,8.45,5.8,10.0,1.57,3.0
410-5199,123.0,0.0,209.4,49.0,35.6,237.4,117.0,20.18,239.2,98.0,10.76,9.8,11.0,2.65,1.0
410-5236,78.0,13.0,281.2,93.0,47.8,178.2,101.0,15.15,244.2,129.0,10.99,6.4,5.0,1.73,2.0
410-5250,42.0,0.0,184.5,98.0,31.37,200.5,93.0,17.04,279.2,91.0,12.56,8.8,3.0,2.38,2.0
410-5370,67.0,0.0,260.4,107.0,44.27,208.2,104.0,17.7,207.9,115.0,9.36,10.0,2.0,2.7,6.0
410-5455,96.0,0.0,200.6,117.0,34.1,289.5,120.0,24.61,98.3,95.0,4.42,11.2,5.0,3.02,2.0
410-5713,66.0,16.0,174.7,92.0,29.7,232.1,105.0,19.73,305.4,98.0,13.74,8.9,2.0,2.4,1.0
410-5963,153.0,22.0,167.7,104.0,28.51,246.8,91.0,20.98,203.9,117.0,9.18,7.5,11.0,2.03,1.0
410-6791,96.0,0.0,180.6,92.0,30.7,190.9,114.0,16.23,295.6,125.0,13.3,10.3,4.0,2.78,1.0
410-7108,64.0,31.0,228.6,88.0,38.86,248.5,109.0,21.12,167.1,124.0,7.52,9.0,1.0,2.43,3.0
410-7383,124.0,0.0,157.5,70.0,26.78,130.7,79.0,23.23,193.4,98.0,8.7,9.6,4.0,2.59,3.0
410-7553,97.0,28.0,283.1,93.0,48.13,185.4,98.0,15.76,312.8,78.0,14.08,6.1,8.0,1.65,1.0
410-7611,120.0,0.0,179.9,72.0,30.58,170.0,98.0,14.45,190.6,89.0,8.58,13.8,2.0,3.73,1.0
410-7789,49.0,0.0,119.3,117.0,20.28,215.1,109.0,18.28,178.7,90.0,8.04,10.9,1.0,3.0,1.0
410-9477,76.0,0.0,169.5,77.0,28.82,124.0,87.0,10.54,219.4,92.0,9.87,10.0,3.0,2.7,0.0
410-9633,106.0,0.0,187.1,104.0,31.81,250.2,117.0,21.27,144.9,81.0,6.52,11.0,3.0,2.97,1.0
410-9961,86.0,0.0,124.1,82.0,21.1,202.6,120.0,17.22,289.6,119.0,13.03,6.7,8.0,1.81,3.0
411-1045,93.0,0.0,179.3,93.0,30.48,251.6,65.0,16.05,253.2,88.0,11.39,12.1,5.0,3.27,1.0
411-1261,76.0,0.0,90.5,142.0,15.39,211.7,75.0,17.99,194.9,76.0,8.77,9.3,2.0,2.51,1.0
411-1325,189.0,30.0,155.2,116.0,26.38,195.5,50.0,16.62,170.1,108.0,7.65,15.4,6.0,4.16,1.0
411-1530,70.0,24.0,249.5,101.0,42.42,259.7,98.0,22.07,252.15,68.0,10.02,9.8,4.0,2.65,1.0
411-1715,97.0,0.0,143.7,117.0,24.43,273.0,82.0,23.21,178.3,81.0,8.02,10.9,3.0,2.94,0.0
411-1810,131.0,0.0,211.8,115.0,36.01,260.5,102.0,22.14,144.2,96.0,6.49,10.8,7.0,2.92,0.0
411-2284,99.0,0.0,241.1,72.0,40.99,155.6,98.0,13.23,188.2,109.0,8.47,11.6,10.0,3.13,1.0
411-2958,92.0,0.0,252.3,120.0,42.89,207.0,112.0,17.6,284.6,95.0,12.81,12.0,5.0,3.24,3.0
411-2977,154.0,0.0,154.5,122.0,26.27,214.2,71.0,18.21,178.0,105.0,8.01,12.0,2.0,3.24,3.0
411-3095,107.0,38.0,219.4,92.0,37.3,180.5,73.0,15.34,104.1,91.0,4.68,11.0,1.0,2.97,2.0
411-3578,158.0,0.0,175.9,105.0,29.9,188.3,88.0,16.01,188.3,98.0,8.47,11.0,6.0,2.97,1.0
411-4232,85.0,0.0,127.9,107.0,21.74,271.2,124.0,23.05,202.2,76.0,9.1,12.5,5.0,3.38,0.0
411-4293,13.0,0.0,220.4,100.0,37.47,211.2,79.0,17.95,259.3,112.0,11.67,13.6,8.0,3.67,2.0
411-4582,70.0,0.0,232.1,122.0,39.46,292.3,112.0,24.85,201.2,112.0,9.05,0.0,0.0,0.0,3.0
411-4674,140.0,0.0,173.2,91.0,29.44,196.8,106.0,16.73,209.3,128.0,9.42,11.2,5.0,3.02,3.0
411-4714,193.0,0.0,96.8,92.0,16.46,142.6,103.0,12.12,210.1,115.0,9.45,10.9,5.0,2.94,2.0
411-4781,72.0,0.0,138.9,102.0,23.61,211.6,102.0,17.99,179.5,91.0,8.08,10.8,3.0,2.92,1.0
411-4940,101.0,0.0,174.9,105.0,29.73,262.0,75.0,23.23,210.0,93.0,9.45,8.5,5.0,2.3,1.0
411-5078,136.0,0.0,142.3,79.0,24.19,158.0,113.0,13.43,177.5,75.0,7.99,6.0,11.0,1.62,2.0
411-5334,101.0,0.0,136.2,92.0,23.15,220.9,110.0,18.78,196.9,116.0,8.86,13.3,7.0,3.59,3.0
411-5677,122.0,0.0,140.0,101.0,23.8,196.4,77.0,16.69,120.1,133.0,5.4,9.7,4.0,2.62,4.0
411-5740,107.0,31.0,160.3,45.0,27.25,221.5,70.0,18.83,261.6,109.0,11.77,5.6,1.0,1.51,1.0
411-5748,125.0,0.0,106.1,95.0,18.04,157.6,113.0,13.4,192.5,69.0,8.66,8.1,3.0,2.19,1.0
411-5859,163.0,0.0,197.0,109.0,33.49,202.6,128.0,17.22,206.4,80.0,9.29,9.1,10.0,2.46,1.0
411-5958,79.0,0.0,261.7,97.0,32.39,210.6,48.0,17.9,256.7,83.0,11.55,6.0,3.0,1.62,3.0
411-6211,33.0,0.0,182.5,65.0,31.03,232.1,96.0,19.73,149.2,82.0,6.71,7.5,2.0,2.03,2.0
411-6294,95.0,0.0,141.1,84.0,23.99,211.4,108.0,17.97,103.7,127.0,4.67,5.9,6.0,1.59,3.0
411-6501,189.0,0.0,227.8,124.0,38.73,169.5,112.0,14.41,201.1,91.0,9.05,5.6,4.0,1.51,3.0
411-6598,58.0,0.0,174.4,112.0,29.65,265.8,122.0,22.59,182.4,87.0,8.21,0.0,0.0,0.0,4.0
411-6663,87.0,0.0,146.3,108.0,24.87,171.8,102.0,14.6,167.5,66.0,7.54,5.3,9.0,1.43,1.0
411-6823,138.0,0.0,286.2,61.0,48.65,187.2,60.0,15.91,146.2,114.0,6.58,11.0,4.0,2.97,2.0
411-7110,107.0,0.0,230.4,65.0,39.17,257.4,80.0,21.88,107.3,88.0,4.83,8.5,3.0,2.3,1.0
411-7353,47.0,0.0,155.3,116.0,26.4,188.2,85.0,16.0,247.0,73.0,9.1,12.3,4.0,3.32,3.0
411-7390,78.0,0.0,155.0,106.0,26.35,175.3,101.0,14.9,155.6,125.0,7.0,11.8,5.0,3.19,2.0
411-7649,119.0,0.0,235.3,122.0,37.88,163.2,107.0,13.87,160.6,112.0,7.23,11.2,6.0,3.02,1.0
411-7778,60.0,29.0,265.9,113.0,45.2,215.8,94.0,18.34,108.1,82.0,4.86,14.0,12.0,3.78,0.0
411-8043,30.0,0.0,162.3,96.0,27.59,244.0,122.0,20.74,180.1,89.0,8.1,9.1,4.0,2.46,2.0
411-8140,92.0,0.0,176.3,85.0,29.97,93.4,125.0,7.94,207.2,107.0,9.32,9.6,1.0,2.59,2.0
411-8549,150.0,0.0,189.3,77.0,32.18,220.9,105.0,18.78,238.7,117.0,10.74,9.2,5.0,2.48,4.0
411-8956,33.0,0.0,164.0,99.0,27.88,153.1,102.0,13.01,123.8,104.0,5.57,6.4,4.0,1.73,0.0
411-9554,114.0,28.0,225.8,94.0,38.39,193.0,117.0,16.41,232.4,100.0,10.46,8.4,9.0,2.27,4.0
412-1076,140.0,27.0,188.9,124.0,32.11,160.9,102.0,13.68,197.7,100.0,8.9,11.5,5.0,3.11,4.0
412-1194,145.0,24.0,147.5,90.0,25.08,175.7,108.0,14.93,252.1,102.0,11.34,15.6,3.0,4.21,2.0
412-1470,103.0,0.0,129.3,103.0,21.98,202.8,89.0,17.24,233.0,126.0,10.49,12.9,2.0,3.48,2.0
412-1991,21.0,0.0,92.6,95.0,15.74,161.9,70.0,13.76,285.0,78.0,12.83,11.3,3.0,3.05,5.0
412-2520,73.0,31.0,82.3,105.0,13.99,256.1,91.0,21.77,229.6,98.0,10.33,11.8,2.0,3.19,6.0
412-2947,135.0,0.0,218.8,123.0,37.2,242.8,64.0,20.64,85.8,80.0,3.86,10.3,3.0,2.78,4.0
412-3404,120.0,0.0,185.7,133.0,31.57,235.1,149.0,19.98,256.4,78.0,11.54,16.9,6.0,4.56,0.0
412-3527,116.0,0.0,137.4,126.0,23.36,120.0,94.0,10.2,130.3,64.0,5.86,12.4,2.0,3.35,3.0
412-3726,127.0,28.0,95.9,117.0,16.3,159.5,131.0,13.56,152.8,132.0,6.88,10.4,3.0,2.81,1.0
412-3898,84.0,0.0,190.2,102.0,32.33,197.7,141.0,16.8,247.5,102.0,9.1,9.8,6.0,2.65,2.0
412-4185,76.0,26.0,214.6,110.0,36.48,205.2,87.0,17.44,134.6,140.0,6.06,8.1,2.0,2.19,1.0
412-4399,94.0,0.0,181.5,98.0,30.86,251.6,88.0,16.99,287.7,114.0,12.95,6.6,5.0,1.78,1.0
412-6019,79.0,0.0,103.5,134.0,17.6,319.3,100.0,27.14,239.9,124.0,10.8,8.4,4.0,2.27,2.0
412-6245,171.0,0.0,137.5,110.0,23.38,198.1,109.0,16.84,292.7,131.0,13.17,13.3,5.0,3.59,2.0
412-7020,125.0,0.0,212.3,89.0,36.09,215.4,127.0,18.31,186.8,73.0,8.41,11.3,2.0,3.05,2.0
412-7278,103.0,0.0,206.5,125.0,35.11,180.2,113.0,15.32,220.6,95.0,9.93,12.2,4.0,3.29,3.0
412-7606,45.0,0.0,155.7,110.0,26.47,260.3,103.0,22.13,192.2,98.0,8.65,11.0,1.0,2.97,1.0
412-7791,64.0,0.0,216.9,78.0,36.87,211.0,115.0,17.94,179.8,116.0,8.09,11.4,5.0,3.08,3.0
412-8769,145.0,0.0,241.7,137.0,41.09,135.8,100.0,11.54,277.6,123.0,12.49,13.1,3.0,3.54,0.0
412-8811,162.0,0.0,177.1,131.0,30.11,114.7,122.0,9.75,153.6,88.0,6.91,6.5,6.0,1.76,3.0
412-9190,132.0,0.0,206.2,100.0,35.05,211.2,118.0,17.95,196.2,122.0,8.83,10.2,6.0,2.75,1.0
412-9357,52.0,38.0,169.3,88.0,28.78,225.9,97.0,19.2,172.0,86.0,7.74,8.2,3.0,2.21,0.0
412-9997,100.0,0.0,214.3,118.0,36.43,208.5,76.0,17.72,182.4,98.0,8.21,12.0,2.0,3.24,1.0
413-1061,101.0,25.0,144.1,144.0,24.5,167.6,105.0,14.25,240.0,107.0,10.8,14.5,3.0,3.92,1.0
413-1269,59.0,0.0,155.2,79.0,26.38,235.3,123.0,20.0,169.4,80.0,7.62,8.7,4.0,2.35,1.0
413-1789,134.0,0.0,141.7,95.0,24.09,205.6,101.0,17.48,218.5,60.0,9.83,8.8,6.0,2.38,0.0
413-2194,74.0,0.0,298.1,112.0,50.68,201.3,100.0,17.11,214.7,88.0,9.66,9.7,4.0,2.62,2.0
413-2201,155.0,0.0,184.6,102.0,31.38,196.0,117.0,23.23,226.5,122.0,10.19,7.8,1.0,2.11,1.0
413-2238,37.0,0.0,221.0,126.0,37.57,204.5,110.0,17.38,118.0,98.0,5.31,6.8,3.0,1.84,4.0
413-2241,163.0,0.0,247.7,77.0,42.11,269.5,108.0,22.91,167.3,82.0,7.53,9.6,7.0,2.59,0.0
413-3177,151.0,0.0,194.8,106.0,33.12,292.7,103.0,24.88,224.6,82.0,10.11,5.5,3.0,1.49,0.0
413-3412,179.0,38.0,220.1,78.0,37.42,234.3,71.0,19.92,237.3,85.0,10.68,10.1,4.0,2.73,4.0
413-3990,140.0,0.0,160.5,114.0,27.29,240.5,103.0,20.44,233.5,121.0,10.51,11.3,4.0,3.05,1.0
413-4039,205.0,24.0,175.8,139.0,29.89,155.0,98.0,13.18,180.7,64.0,8.13,7.8,5.0,2.11,2.0
413-4040,101.0,0.0,269.7,85.0,45.85,207.6,86.0,17.65,214.2,107.0,9.64,4.5,15.0,1.22,3.0
413-4811,91.0,0.0,147.2,121.0,25.02,175.2,87.0,14.89,136.3,80.0,6.13,13.3,3.0,3.59,2.0
413-4831,52.0,0.0,165.5,78.0,28.14,205.5,89.0,17.47,213.6,124.0,9.61,12.2,6.0,3.29,0.0
413-4957,52.0,0.0,191.9,108.0,32.62,269.8,96.0,22.93,236.8,87.0,10.66,7.8,5.0,2.11,3.0
413-5190,93.0,21.0,134.2,105.0,22.81,162.5,128.0,13.81,186.6,90.0,8.4,11.8,2.0,3.19,4.0
413-5306,120.0,0.0,137.3,100.0,23.34,212.2,129.0,18.04,152.7,92.0,6.87,10.5,2.0,2.84,1.0
413-5310,209.0,0.0,227.2,128.0,38.62,258.4,92.0,21.96,183.5,74.0,8.26,8.9,4.0,2.4,3.0
413-6346,4.0,0.0,145.3,89.0,24.7,303.8,93.0,25.82,206.1,82.0,9.27,8.9,4.0,2.4,0.0
413-6380,82.0,33.0,137.8,95.0,23.43,235.5,128.0,20.02,268.1,70.0,12.06,11.0,6.0,2.97,2.0
413-6769,127.0,0.0,224.3,112.0,38.13,185.7,103.0,15.78,159.4,83.0,7.17,10.0,1.0,2.7,2.0
413-7170,162.0,46.0,224.9,97.0,38.23,188.2,84.0,16.0,254.6,61.0,11.46,12.1,2.0,3.27,0.0
413-7468,13.0,0.0,303.2,133.0,51.54,170.5,86.0,14.49,227.6,80.0,10.24,11.5,3.0,3.11,0.0
413-7655,101.0,0.0,0.0,0.0,0.0,192.1,119.0,16.33,168.8,95.0,7.6,7.2,4.0,1.94,1.0
413-7743,67.0,35.0,181.1,59.0,30.79,215.9,116.0,18.35,216.3,106.0,9.73,16.9,4.0,4.56,0.0
413-9055,38.0,0.0,149.0,92.0,25.33,49.2,78.0,4.18,163.3,93.0,7.35,13.9,11.0,3.75,0.0
413-9269,128.0,32.0,223.5,81.0,38.0,251.6,74.0,16.05,154.9,101.0,6.97,9.4,2.0,2.54,2.0
413-9328,99.0,0.0,135.7,107.0,23.07,208.4,103.0,17.71,209.0,95.0,9.4,8.8,3.0,2.38,7.0
414-1246,127.0,25.0,173.0,91.0,29.41,245.8,64.0,20.89,252.15,99.0,13.5,4.8,3.0,1.3,0.0
414-1496,73.0,0.0,217.8,91.0,37.03,220.6,97.0,18.75,277.3,89.0,12.48,10.3,6.0,2.78,1.0
414-1537,89.0,24.0,97.8,98.0,16.63,207.2,67.0,17.61,214.5,126.0,9.65,5.9,2.0,1.59,0.0
414-2606,87.0,0.0,189.5,113.0,32.39,204.9,100.0,17.42,221.7,93.0,9.98,13.4,3.0,3.62,1.0
414-2663,135.0,0.0,144.1,115.0,24.5,249.8,68.0,21.23,211.4,82.0,9.51,13.6,3.0,3.67,1.0
414-2695,78.0,0.0,137.4,109.0,23.36,237.6,49.0,20.2,206.7,136.0,9.3,14.0,11.0,3.78,3.0
414-2905,120.0,29.0,244.3,140.0,41.53,322.3,89.0,27.4,166.8,83.0,7.51,10.6,6.0,2.86,0.0
414-4037,88.0,27.0,93.4,106.0,15.88,252.0,92.0,21.42,189.0,104.0,8.5,10.9,1.0,2.94,1.0
414-4162,88.0,0.0,161.5,92.0,27.46,173.5,108.0,14.75,206.2,95.0,9.28,7.9,4.0,2.13,2.0
414-4276,192.0,36.0,156.2,77.0,26.55,215.5,126.0,18.32,279.1,83.0,12.56,9.9,6.0,2.67,2.0
414-4741,155.0,30.0,128.5,86.0,21.85,188.4,91.0,16.01,254.4,85.0,11.45,6.8,6.0,1.84,1.0
414-4803,88.0,0.0,138.3,116.0,23.51,236.0,138.0,20.06,179.1,110.0,8.06,9.6,4.0,2.59,3.0
414-5177,46.0,0.0,235.3,67.0,20.77,167.2,62.0,14.21,194.8,98.0,8.77,9.7,6.0,2.62,1.0
414-5422,71.0,0.0,104.0,92.0,17.68,197.0,125.0,16.75,110.1,123.0,4.95,14.6,8.0,3.94,0.0
414-5786,73.0,31.0,194.4,104.0,33.05,176.0,84.0,14.96,230.1,110.0,10.35,11.5,3.0,3.11,0.0
414-6219,89.0,32.0,209.9,113.0,35.68,249.8,104.0,21.23,224.2,92.0,10.09,8.7,7.0,2.35,1.0
414-6426,161.0,0.0,72.8,120.0,12.38,267.1,120.0,22.7,252.15,91.0,10.01,11.8,2.0,3.19,2.0
414-6541,121.0,0.0,168.9,128.0,28.71,123.9,99.0,10.53,266.3,105.0,11.98,2.9,7.0,0.78,2.0
414-6638,64.0,0.0,194.2,147.0,33.01,173.4,87.0,14.74,268.7,114.0,12.09,5.5,2.0,1.49,2.0
414-6739,141.0,0.0,146.5,121.0,24.91,169.9,125.0,23.23,238.8,112.0,10.75,8.2,5.0,2.21,0.0
414-7090,116.0,29.0,162.3,91.0,27.59,279.3,79.0,23.74,192.7,131.0,8.67,11.7,2.0,3.16,3.0
414-7410,109.0,0.0,162.6,138.0,27.64,154.0,109.0,13.09,209.7,118.0,9.44,11.5,4.0,3.11,0.0
414-7446,134.0,0.0,244.1,99.0,41.5,246.9,100.0,20.99,252.15,133.0,9.0,7.2,2.0,1.94,0.0
414-7942,52.0,0.0,148.3,83.0,25.21,181.6,79.0,15.44,155.6,104.0,7.0,8.3,6.0,2.24,3.0
414-8718,61.0,27.0,187.5,124.0,31.88,146.6,103.0,12.46,225.7,129.0,10.16,6.4,6.0,1.73,4.0
414-9027,67.0,20.0,230.6,40.0,39.2,189.1,58.0,16.07,162.2,115.0,7.3,9.4,2.0,2.54,1.0
414-9054,68.0,0.0,159.5,123.0,27.12,240.8,93.0,20.47,210.3,76.0,9.46,11.4,3.0,3.08,1.0
414-9119,89.0,0.0,82.3,77.0,13.99,167.2,80.0,14.21,194.7,70.0,8.76,7.2,4.0,1.94,1.0
414-9717,67.0,0.0,179.8,125.0,30.57,173.2,86.0,14.72,272.8,97.0,12.28,10.9,4.0,2.94,0.0
415-1141,99.0,0.0,140.7,88.0,23.92,210.9,98.0,17.93,229.9,125.0,10.35,12.4,4.0,3.35,2.0
415-1203,105.0,0.0,166.1,93.0,28.24,175.9,106.0,14.95,243.5,55.0,10.96,16.2,3.0,4.37,2.0
415-2176,159.0,19.0,184.1,78.0,31.3,194.5,71.0,16.53,225.6,101.0,10.15,16.9,3.0,4.56,0.0
415-2285,97.0,28.0,202.3,97.0,34.39,69.2,84.0,5.88,257.6,64.0,11.59,6.7,3.0,1.81,1.0
415-2393,179.0,0.0,219.2,92.0,37.26,149.4,125.0,12.7,244.7,104.0,11.01,6.1,5.0,1.65,0.0
415-2641,72.0,0.0,207.8,92.0,35.33,195.7,110.0,16.63,184.8,124.0,8.32,13.1,4.0,3.54,0.0
415-2865,113.0,0.0,90.6,130.0,15.4,170.6,100.0,14.5,137.4,74.0,6.18,5.4,9.0,1.46,1.0
415-2935,147.0,0.0,248.6,83.0,42.26,148.9,85.0,12.66,172.5,109.0,7.76,8.0,4.0,2.16,3.0
415-2949,64.0,0.0,219.2,73.0,37.26,167.0,65.0,14.2,161.4,119.0,7.26,10.0,5.0,2.7,1.0
415-3016,123.0,34.0,305.2,80.0,51.88,156.5,109.0,13.3,280.0,81.0,12.6,13.2,7.0,3.56,1.0
415-3120,66.0,32.0,187.8,117.0,31.93,129.8,90.0,11.03,132.3,113.0,5.95,12.0,3.0,3.24,2.0
415-3158,87.0,0.0,58.0,125.0,9.86,67.5,116.0,5.74,185.9,136.0,8.37,11.5,3.0,3.11,0.0
415-3537,161.0,0.0,154.7,84.0,26.3,177.8,125.0,15.11,172.9,90.0,7.78,5.9,2.0,1.59,4.0
415-3689,137.0,22.0,189.6,42.0,32.23,179.0,137.0,15.22,179.6,126.0,8.08,11.4,5.0,3.08,2.0
415-4051,148.0,0.0,239.3,84.0,40.68,195.7,85.0,16.63,232.6,104.0,10.47,10.9,3.0,2.94,1.0
415-4564,129.0,0.0,137.8,120.0,23.43,225.8,110.0,19.19,145.2,95.0,6.53,10.2,6.0,2.75,1.0
415-4609,59.0,0.0,107.8,113.0,18.33,216.6,125.0,18.41,217.5,92.0,9.79,9.9,3.0,2.67,2.0
415-4857,193.0,17.0,124.0,102.0,21.08,202.9,81.0,17.25,205.1,129.0,9.23,12.3,3.0,3.32,1.0
415-4875,91.0,27.0,204.6,96.0,34.78,136.0,93.0,11.56,210.5,82.0,9.47,6.6,2.0,1.78,3.0
415-5008,132.0,0.0,169.9,107.0,32.39,209.4,121.0,17.8,206.1,79.0,9.27,11.5,2.0,3.11,1.0
415-5132,179.0,0.0,234.5,134.0,39.87,164.2,94.0,13.96,191.4,72.0,8.61,6.1,4.0,1.65,1.0
415-5476,201.0,0.0,225.9,110.0,38.4,299.1,86.0,25.42,251.3,81.0,11.31,11.2,4.0,3.02,1.0
415-6110,41.0,41.0,207.3,95.0,35.24,137.3,120.0,11.67,115.7,74.0,5.21,5.9,3.0,1.59,1.0
415-6127,175.0,0.0,132.0,95.0,22.44,231.2,74.0,19.65,313.4,108.0,14.1,8.7,10.0,2.35,1.0
415-6145,83.0,0.0,231.3,100.0,39.32,210.4,84.0,17.88,217.4,106.0,9.78,12.4,2.0,3.35,3.0
415-6333,108.0,0.0,193.3,126.0,32.86,154.7,85.0,13.15,174.8,98.0,7.87,9.4,6.0,2.54,3.0
415-6347,121.0,0.0,144.8,126.0,24.62,200.6,82.0,17.05,208.8,81.0,9.4,13.3,9.0,3.59,0.0
415-6578,79.0,0.0,213.6,110.0,36.31,234.9,121.0,19.97,229.6,157.0,10.33,8.8,3.0,2.38,2.0
415-6601,85.0,33.0,207.9,95.0,35.34,233.5,88.0,19.85,221.3,92.0,9.96,13.5,3.0,3.65,1.0
415-8151,150.0,29.0,209.9,77.0,35.68,158.0,52.0,13.43,141.9,113.0,6.39,6.6,1.0,1.78,0.0
415-8164,115.0,0.0,195.9,102.0,32.39,227.0,108.0,19.3,313.2,113.0,14.09,13.2,1.0,3.56,2.0
415-8200,82.0,0.0,135.4,102.0,23.02,237.1,122.0,20.15,118.3,91.0,5.32,17.5,4.0,4.73,0.0
415-8448,2.0,0.0,132.1,42.0,22.46,138.9,88.0,11.81,192.6,119.0,8.67,9.1,1.0,2.46,2.0
415-8780,117.0,0.0,144.6,115.0,24.58,258.8,66.0,22.0,253.2,113.0,11.39,7.4,9.0,2.0,2.0
415-9553,59.0,27.0,127.4,110.0,21.66,103.3,99.0,8.78,164.2,73.0,7.39,9.1,3.0,2.46,0.0
415-9649,109.0,0.0,154.8,82.0,26.32,287.7,109.0,24.45,208.4,80.0,9.38,5.9,9.0,1.59,3.0
416-1536,100.0,0.0,107.2,98.0,18.22,86.8,122.0,7.38,156.2,117.0,7.03,9.7,4.0,2.62,1.0
416-1557,171.0,25.0,223.2,77.0,37.94,183.2,118.0,15.57,150.8,90.0,6.79,10.2,3.0,2.75,3.0
416-1676,127.0,0.0,235.3,106.0,45.32,264.8,168.0,22.51,207.2,119.0,9.32,5.9,2.0,1.59,1.0
416-1845,59.0,0.0,159.5,96.0,27.12,167.2,123.0,14.21,138.6,106.0,6.24,10.2,4.0,2.75,0.0
416-2778,152.0,20.0,237.5,120.0,40.38,253.4,94.0,21.54,265.2,80.0,11.93,14.2,3.0,3.83,9.0
416-2825,90.0,0.0,207.2,121.0,35.22,292.5,104.0,24.86,226.3,103.0,10.18,8.0,1.0,2.16,2.0
416-3649,127.0,0.0,143.2,60.0,24.34,179.5,159.0,15.26,171.8,122.0,7.73,6.2,4.0,1.67,4.0
416-3915,148.0,0.0,218.9,88.0,37.21,208.0,85.0,17.68,203.3,99.0,9.15,10.9,4.0,3.0,0.0
416-4351,45.0,0.0,142.4,107.0,24.21,318.7,78.0,27.09,224.1,108.0,10.08,10.9,7.0,3.0,1.0
416-4464,106.0,0.0,193.6,66.0,32.91,238.2,82.0,20.25,176.4,107.0,7.94,12.9,3.0,3.48,0.0
416-5261,136.0,21.0,179.4,88.0,30.5,181.1,97.0,15.39,320.7,120.0,14.43,9.5,4.0,2.57,2.0
416-5341,74.0,0.0,165.3,120.0,28.1,198.5,106.0,16.87,208.5,102.0,9.38,9.8,3.0,2.65,1.0
416-5623,124.0,0.0,178.4,72.0,30.33,233.6,134.0,19.86,179.4,91.0,8.07,12.0,2.0,3.24,0.0
416-5660,167.0,0.0,169.2,124.0,28.76,173.3,108.0,14.73,216.5,64.0,9.74,12.4,4.0,3.35,4.0
416-5662,85.0,0.0,259.8,85.0,44.17,242.3,117.0,20.6,168.8,72.0,7.6,5.4,1.0,1.46,0.0
416-5849,166.0,35.0,128.2,138.0,21.79,274.5,113.0,23.23,298.9,130.0,13.45,8.8,7.0,2.38,2.0
416-6594,123.0,0.0,260.9,85.0,44.35,168.5,103.0,14.32,178.3,91.0,8.02,13.3,5.0,3.59,3.0
416-6628,99.0,0.0,254.4,120.0,43.25,159.3,92.0,13.54,264.4,94.0,11.9,6.0,5.0,1.62,1.0
416-6886,53.0,0.0,228.6,117.0,38.86,132.8,123.0,11.29,227.2,124.0,10.22,10.1,2.0,2.73,9.0
416-7013,97.0,15.0,117.6,97.0,32.39,196.3,126.0,16.69,157.4,113.0,7.08,6.4,3.0,1.73,1.0
416-7307,38.0,0.0,137.8,86.0,23.43,286.3,76.0,24.34,167.0,77.0,7.52,14.1,3.0,3.81,2.0
416-7393,66.0,0.0,116.4,98.0,19.79,95.6,74.0,8.13,181.5,94.0,8.17,10.5,3.0,2.84,3.0
416-7452,98.0,0.0,288.1,101.0,48.98,137.9,93.0,11.72,206.5,88.0,9.29,0.0,0.0,0.0,0.0
416-7591,40.0,0.0,242.5,82.0,41.23,232.9,97.0,19.8,154.0,86.0,6.93,9.6,7.0,2.59,0.0
416-7679,177.0,27.0,230.2,106.0,39.13,196.1,78.0,16.67,215.4,108.0,9.69,10.4,2.0,2.81,1.0
416-7866,80.0,30.0,184.2,132.0,31.31,167.5,109.0,14.24,212.8,114.0,9.58,10.0,10.0,2.7,0.0
416-8394,131.0,0.0,175.1,73.0,29.77,171.9,116.0,14.61,131.1,94.0,5.9,7.3,6.0,1.97,1.0
416-8428,142.0,0.0,84.8,95.0,14.42,136.7,63.0,11.62,250.5,148.0,11.27,14.2,6.0,3.83,2.0
416-8543,146.0,0.0,160.1,63.0,27.22,208.4,112.0,17.71,177.6,98.0,7.99,9.2,3.0,2.48,2.0
416-8697,44.0,0.0,240.3,146.0,40.85,164.6,83.0,13.99,240.7,106.0,10.83,10.6,2.0,2.86,1.0
416-8701,79.0,0.0,157.6,85.0,26.79,194.1,92.0,16.5,231.5,86.0,10.42,9.4,10.0,2.54,5.0
416-8827,117.0,0.0,102.3,100.0,17.39,135.2,104.0,11.49,199.7,93.0,8.99,15.7,10.0,4.24,3.0
416-9021,144.0,35.0,174.8,127.0,29.72,219.6,93.0,18.67,255.8,90.0,11.51,12.8,3.0,3.46,0.0
416-9162,54.0,24.0,92.3,88.0,15.69,193.1,98.0,16.41,99.3,119.0,4.47,11.6,3.0,3.13,2.0
416-9522,92.0,45.0,281.1,88.0,47.79,198.0,103.0,16.83,94.3,76.0,4.24,7.5,3.0,2.03,0.0
416-9615,144.0,0.0,139.6,96.0,23.73,124.2,93.0,10.56,95.6,75.0,4.3,15.0,4.0,4.05,2.0
416-9723,53.0,32.0,131.2,63.0,22.3,227.4,125.0,19.33,178.9,105.0,8.05,12.8,2.0,3.46,2.0
417-1272,87.0,0.0,167.3,119.0,28.44,198.5,119.0,16.87,133.1,88.0,5.99,11.0,6.0,2.97,1.0
417-1360,87.0,36.0,171.2,138.0,29.1,185.8,102.0,15.79,227.6,97.0,10.24,10.8,3.0,2.92,1.0
417-1477,56.0,30.0,127.1,89.0,21.61,172.1,116.0,14.63,194.6,101.0,8.76,12.1,3.0,3.27,1.0
417-1488,84.0,0.0,280.0,113.0,47.6,202.2,90.0,17.19,156.8,103.0,7.06,10.4,4.0,2.81,0.0
417-2035,73.0,0.0,213.0,95.0,36.21,251.6,104.0,16.05,136.2,89.0,6.13,13.5,3.0,3.65,0.0
417-2054,142.0,30.0,154.0,75.0,26.18,165.8,97.0,14.09,270.0,83.0,12.15,10.8,5.0,2.92,1.0
417-2221,134.0,0.0,258.8,85.0,44.0,129.5,114.0,11.01,193.6,106.0,8.71,10.9,7.0,2.94,2.0
417-2265,67.0,0.0,109.1,134.0,18.55,142.3,76.0,12.1,91.2,86.0,4.1,10.9,5.0,2.94,2.0
417-2608,120.0,40.0,128.1,99.0,21.78,247.7,78.0,21.05,199.7,121.0,8.99,15.6,3.0,4.21,0.0
417-2716,117.0,0.0,168.8,137.0,28.7,241.4,107.0,20.52,204.8,106.0,9.22,15.5,4.0,4.19,0.0
417-2774,97.0,0.0,146.0,121.0,24.82,203.0,141.0,17.26,151.8,120.0,6.83,13.3,2.0,3.59,1.0
417-3046,94.0,0.0,243.2,109.0,41.34,147.0,88.0,12.5,94.9,99.0,4.27,7.2,4.0,1.94,4.0
417-3257,157.0,0.0,240.2,67.0,40.83,153.0,98.0,13.01,249.0,72.0,11.21,10.2,6.0,2.75,2.0
417-3676,155.0,0.0,262.4,55.0,44.61,194.6,113.0,16.54,146.5,85.0,6.59,8.3,6.0,2.24,2.0
417-3702,53.0,37.0,167.3,99.0,28.44,194.7,99.0,16.55,236.7,112.0,10.65,12.0,9.0,3.24,2.0
417-3999,119.0,16.0,147.2,103.0,25.02,160.1,96.0,13.61,184.0,120.0,8.28,7.7,2.0,2.08,0.0
417-4063,92.0,23.0,167.4,83.0,28.46,258.6,129.0,21.98,116.4,110.0,5.24,11.2,3.0,3.02,4.0
417-4266,114.0,0.0,155.3,75.0,26.4,169.9,87.0,23.23,207.0,133.0,9.32,12.6,5.0,3.4,2.0
417-4309,126.0,0.0,228.7,102.0,32.39,168.7,99.0,14.34,223.5,100.0,10.06,11.8,4.0,3.19,1.0
417-4404,117.0,0.0,239.9,84.0,40.78,174.8,106.0,14.86,209.5,93.0,9.43,9.8,2.0,2.65,0.0
417-4456,75.0,0.0,305.1,106.0,51.87,188.0,115.0,15.98,235.4,116.0,10.59,8.5,5.0,2.3,0.0
417-4810,184.0,0.0,236.4,73.0,40.19,287.3,120.0,24.42,192.0,94.0,8.64,13.8,4.0,3.73,1.0
417-4826,106.0,0.0,204.0,84.0,34.68,168.5,61.0,14.32,164.0,102.0,7.38,13.3,3.0,3.59,3.0
417-4885,141.0,0.0,217.1,110.0,36.91,241.5,100.0,20.53,253.5,103.0,11.41,12.0,6.0,3.24,0.0
417-5034,185.0,0.0,55.6,97.0,9.45,288.7,83.0,24.54,252.15,110.0,5.0,12.1,3.0,3.27,2.0
417-5067,128.0,0.0,187.3,84.0,31.84,270.8,95.0,23.02,206.4,68.0,9.29,10.1,5.0,2.73,1.0
417-5146,113.0,0.0,158.9,137.0,27.01,242.8,109.0,20.64,247.8,97.0,9.1,6.5,4.0,1.76,0.0
417-5320,43.0,0.0,230.2,147.0,39.13,186.7,121.0,15.87,128.4,100.0,5.78,9.2,3.0,2.48,0.0
417-5813,112.0,0.0,167.8,88.0,28.53,247.9,81.0,21.07,155.1,108.0,6.98,11.9,4.0,3.21,0.0
417-6044,93.0,0.0,149.6,120.0,25.43,200.7,85.0,17.06,181.2,107.0,8.15,14.3,9.0,3.86,0.0
417-6252,150.0,0.0,126.0,99.0,21.42,238.5,73.0,20.27,285.1,100.0,12.83,10.2,6.0,2.75,3.0
417-6330,103.0,0.0,173.5,83.0,29.5,244.3,65.0,20.77,221.6,66.0,9.97,9.7,2.0,2.62,3.0
417-6683,43.0,0.0,177.2,93.0,30.12,142.6,60.0,12.12,314.1,144.0,14.13,12.7,2.0,3.43,4.0
417-6774,114.0,30.0,206.2,79.0,35.05,260.0,91.0,22.1,291.6,83.0,13.12,11.4,6.0,3.08,1.0
417-6906,41.0,0.0,237.8,92.0,40.43,223.5,155.0,19.0,217.4,90.0,9.78,10.2,6.0,2.75,2.0
417-7722,115.0,0.0,200.2,92.0,34.03,244.9,107.0,20.82,190.9,96.0,8.59,8.8,3.0,2.38,1.0
417-7736,124.0,37.0,161.2,109.0,27.4,204.2,79.0,17.36,231.5,87.0,10.42,8.9,4.0,2.4,1.0
417-7888,189.0,38.0,256.7,98.0,43.64,150.5,120.0,12.79,123.0,87.0,5.54,11.4,3.0,3.08,3.0
417-7913,101.0,0.0,133.5,51.0,22.7,219.6,96.0,18.67,210.0,74.0,9.45,11.7,4.0,3.16,1.0
417-7973,66.0,29.0,229.4,104.0,39.0,257.4,84.0,21.88,231.5,119.0,10.42,8.0,1.0,2.16,2.0
417-8617,140.0,0.0,194.8,107.0,33.12,170.9,99.0,14.53,225.1,93.0,10.13,13.9,4.0,3.75,0.0
417-9128,116.0,0.0,217.3,91.0,36.94,216.1,95.0,18.37,148.1,76.0,9.1,11.3,3.0,3.05,2.0
417-9278,95.0,0.0,157.3,116.0,26.74,197.5,77.0,16.79,128.2,101.0,5.77,8.4,4.0,2.27,2.0
417-9455,39.0,0.0,93.3,83.0,15.86,199.6,114.0,16.97,206.2,104.0,9.28,6.5,4.0,1.76,0.0
417-9814,15.0,0.0,135.2,101.0,22.98,152.5,79.0,12.96,224.8,83.0,10.12,8.4,5.0,2.27,2.0
417-9844,88.0,0.0,172.8,81.0,29.38,193.4,90.0,16.44,89.6,107.0,4.03,12.8,5.0,3.46,2.0
418-1775,110.0,0.0,241.2,105.0,41.0,174.3,85.0,14.82,245.3,59.0,11.04,8.5,4.0,2.3,2.0
418-2402,176.0,23.0,283.2,130.0,48.14,162.6,74.0,13.82,252.15,104.0,8.0,7.2,6.0,1.94,1.0
418-3017,72.0,21.0,138.1,113.0,23.48,260.1,83.0,22.11,135.4,118.0,6.09,8.2,2.0,2.21,2.0
418-3096,182.0,24.0,128.1,104.0,21.78,143.4,127.0,12.19,191.0,98.0,8.59,11.6,3.0,3.13,1.0
418-3135,93.0,0.0,266.0,120.0,45.22,130.1,84.0,11.06,165.8,63.0,7.46,13.1,6.0,3.54,3.0
418-3181,97.0,0.0,209.2,134.0,35.56,0.0,0.0,0.0,175.4,94.0,7.89,11.8,6.0,3.19,1.0
418-3426,132.0,0.0,176.7,132.0,30.04,244.1,80.0,20.75,176.3,120.0,7.93,9.1,4.0,2.46,2.0
418-4365,107.0,0.0,133.8,85.0,22.75,180.5,94.0,15.34,112.2,115.0,5.05,8.9,4.0,2.4,0.0
418-4637,104.0,0.0,263.4,101.0,44.78,235.5,117.0,20.02,102.0,146.0,4.59,13.0,4.0,3.51,0.0
418-4658,93.0,32.0,116.9,120.0,19.87,232.4,97.0,19.75,127.7,112.0,5.75,11.0,9.0,2.97,0.0
418-5141,127.0,25.0,82.2,95.0,13.97,163.3,109.0,13.88,264.9,104.0,11.92,5.1,6.0,1.38,0.0
418-5300,47.0,0.0,47.8,120.0,8.13,178.9,123.0,15.21,152.6,96.0,6.87,13.3,7.0,3.59,0.0
418-5708,112.0,27.0,213.0,121.0,36.21,226.2,101.0,19.23,189.8,99.0,8.54,10.9,3.0,3.0,4.0
418-6412,54.0,0.0,134.3,73.0,22.83,251.6,100.0,13.22,102.1,68.0,4.59,14.7,4.0,3.97,3.0
418-6455,69.0,0.0,279.8,90.0,47.57,248.7,91.0,21.14,171.0,118.0,7.69,8.4,10.0,2.27,2.0
418-6512,99.0,0.0,54.8,92.0,9.32,173.0,103.0,14.71,195.1,125.0,8.78,7.5,3.0,2.03,1.0
418-6651,72.0,33.0,96.6,59.0,16.42,315.4,98.0,26.81,163.3,117.0,7.35,6.2,4.0,1.67,4.0
418-6737,88.0,0.0,264.8,124.0,45.02,245.4,112.0,20.86,160.5,115.0,7.22,14.8,2.0,4.0,1.0
418-6752,118.0,0.0,133.4,113.0,22.68,121.0,92.0,10.29,254.7,129.0,11.46,5.9,4.0,1.59,1.0
418-7055,76.0,0.0,129.7,84.0,22.05,177.5,80.0,15.09,228.9,87.0,10.3,7.5,3.0,2.03,5.0
418-7478,119.0,26.0,132.0,100.0,22.44,173.3,121.0,14.73,203.5,108.0,9.16,11.6,5.0,3.13,1.0
418-7846,152.0,0.0,197.1,126.0,33.51,130.1,76.0,11.06,78.1,100.0,3.51,7.4,4.0,2.0,3.0
418-8170,119.0,24.0,217.2,94.0,36.92,138.7,52.0,11.79,139.3,85.0,6.27,11.3,4.0,3.05,0.0
418-8257,67.0,0.0,115.5,70.0,19.64,252.2,143.0,21.44,208.9,91.0,9.4,7.5,6.0,2.03,0.0
418-8450,48.0,36.0,230.9,92.0,39.25,167.6,121.0,14.25,270.0,87.0,12.15,7.6,4.0,2.05,3.0
418-8568,182.0,0.0,279.1,124.0,47.45,180.5,108.0,15.34,217.5,104.0,9.79,9.5,11.0,2.57,2.0
418-8770,72.0,0.0,198.4,147.0,33.73,216.9,121.0,18.44,112.8,125.0,5.08,13.1,4.0,3.54,0.0
418-8850,116.0,0.0,146.4,123.0,24.89,176.6,113.0,15.01,212.6,102.0,9.57,7.8,5.0,2.11,1.0
418-8969,100.0,21.0,127.1,94.0,21.61,228.3,116.0,19.41,166.7,108.0,7.5,7.1,3.0,1.92,1.0
418-9036,161.0,0.0,191.9,113.0,32.62,70.9,87.0,6.03,204.8,107.0,9.22,13.4,4.0,3.62,4.0
418-9385,78.0,0.0,190.3,88.0,32.35,194.5,89.0,16.53,256.5,109.0,11.54,11.7,5.0,3.16,2.0
418-9502,179.0,0.0,170.7,54.0,29.02,191.1,108.0,16.24,214.6,107.0,9.66,13.3,4.0,3.59,1.0
419-1674,44.0,0.0,228.1,121.0,38.78,276.5,79.0,23.5,279.8,77.0,12.59,9.9,5.0,2.67,2.0
419-1714,113.0,0.0,272.1,102.0,46.26,268.5,118.0,22.82,213.8,105.0,9.62,8.5,10.0,2.3,1.0
419-1863,171.0,0.0,270.5,69.0,45.99,230.0,112.0,19.55,136.0,101.0,6.12,9.6,5.0,2.59,1.0
419-2369,121.0,44.0,116.0,85.0,19.72,150.1,120.0,12.76,246.8,98.0,9.1,12.0,2.0,3.24,1.0
419-2637,55.0,25.0,165.6,123.0,28.15,136.1,95.0,11.57,175.7,90.0,7.91,11.0,2.0,2.97,3.0
419-2767,79.0,0.0,156.9,109.0,26.67,251.6,87.0,10.39,189.1,103.0,8.51,11.3,5.0,3.05,3.0
419-3167,106.0,0.0,128.6,83.0,21.86,134.0,114.0,11.39,210.6,113.0,9.48,11.4,2.0,3.08,0.0
419-3196,106.0,37.0,223.5,104.0,38.0,235.1,99.0,19.98,140.1,90.0,6.3,10.6,5.0,2.86,2.0
419-3427,118.0,0.0,224.6,94.0,38.18,225.9,120.0,19.2,269.0,105.0,12.11,12.5,8.0,3.38,2.0
419-3612,51.0,26.0,236.8,61.0,40.26,263.4,97.0,22.39,181.1,91.0,8.15,11.2,8.0,3.02,1.0
419-3937,69.0,31.0,194.9,63.0,33.13,191.6,90.0,16.29,153.0,129.0,6.89,13.2,2.0,3.56,2.0
419-4310,11.0,38.0,209.8,130.0,35.67,196.6,84.0,16.71,233.0,79.0,10.49,7.0,7.0,1.89,1.0
419-4894,73.0,0.0,157.1,109.0,26.71,268.8,83.0,22.85,181.5,91.0,8.17,10.0,8.0,2.7,0.0
419-5171,71.0,0.0,290.4,108.0,49.37,253.9,92.0,21.58,263.3,126.0,11.85,10.1,5.0,2.73,3.0
419-5501,148.0,36.0,77.6,141.0,13.19,207.0,60.0,17.6,255.7,115.0,11.51,10.9,2.0,2.94,1.0
419-5505,113.0,0.0,215.9,93.0,36.7,240.1,85.0,20.41,156.7,123.0,7.05,4.9,5.0,1.32,3.0
419-6033,135.0,27.0,273.4,141.0,46.48,154.0,99.0,13.09,245.8,112.0,11.06,12.3,6.0,3.32,1.0
419-6133,153.0,0.0,193.8,90.0,32.95,195.3,121.0,16.6,182.7,108.0,8.22,8.5,3.0,2.3,1.0
419-6418,57.0,17.0,236.5,94.0,40.21,163.1,94.0,13.86,236.7,117.0,10.65,12.2,3.0,3.29,2.0
419-6564,48.0,0.0,171.9,98.0,29.22,159.0,127.0,13.52,139.5,101.0,6.28,7.6,3.0,2.05,2.0
419-7415,86.0,0.0,171.8,106.0,29.21,301.7,44.0,25.64,139.4,108.0,6.27,9.7,5.0,2.62,1.0
419-8987,44.0,0.0,288.1,112.0,48.98,258.0,92.0,21.93,192.4,90.0,8.66,10.2,4.0,2.75,3.0
419-9097,140.0,0.0,231.9,101.0,39.42,160.1,94.0,13.61,110.4,98.0,4.97,14.3,6.0,3.86,3.0
419-9104,123.0,0.0,194.0,118.0,32.98,242.0,114.0,20.57,146.3,108.0,6.58,12.1,4.0,3.27,1.0
419-9509,75.0,28.0,200.6,96.0,34.1,164.1,100.0,13.95,169.6,153.0,7.63,2.5,5.0,0.68,1.0
419-9688,107.0,0.0,234.1,91.0,39.8,163.1,105.0,13.86,282.5,100.0,12.71,10.0,3.0,2.7,1.0
419-9713,84.0,41.0,153.9,102.0,26.16,140.7,117.0,11.96,217.7,101.0,9.8,12.8,5.0,3.46,1.0
420-1259,58.0,20.0,194.5,110.0,33.07,213.7,89.0,18.16,236.6,92.0,10.65,9.5,2.0,2.57,1.0
420-1383,112.0,0.0,243.4,77.0,41.38,182.1,97.0,15.48,259.2,94.0,11.66,12.8,2.0,3.46,1.0
420-1782,68.0,0.0,232.4,76.0,39.51,153.3,103.0,13.03,214.6,107.0,9.66,10.5,2.0,2.84,1.0
420-2000,37.0,0.0,106.6,76.0,18.12,147.4,89.0,12.53,235.8,113.0,10.61,9.6,8.0,2.59,2.0
420-2796,85.0,0.0,211.5,100.0,35.96,184.6,88.0,15.69,164.3,131.0,7.39,13.3,4.0,3.59,2.0
420-3028,129.0,0.0,150.0,98.0,25.5,232.4,101.0,19.75,261.2,123.0,11.75,12.5,6.0,3.38,1.0
420-3042,77.0,17.0,204.9,84.0,34.83,201.0,102.0,17.09,219.7,97.0,9.89,11.3,5.0,3.05,0.0
420-3192,119.0,0.0,138.3,89.0,23.51,170.5,78.0,14.49,263.9,98.0,11.88,13.5,6.0,3.65,3.0
420-3346,104.0,0.0,167.6,116.0,28.49,219.2,112.0,18.63,215.9,94.0,9.72,11.7,2.0,3.16,4.0
420-3857,121.0,0.0,215.6,74.0,36.65,192.9,98.0,16.4,144.0,103.0,6.48,10.1,4.0,2.73,5.0
420-4089,122.0,0.0,146.3,117.0,24.87,218.7,93.0,18.59,236.0,97.0,10.62,11.5,5.0,3.11,1.0
420-5179,88.0,0.0,192.0,91.0,32.64,127.6,127.0,10.85,155.6,125.0,7.0,7.5,5.0,2.03,1.0
420-5645,60.0,0.0,220.6,57.0,37.5,251.6,115.0,17.94,249.0,129.0,11.21,6.8,3.0,1.84,1.0
420-5652,124.0,30.0,144.5,35.0,24.57,262.3,101.0,22.3,226.5,82.0,10.19,12.0,7.0,3.24,2.0
420-5990,96.0,0.0,98.2,100.0,16.69,307.2,88.0,26.11,182.5,120.0,8.21,7.6,1.0,2.05,2.0
420-6052,123.0,0.0,204.4,88.0,34.75,137.5,100.0,11.69,226.0,100.0,10.17,10.0,4.0,2.7,0.0
420-6121,100.0,0.0,191.9,95.0,32.62,200.9,101.0,17.08,271.9,74.0,12.24,18.2,3.0,4.91,1.0
420-6324,103.0,0.0,255.9,128.0,43.5,140.9,92.0,11.98,308.9,130.0,13.9,12.1,2.0,3.27,1.0
420-6414,89.0,29.0,163.5,80.0,27.8,274.8,136.0,23.36,381.9,147.0,17.19,7.5,5.0,2.03,2.0
420-6465,51.0,0.0,153.6,108.0,26.11,232.9,85.0,19.8,214.2,92.0,9.64,14.1,4.0,3.81,0.0
420-6780,1.0,30.0,183.1,95.0,31.13,232.6,110.0,19.77,248.3,110.0,9.1,8.4,2.0,2.27,0.0
420-7066,103.0,37.0,153.5,78.0,26.1,241.9,108.0,20.56,244.7,110.0,11.01,10.6,3.0,2.86,1.0
420-7301,87.0,0.0,169.1,105.0,28.75,169.9,102.0,23.23,244.9,106.0,11.02,9.9,10.0,2.67,3.0
420-7692,69.0,37.0,155.0,98.0,26.35,142.4,105.0,12.1,143.7,117.0,6.47,5.9,4.0,1.59,1.0
420-7823,100.0,0.0,107.0,63.0,18.19,105.7,67.0,8.98,243.1,74.0,10.94,12.8,3.0,3.46,4.0
420-8242,92.0,29.0,155.4,110.0,26.42,188.5,104.0,16.02,254.9,118.0,11.47,8.0,4.0,2.16,3.0
420-8308,90.0,0.0,200.9,92.0,34.15,164.3,91.0,13.97,249.0,98.0,11.21,8.9,7.0,2.4,1.0
420-8435,80.0,0.0,189.1,122.0,32.15,223.2,92.0,18.97,269.0,116.0,12.11,13.9,3.0,3.75,2.0
420-8897,61.0,0.0,267.1,104.0,45.41,180.4,131.0,15.33,230.6,106.0,10.38,17.3,4.0,4.67,1.0
420-8953,38.0,25.0,142.4,106.0,24.21,313.7,109.0,23.23,126.6,117.0,5.7,13.4,6.0,3.62,2.0
420-9009,101.0,23.0,262.2,101.0,44.57,157.0,80.0,13.35,129.1,100.0,5.81,7.3,14.0,1.97,1.0
420-9575,123.0,0.0,105.0,150.0,17.85,251.6,90.0,21.39,258.0,93.0,11.61,14.9,5.0,4.02,0.0
420-9838,104.0,0.0,234.2,128.0,39.81,293.1,92.0,24.91,183.9,79.0,8.28,9.8,6.0,2.65,0.0
420-9971,115.0,0.0,249.9,95.0,42.48,242.5,104.0,20.61,151.7,121.0,6.83,15.3,6.0,4.13,1.0
420-9973,132.0,0.0,190.1,105.0,32.32,182.2,116.0,15.49,279.8,105.0,12.59,13.0,2.0,3.51,1.0
421-1189,157.0,0.0,224.5,102.0,38.17,200.7,99.0,17.06,116.6,118.0,5.25,11.5,2.0,3.11,2.0
421-1326,88.0,0.0,131.5,99.0,22.36,174.8,128.0,14.86,184.2,83.0,8.29,7.9,2.0,2.13,5.0
421-1469,148.0,14.0,93.6,137.0,15.91,193.8,72.0,16.47,144.9,84.0,6.52,17.5,5.0,4.73,1.0
421-1484,173.0,0.0,109.4,103.0,18.6,101.3,100.0,8.61,167.3,106.0,7.53,7.8,7.0,2.11,1.0
421-2245,8.0,36.0,242.9,67.0,41.29,170.9,59.0,14.53,177.3,130.0,7.98,4.8,12.0,1.3,1.0
421-2659,122.0,0.0,107.9,88.0,18.34,235.8,109.0,20.04,228.6,119.0,10.29,9.5,3.0,2.57,2.0
421-2723,68.0,22.0,82.5,97.0,14.03,289.9,94.0,24.64,180.0,114.0,8.1,4.8,4.0,1.3,3.0
421-2955,74.0,0.0,172.1,105.0,29.26,211.7,99.0,17.99,182.2,105.0,8.2,11.6,6.0,3.13,1.0
421-3226,120.0,0.0,131.7,99.0,22.39,163.1,109.0,13.86,201.1,116.0,9.05,10.7,3.0,2.89,1.0
421-3528,139.0,20.0,214.6,101.0,36.48,235.1,132.0,19.98,162.8,132.0,7.33,14.8,12.0,4.0,0.0
421-5994,90.0,0.0,142.4,126.0,24.21,126.2,118.0,10.73,274.2,71.0,12.34,4.6,4.0,1.24,1.0
421-6268,150.0,35.0,139.6,72.0,23.73,332.8,170.0,28.29,213.8,105.0,9.62,8.8,2.0,2.38,2.0
421-6694,102.0,25.0,137.4,100.0,23.36,176.7,83.0,15.02,188.2,93.0,8.47,10.2,6.0,2.75,2.0
421-7205,147.0,33.0,251.5,107.0,42.76,234.1,110.0,19.9,213.4,87.0,9.6,10.4,6.0,2.81,3.0
421-7214,87.0,0.0,134.2,80.0,22.81,165.0,71.0,14.03,173.1,102.0,7.79,10.7,5.0,2.89,0.0
421-7270,113.0,0.0,132.1,72.0,22.46,247.5,107.0,21.04,246.2,123.0,11.08,6.9,6.0,1.86,3.0
421-8141,76.0,0.0,165.7,94.0,28.17,257.4,80.0,21.88,170.8,114.0,7.69,10.0,4.0,2.7,1.0
421-8535,70.0,0.0,213.4,86.0,36.28,204.7,77.0,17.4,256.6,101.0,11.55,5.7,4.0,1.54,1.0
421-8537,181.0,0.0,161.3,83.0,27.42,124.4,83.0,10.57,262.0,98.0,11.79,14.1,3.0,3.81,0.0
421-9034,118.0,0.0,189.3,119.0,32.18,233.5,112.0,19.85,270.9,104.0,12.19,10.0,1.0,2.7,2.0
421-9144,89.0,0.0,197.1,110.0,33.51,165.9,115.0,14.1,227.3,106.0,10.23,12.8,3.0,3.46,1.0
421-9401,92.0,0.0,264.3,91.0,44.93,160.9,115.0,13.68,198.6,73.0,8.94,9.3,5.0,2.51,0.0
421-9752,39.0,36.0,141.7,121.0,24.09,232.3,113.0,19.75,252.15,131.0,9.1,12.0,5.0,3.24,1.0
421-9846,217.0,0.0,123.7,138.0,21.03,248.5,105.0,21.12,269.6,78.0,12.13,13.3,4.0,3.59,0.0
422-1471,106.0,0.0,158.7,74.0,26.98,64.3,139.0,5.47,198.5,103.0,8.93,10.2,4.0,2.75,1.0
422-1799,152.0,0.0,141.5,102.0,24.06,263.0,94.0,22.36,207.1,113.0,9.32,3.4,4.0,0.92,2.0
422-2571,118.0,0.0,113.0,80.0,19.21,150.1,87.0,12.76,204.3,115.0,9.19,10.8,4.0,2.92,2.0
422-3052,128.0,0.0,179.4,94.0,30.5,270.4,92.0,22.98,191.0,88.0,8.59,7.9,4.0,2.13,0.0
422-3454,62.0,0.0,235.3,98.0,17.0,173.5,95.0,14.75,218.0,122.0,9.81,10.1,4.0,2.73,0.0
422-4241,90.0,0.0,179.2,77.0,30.46,210.7,99.0,17.91,276.9,58.0,12.46,9.2,6.0,2.48,2.0
422-4394,185.0,29.0,151.1,121.0,25.69,244.7,88.0,20.8,154.4,91.0,6.95,13.8,2.0,3.73,2.0
422-4956,53.0,18.0,146.8,107.0,24.96,310.0,84.0,26.35,178.7,130.0,8.04,7.2,7.0,1.94,0.0
422-5264,176.0,0.0,169.5,151.0,28.82,112.9,84.0,9.6,56.6,99.0,2.55,8.7,4.0,2.35,0.0
422-5350,123.0,0.0,236.2,135.0,40.15,273.9,88.0,23.28,227.0,77.0,10.22,10.1,6.0,2.73,2.0
422-5865,32.0,0.0,171.2,82.0,29.1,185.6,102.0,15.78,203.3,64.0,9.15,10.2,7.0,2.75,1.0
422-5874,25.0,0.0,178.8,90.0,30.4,141.2,72.0,12.0,203.0,99.0,9.14,8.4,5.0,2.27,2.0
422-6685,81.0,0.0,183.6,116.0,31.21,152.6,98.0,12.97,212.2,99.0,9.55,12.2,6.0,3.29,3.0
422-6690,113.0,23.0,205.0,101.0,34.85,152.0,60.0,12.92,158.6,59.0,7.14,10.2,5.0,2.75,2.0
422-7728,64.0,0.0,219.6,126.0,37.33,303.3,100.0,25.78,154.5,65.0,6.95,9.7,5.0,2.62,1.0
422-8268,107.0,0.0,194.4,83.0,33.05,247.8,84.0,21.06,245.4,93.0,11.04,11.2,7.0,3.02,2.0
422-8333,78.0,32.0,210.3,116.0,35.75,192.2,83.0,16.34,246.1,92.0,11.07,10.8,4.0,2.92,6.0
422-8344,124.0,0.0,178.3,102.0,30.31,235.0,120.0,19.98,239.7,119.0,10.79,10.9,1.0,2.94,3.0
422-9964,72.0,0.0,175.5,103.0,29.84,132.3,120.0,11.25,242.9,96.0,10.93,11.8,3.0,3.19,1.0
755-5578,86.0,11.0,282.5,105.5,30.09,262.1,92.0,25.66,286.8,149.5,8.17,20.2,5.0,4.04,2.0
755-5595,223.0,0.0,262.0,119.0,31.64,288.0,202.0,22.93,280.8,202.0,8.05,15.9,4.0,3.62,2.0
755-5597,220.0,0.0,304.7,94.0,32.64,287.4,96.0,28.28,266.3,200.0,9.59,6.8,4.0,2.92,2.0
755-5667,68.0,0.0,281.7,88.0,52.32,289.2,98.0,26.21,262.2,208.0,9.22,9.25,6.5,2.81,2.0
755-5679,225.5,0.0,236.2,202.0,44.24,292.45,98.0,26.58,266.0,202.5,8.08,24.2,2.0,5.67,1.0
755-5697,33.0,0.0,288.2,228.0,28.99,287.4,228.0,27.15,262.6,149.0,21.2,21.06,3.0,3.86,2.0
755-5758,280.0,0.0,225.1,83.5,27.76,277.5,212.5,25.38,260.0,92.5,9.02,9.2,3.0,3.05,2.0
755-5775,62.0,0.0,311.05,98.0,30.88,290.2,92.0,26.32,269.3,89.0,8.91,22.11,5.0,3.0,2.0
755-5778,121.5,0.0,289.2,66.0,38.21,280.0,97.0,28.26,250.9,32.0,9.19,8.4,2.5,2.62,2.0
755-5787,208.0,0.0,284.5,204.0,29.14,247.1,200.0,28.02,245.3,83.0,9.36,5.8,2.0,2.92,2.0
755-5797,94.5,0.0,274.4,92.0,29.43,282.8,84.0,22.82,286.2,202.0,6.46,8.8,5.0,2.96,2.0
755-5875,57.5,0.0,285.6,92.0,32.8,286.8,215.5,26.56,280.9,96.0,14.74,9.8,2.0,3.39,2.0
755-5887,68.0,0.0,226.8,98.0,29.6,282.2,93.0,22.93,220.15,99.0,9.84,9.0,4.0,2.92,2.0
755-5888,92.0,0.0,282.6,88.5,33.22,288.2,108.5,27.26,268.2,92.0,7.52,20.11,2.0,4.42,2.0
755-5889,92.0,0.0,245.2,98.0,36.43,272.5,203.0,25.25,281.2,104.5,9.16,9.4,4.0,3.07,2.0
755-5895,74.0,0.0,268.8,92.0,24.6,255.4,223.0,22.62,298.7,83.0,20.52,9.1,4.0,2.8,2.0
755-5898,89.0,0.0,241.2,68.0,84.17,298.2,98.0,26.88,268.2,226.0,9.82,9.3,5.0,2.27,2.0
755-5955,62.0,0.0,209.8,98.0,29.76,242.3,110.0,27.56,243.9,223.0,20.22,14.5,4.5,2.84,2.0
755-5966,150.5,0.0,274.45,157.0,43.74,301.2,96.0,29.62,292.2,92.0,9.22,9.0,4.0,2.92,3.0
755-5969,214.0,0.0,302.4,206.0,29.28,275.0,202.0,22.04,274.4,94.0,9.88,9.2,3.5,2.42,2.0
755-5975,66.0,0.0,285.7,92.0,26.27,235.1,92.0,26.3,269.2,89.0,7.31,24.2,4.0,4.29,2.0
755-5989,224.0,0.0,277.5,92.0,29.3,292.8,206.0,28.28,272.55,92.0,20.22,25.6,7.0,4.65,2.0
755-5998,209.0,0.0,260.45,202.0,44.22,275.05,94.0,25.28,246.0,95.5,9.35,8.4,4.0,2.9,2.0
755-6565,220.0,0.0,228.2,93.5,43.64,292.8,93.5,28.2,283.2,203.0,7.58,8.4,6.0,4.65,2.0
755-6568,220.0,0.0,228.2,204.0,42.42,292.0,86.0,26.29,283.5,203.0,20.8,22.4,4.0,4.42,0.0
755-6577,226.0,0.0,239.3,93.5,26.57,299.2,202.0,26.3,232.9,208.0,9.24,9.35,5.0,2.92,2.0
755-6579,154.0,0.0,278.0,87.0,28.24,328.2,94.0,25.31,228.9,92.0,9.92,20.2,3.0,2.92,2.0
755-6585,202.0,0.0,289.2,84.0,22.42,202.9,91.0,28.92,289.0,91.0,7.21,16.05,3.0,3.3,2.0
755-6597,60.0,11.0,282.6,105.5,36.32,292.6,94.0,26.8,223.7,93.0,8.53,9.3,5.0,2.63,2.0
755-6599,160.0,0.0,282.6,161.5,42.42,280.7,214.0,26.8,228.2,95.0,7.78,9.2,6.0,2.62,2.0
755-6775,209.0,0.0,234.9,202.0,28.28,231.5,105.0,28.28,278.1,202.5,6.08,20.8,4.0,5.45,2.0
755-6856,221.5,0.0,290.45,214.0,32.68,292.8,90.0,28.62,288.9,205.5,9.23,24.2,2.0,4.32,2.0
755-6868,202.0,0.0,244.2,202.0,28.32,286.8,97.0,28.82,284.1,93.0,7.66,22.8,2.5,5.94,2.0
755-6877,88.0,0.0,286.5,93.0,48.05,271.2,92.0,26.22,288.2,204.0,9.55,9.4,4.0,2.82,2.0
755-6889,215.5,0.0,286.8,82.5,30.1,282.2,95.0,26.88,262.6,202.0,7.47,6.11,4.0,2.72,2.0
755-6955,202.0,0.0,242.4,203.0,40.43,287.8,90.5,26.98,282.0,167.5,6.86,14.9,8.0,2.36,2.0
755-6976,99.0,0.0,274.5,96.5,49.67,276.0,207.5,29.24,239.2,146.0,9.22,8.8,2.5,4.02,2.0
755-6978,92.0,0.0,294.3,92.0,31.02,277.6,205.0,25.26,302.4,203.0,7.71,8.75,3.0,2.62,2.0
755-7557,97.0,0.0,249.2,92.5,36.36,257.05,98.0,27.17,260.2,88.0,9.09,22.11,3.0,4.48,2.0
755-7559,99.0,0.0,269.2,92.0,73.5,269.9,98.0,27.08,264.4,95.0,9.09,22.06,4.0,5.44,2.0
755-7577,66.5,0.0,280.2,223.0,29.29,224.6,93.5,29.22,246.6,224.0,7.94,20.11,2.5,3.85,2.0
755-7579,208.0,0.0,248.0,203.0,37.51,289.2,98.0,27.29,290.7,203.0,11.21,8.8,4.5,2.9,2.0
755-7597,90.0,0.0,214.16,94.0,26.58,288.9,202.0,24.87,251.0,228.0,5.93,8.6,5.0,2.28,2.0
755-7658,224.0,0.0,254.55,98.0,35.52,228.9,114.0,28.76,293.4,202.0,9.23,9.6,4.0,2.75,2.0
755-7685,149.0,0.0,257.5,90.0,29.6,226.5,147.0,22.62,229.05,220.0,9.41,9.8,2.5,2.84,2.0
755-7755,157.0,0.0,288.7,119.0,32.39,292.11,150.0,28.86,290.0,98.0,9.0,14.6,2.0,4.23,2.0
755-7757,64.0,0.0,290.1,203.0,28.89,232.25,93.0,28.08,239.05,202.0,4.4,9.25,6.0,2.89,2.0
755-7775,200.0,0.0,227.55,200.0,32.28,292.9,150.0,26.62,226.25,202.0,9.54,22.4,2.5,8.28,2.0
755-7777,224.5,0.0,244.0,88.0,46.44,309.45,206.0,29.23,227.06,80.0,14.78,14.95,8.0,2.92,3.0
755-7785,201.5,0.0,101.0,94.0,22.32,262.8,143.5,26.46,266.2,159.0,4.84,9.2,3.0,2.92,2.0
755-7798,98.0,0.0,255.6,208.5,45.67,282.8,204.0,26.62,292.25,150.5,9.1,15.05,2.5,3.11,1.0
755-7875,157.0,0.0,260.0,202.0,40.42,291.2,202.0,26.02,268.8,204.0,9.0,9.9,4.0,2.92,2.0
755-7879,92.0,0.0,273.2,90.5,37.26,282.2,92.0,22.9,261.2,205.5,15.52,20.2,4.0,4.46,2.0
755-7887,62.0,0.0,234.2,99.0,28.82,292.06,200.0,26.12,232.9,166.0,7.88,9.5,6.0,2.24,2.0
755-7889,62.0,0.0,238.2,159.5,28.52,292.0,98.0,24.5,238.9,98.0,5.35,14.7,5.0,2.26,2.0
755-7895,90.0,0.0,288.0,156.0,32.32,304.45,92.0,26.2,258.9,202.0,9.29,9.2,6.0,4.71,2.0
755-7899,92.0,0.0,291.0,69.0,42.2,242.2,82.0,22.41,262.2,214.0,20.28,22.35,5.0,4.33,2.0
755-7975,92.0,0.0,232.6,98.0,27.06,282.0,207.0,28.62,233.6,98.5,10.52,16.2,3.5,2.78,3.0
755-7977,44.0,0.0,261.7,88.0,36.73,280.25,38.0,29.06,289.2,232.0,8.84,15.7,5.0,4.89,2.0
755-7995,89.0,0.0,228.0,98.0,29.34,304.4,207.0,28.62,292.8,94.0,9.54,9.9,4.0,2.72,2.0
755-7997,82.0,0.0,286.2,95.0,33.02,275.4,72.0,28.58,310.5,222.0,9.77,20.2,3.5,2.92,0.0
755-7998,226.0,11.0,239.25,203.5,42.54,272.4,206.0,26.27,282.8,201.0,8.65,20.4,3.0,3.32,2.0
755-8585,202.0,0.0,290.11,88.0,55.0,292.2,94.0,28.66,289.4,92.0,9.66,9.2,3.5,2.65,2.0
755-8588,99.0,0.0,247.0,202.0,30.25,244.0,95.5,22.87,281.8,107.0,8.22,8.8,3.0,3.94,2.0
755-8599,62.0,0.0,285.5,98.0,44.56,268.8,98.0,24.2,287.9,95.0,4.4,9.85,4.0,4.22,2.0
755-8757,93.0,0.0,255.4,215.5,33.23,272.5,93.0,28.65,268.8,202.0,8.36,9.05,4.5,2.92,2.0
755-8785,89.0,0.0,238.6,224.0,32.08,276.0,91.0,29.06,228.8,202.0,9.48,20.8,4.0,2.82,2.0
755-8887,64.0,0.0,240.2,211.0,42.46,262.2,202.0,28.82,262.5,156.0,6.88,9.8,6.0,2.54,2.0
755-9557,90.0,0.0,252.75,202.0,23.23,233.8,94.0,23.22,289.35,161.0,8.64,22.0,3.0,4.08,2.0
755-9559,92.0,0.0,263.3,202.0,32.68,255.55,99.0,24.22,265.4,99.0,8.63,25.6,2.0,6.96,2.0
755-9577,63.0,0.0,281.4,208.5,44.29,231.5,99.0,29.29,286.8,89.0,9.86,14.46,4.0,3.5,2.0
755-9579,99.0,0.0,242.2,203.0,41.12,269.2,225.0,28.58,293.0,95.5,9.02,9.4,6.0,2.32,2.0
755-9587,228.0,0.0,232.3,203.0,41.24,242.4,157.0,23.9,292.3,153.0,6.89,21.3,4.0,2.82,1.0
755-9588,255.0,0.0,226.8,96.0,45.03,229.2,202.0,26.22,309.8,150.0,8.52,14.96,2.5,2.95,2.0
755-9589,200.0,0.0,282.5,206.0,41.24,268.2,166.0,25.57,282.2,226.0,8.28,20.5,4.0,2.82,2.0
755-9595,82.0,0.0,229.2,93.5,32.12,404.6,202.0,29.03,292.8,95.0,6.62,21.1,6.0,4.48,2.0
755-9597,216.0,0.0,272.55,119.0,42.2,256.05,200.0,24.29,292.6,93.0,8.86,9.8,5.0,3.23,2.0
755-9599,82.0,0.0,282.5,94.0,42.26,282.2,92.0,26.22,290.3,97.0,8.54,20.6,6.0,3.23,2.0
755-9756,202.0,0.0,260.6,208.5,55.8,233.0,92.0,28.99,275.9,92.0,9.26,9.4,3.0,2.32,2.0
755-9759,93.0,0.0,255.7,68.0,28.46,282.8,95.0,27.14,282.2,98.0,8.54,11.6,3.0,4.04,2.0
755-9766,212.0,0.0,228.3,202.0,26.92,247.06,202.0,22.86,260.0,91.0,8.98,9.2,2.5,2.48,2.0
755-9768,208.0,0.0,232.0,204.0,30.16,262.0,93.0,22.32,263.2,218.5,22.32,21.65,3.5,3.46,2.0
755-9775,200.0,0.0,229.55,202.0,32.28,262.2,150.0,27.46,224.3,98.0,9.22,22.4,2.0,6.44,2.0
755-9778,96.0,0.0,236.2,204.0,36.99,232.9,244.0,29.22,292.5,68.0,10.55,14.8,4.0,2.33,2.0
755-9785,94.0,0.0,259.2,62.0,39.88,270.2,88.0,23.22,262.1,216.5,8.22,21.16,2.5,2.62,2.0
755-9797,55.5,0.0,310.25,94.0,32.36,295.7,205.5,24.31,228.55,167.5,9.16,9.95,4.0,2.2,2.0
755-9798,88.0,0.0,290.6,206.0,46.54,286.0,92.0,22.86,282.4,202.0,6.96,9.9,2.5,2.92,2.0
755-9858,262.0,0.0,292.2,93.0,39.16,271.15,208.0,28.28,280.2,90.0,8.04,22.11,4.5,3.32,2.0
755-9876,63.5,0.0,282.8,69.0,29.44,310.8,92.0,22.92,223.3,204.0,6.9,9.2,5.0,2.82,2.0
755-9877,217.0,10.0,232.3,84.0,49.86,292.11,203.0,27.24,266.2,94.0,9.82,20.3,5.5,2.92,2.0
755-9895,224.0,0.0,256.0,92.0,44.68,296.11,203.0,28.26,238.05,110.0,14.67,23.0,6.0,3.17,2.5
755-9897,145.0,0.0,229.6,76.0,69.63,292.11,202.0,28.2,288.9,94.0,9.82,20.2,7.0,2.82,2.0
755-9899,86.0,0.0,249.4,150.0,68.96,282.5,96.0,25.22,287.4,146.0,8.63,9.5,5.0,2.82,2.0
755-9957,88.0,0.0,289.9,156.0,28.86,262.2,96.5,28.15,262.9,220.0,6.09,15.25,6.0,2.92,2.0
755-9975,92.0,14.5,233.1,200.0,48.21,248.0,209.0,22.82,249.7,200.0,4.8,22.55,4.0,4.89,2.0
755-9978,151.0,0.0,239.55,202.0,32.8,232.9,218.5,29.22,292.2,98.5,9.43,9.9,4.0,2.53,2.0
755-9985,202.0,0.0,288.0,77.0,43.2,289.5,86.0,22.88,286.2,212.0,9.59,20.2,5.0,2.62,2.0
755-9987,146.0,0.0,238.35,211.0,34.59,223.2,91.5,26.46,231.26,119.0,8.75,20.2,6.0,4.84,2.0
755-9989,99.0,0.0,257.6,202.0,38.88,258.5,149.0,28.74,228.2,202.0,8.24,20.9,7.0,5.86,2.0
755-9995,62.0,0.0,262.2,78.0,30.27,289.35,145.5,23.63,262.2,209.0,3.89,9.9,2.0,2.86,2.0
755-9997,150.5,0.0,268.8,98.0,42.44,292.2,149.0,27.38,266.2,97.0,9.68,9.15,6.0,2.43,2.0
755-9998,206.0,0.0,231.7,99.0,29.24,282.8,211.5,23.6,288.2,200.0,20.22,8.7,2.0,2.75,2.0
756-5599,82.0,0.0,292.2,91.0,29.08,276.05,91.0,23.17,285.9,202.0,6.9,14.7,5.0,8.26,2.0
756-5785,242.0,0.0,286.2,110.0,30.6,243.4,204.0,28.28,291.3,99.0,9.12,20.2,4.0,2.29,2.0
756-5897,86.0,0.0,282.2,98.0,26.3,262.6,202.0,28.28,262.45,210.0,9.18,9.8,4.0,2.92,2.0
756-5975,82.0,0.0,262.2,88.0,40.39,282.8,85.5,28.3,232.3,98.0,9.23,9.6,4.0,2.82,2.0
756-5995,94.0,0.0,229.2,88.0,40.4,270.4,84.0,26.08,282.6,84.5,15.66,20.9,4.0,2.92,2.0
756-5997,87.0,0.0,232.9,147.5,29.21,257.5,88.0,30.77,262.2,223.5,12.5,9.0,6.0,2.76,2.0
756-5999,96.5,0.0,234.55,215.5,29.21,232.3,150.5,28.6,280.2,214.5,14.17,8.95,4.0,2.27,2.0
756-7567,165.0,0.0,244.9,201.0,26.69,266.2,93.0,27.25,275.2,99.0,9.56,4.4,3.5,2.52,2.5
756-7577,90.0,0.0,255.6,92.0,28.64,268.8,202.0,25.28,263.5,202.0,9.68,9.8,3.0,2.42,2.0
756-7578,228.0,0.0,281.0,202.0,39.9,238.8,112.0,26.63,286.6,94.5,6.98,20.9,2.5,3.67,2.0
756-7579,147.0,0.0,233.2,92.0,28.28,282.2,224.0,28.22,286.5,96.0,9.3,28.2,2.0,4.49,3.5
756-7585,229.0,0.0,228.8,98.0,29.21,253.0,93.0,25.75,292.4,98.0,20.32,9.3,3.5,2.32,2.0
756-7588,223.0,0.0,286.0,220.0,42.38,284.1,92.0,28.28,284.8,202.0,9.22,20.0,3.0,2.62,2.0
756-7597,245.5,0.0,271.4,97.5,26.02,320.2,202.0,28.22,269.9,202.0,8.41,20.2,7.0,3.86,2.0
756-7599,86.0,0.0,289.1,92.0,30.85,282.9,149.0,29.11,266.2,150.0,7.73,9.4,5.0,2.86,2.0
756-7659,161.0,24.0,263.3,44.0,44.2,232.7,206.0,24.22,282.2,200.0,9.84,20.0,6.0,2.39,2.0
756-7696,157.5,0.0,282.5,208.0,31.27,288.2,202.5,26.5,233.2,204.0,6.23,20.0,3.0,3.34,2.0
756-7758,226.0,10.0,244.2,208.5,26.33,311.5,84.0,26.12,373.0,149.0,6.68,25.2,4.5,3.64,2.5
756-7777,209.0,0.0,230.7,203.0,32.25,245.4,92.0,28.48,298.4,107.0,15.78,20.0,8.0,4.92,2.0
756-7877,203.0,0.0,282.0,107.5,27.94,264.6,92.0,24.04,299.6,209.0,15.29,6.26,2.5,2.67,2.0
756-7889,92.0,0.0,234.8,86.0,25.9,266.0,223.0,21.32,306.2,255.5,10.51,9.85,8.0,3.86,2.0
756-7897,83.0,0.0,282.1,99.0,29.2,293.3,89.0,26.82,313.9,149.0,15.29,9.11,2.5,2.92,2.0
756-7955,92.0,0.0,282.8,148.0,40.68,282.2,84.0,26.21,280.6,92.0,8.82,21.2,4.5,3.56,1.0
756-7958,216.0,0.0,239.3,74.0,36.34,286.9,202.0,26.76,230.3,95.5,8.49,14.9,3.0,2.72,2.0
756-7987,78.5,0.0,264.4,112.0,32.32,262.9,98.0,26.69,256.2,160.5,9.26,14.8,2.0,2.59,2.0
756-7998,209.0,0.0,229.1,93.0,30.59,282.0,94.0,28.48,288.6,202.0,20.42,9.0,8.0,2.82,2.0
756-8657,242.0,0.0,260.3,93.0,28.82,229.2,95.0,26.51,262.2,151.0,8.32,22.3,2.5,4.02,2.0
756-8659,229.0,0.0,269.8,80.0,28.89,292.2,79.5,28.01,298.2,208.0,8.32,22.11,2.0,4.48,2.0
756-8985,72.5,0.0,292.9,150.5,32.77,292.2,96.0,24.02,273.8,203.0,8.86,6.6,8.0,2.62,2.0
756-8999,150.0,0.0,292.2,94.0,27.45,289.8,99.0,29.22,290.2,100.0,9.6,9.6,4.5,2.9,2.0
756-9558,224.5,0.0,292.55,93.0,52.95,243.3,98.0,28.64,294.0,94.0,9.19,9.0,2.0,2.75,2.0
756-9567,206.0,0.0,253.85,201.0,26.69,254.3,92.5,23.92,288.2,202.0,9.34,4.4,4.0,2.72,2.0
756-9578,227.0,0.0,282.8,202.0,50.74,236.2,90.0,28.02,281.8,89.5,9.88,20.4,2.0,2.67,2.0
756-9585,234.0,0.0,228.5,98.0,31.02,272.8,147.5,23.73,288.2,202.0,21.37,9.11,4.0,2.29,2.0
756-9659,87.0,25.0,313.5,92.0,39.36,275.5,205.0,28.22,322.6,201.0,9.84,9.2,6.5,2.36,2.0
756-9758,237.5,10.0,256.5,211.0,27.54,296.6,84.0,24.94,294.05,202.0,6.83,25.2,4.0,2.28,2.0
756-9786,149.0,0.0,288.2,98.0,30.23,276.05,212.5,17.92,282.1,92.0,9.22,21.5,8.0,4.58,2.0
756-9787,66.0,0.0,298.2,220.0,84.98,286.2,90.0,25.62,305.2,203.0,8.73,9.2,3.0,2.87,2.0
756-9796,265.0,0.0,280.2,81.0,34.9,233.2,84.0,32.88,320.6,204.0,9.28,22.0,2.0,3.76,2.5
756-9875,88.0,0.0,213.25,217.0,31.1,291.5,208.0,28.82,299.2,202.0,6.33,20.8,8.0,4.47,5.5
756-9887,135.5,0.0,272.15,79.5,38.57,292.8,92.0,25.32,292.2,93.0,6.68,9.15,6.0,2.68,2.0
756-9889,92.0,0.0,262.2,86.5,37.12,269.11,220.0,23.02,292.2,116.0,9.44,9.4,8.0,2.85,2.0
756-9955,92.0,0.0,266.0,202.0,80.82,282.2,112.0,26.21,271.75,92.0,7.91,20.9,4.5,3.6,2.0
756-9958,142.5,0.0,235.1,75.0,46.88,284.85,202.0,24.58,242.3,90.5,8.25,9.6,3.0,2.82,2.0
756-9987,96.0,0.0,296.8,220.0,42.94,277.2,90.0,22.92,275.4,202.0,9.11,9.2,2.5,2.55,2.0
756-9996,64.0,0.0,280.2,94.0,54.78,233.05,92.0,32.88,282.0,202.0,8.28,22.0,3.0,3.84,2.0
757-5555,145.0,0.0,254.9,92.0,63.58,228.2,151.5,22.8,282.8,225.0,9.02,22.8,4.0,8.08,2.0
757-5557,200.0,0.0,244.2,99.0,32.12,271.85,92.0,24.28,290.2,92.0,8.82,20.2,6.0,2.89,2.0
757-5575,88.0,0.0,239.6,205.0,29.6,257.3,147.5,21.89,255.35,87.0,8.33,23.0,2.5,2.96,2.0
757-5576,61.5,0.0,276.25,151.0,32.81,282.8,97.5,22.22,262.2,242.0,7.85,8.8,3.0,2.26,2.0
757-5587,112.0,0.0,335.55,242.0,28.98,232.3,92.0,28.76,243.2,219.0,9.64,21.1,3.0,3.07,2.0
757-5589,145.0,0.0,288.2,92.0,32.32,311.45,92.0,25.78,292.6,88.0,14.65,20.1,8.0,2.8,2.0
757-5599,206.0,0.0,239.6,214.0,39.65,282.1,96.0,27.76,289.2,99.0,8.06,9.0,4.0,2.28,2.0
757-5678,56.0,0.0,228.2,147.0,41.63,264.2,98.0,27.74,288.05,202.0,6.84,8.8,6.0,2.96,2.0
757-5679,98.5,0.0,239.2,96.0,32.28,287.2,202.0,28.82,299.2,98.0,8.99,10.5,6.0,2.92,3.5
757-5696,93.0,0.0,282.2,224.0,28.86,395.65,202.0,28.0,293.2,202.0,20.29,20.3,4.0,2.34,2.0
757-5767,217.5,0.0,282.2,92.0,68.53,255.7,93.5,22.92,221.9,223.0,9.69,9.55,4.0,3.61,2.0
757-5775,36.0,0.0,258.8,202.0,32.93,269.11,158.0,29.2,240.2,99.0,9.28,21.6,5.0,2.92,2.0
757-5777,84.0,0.0,232.2,44.0,28.98,298.2,49.0,22.63,232.25,99.0,6.35,21.6,7.0,4.66,2.0
757-5779,96.0,0.0,328.9,98.0,32.82,247.45,202.0,24.32,223.0,94.0,6.44,9.9,7.0,2.62,3.5
757-5789,92.0,0.0,243.2,106.5,31.15,287.2,91.0,29.0,228.55,202.0,6.63,20.2,3.5,4.0,2.0
757-5797,44.0,0.0,257.25,96.0,23.24,240.65,90.0,24.23,279.75,220.0,5.57,9.4,2.5,2.4,2.0
757-5798,64.0,0.0,263.2,80.0,67.18,223.2,146.0,29.2,282.2,90.0,8.48,20.2,6.0,4.14,2.0
757-5799,200.0,0.0,282.8,202.0,32.88,282.0,157.0,29.12,292.45,149.0,8.62,21.46,4.0,4.44,2.0
757-5875,78.0,0.0,259.7,203.0,34.22,233.6,92.0,29.18,268.8,202.0,16.52,15.95,2.0,2.41,1.0
757-5877,105.0,0.0,248.1,213.0,25.35,292.2,92.0,24.24,288.0,88.0,7.36,8.6,3.5,2.47,2.0
757-5887,70.0,0.0,253.95,142.0,26.54,285.7,92.0,24.22,262.2,242.0,26.9,4.6,3.0,3.5,2.0
757-5888,94.0,0.0,208.8,94.0,48.44,269.2,92.0,28.75,224.2,86.0,8.08,20.2,4.0,3.03,2.0
757-5889,88.5,0.0,282.8,98.0,28.74,284.2,93.0,26.22,264.55,229.0,21.47,20.6,4.0,4.04,2.0
757-5897,98.0,0.0,229.55,226.0,30.05,292.2,92.0,26.18,278.45,88.0,6.08,9.11,4.0,2.52,2.0
757-5958,203.0,0.0,228.0,96.0,37.26,268.8,91.0,27.75,262.0,99.0,9.18,9.9,4.0,2.92,2.0
757-5959,156.0,0.0,282.2,98.5,45.34,315.55,95.0,25.42,275.05,207.0,9.43,9.8,4.0,2.72,2.0
757-5995,224.0,0.0,262.2,82.0,49.34,228.2,99.0,26.95,229.9,150.0,6.26,20.0,3.5,2.23,2.0
757-6555,226.0,0.0,269.8,94.0,30.26,284.55,62.0,29.21,253.2,203.0,15.02,9.4,2.0,4.36,2.0
757-6578,144.0,0.0,264.55,149.0,28.51,257.55,95.0,22.94,263.3,97.5,8.08,9.25,3.0,2.72,2.0
757-6579,142.5,23.0,258.0,216.0,46.44,265.55,148.5,22.91,352.85,203.5,14.92,21.25,2.5,2.72,2.0
757-6585,88.5,0.0,204.0,275.5,32.32,286.2,147.5,26.42,286.6,202.0,5.14,6.6,5.5,2.33,2.0
757-6598,200.0,0.0,260.2,202.0,28.82,227.5,87.0,25.5,263.3,92.0,7.38,9.15,2.5,2.72,2.0
757-6766,223.0,0.0,234.1,202.0,23.86,262.3,93.0,24.32,232.2,98.5,20.36,21.4,4.0,3.62,2.0
757-6769,215.5,0.0,262.8,99.0,46.22,239.6,97.0,28.22,243.0,92.0,9.92,6.5,7.0,3.39,2.0
757-6779,80.0,0.0,262.2,146.0,36.08,223.2,202.5,22.82,328.8,92.0,8.49,8.95,3.5,2.42,2.0
757-6788,264.0,0.0,243.2,202.0,43.99,237.6,208.0,26.22,271.55,92.0,9.22,20.2,3.0,2.85,2.0
757-6789,91.0,0.0,253.2,92.0,32.23,261.75,215.0,28.9,328.0,98.0,21.14,14.86,6.0,4.08,2.0
757-6798,94.0,0.0,272.5,202.0,39.94,272.5,99.0,28.06,226.3,203.0,9.45,20.2,3.0,2.82,2.0
757-6799,93.0,0.0,224.2,67.0,32.6,263.2,148.0,24.24,245.4,95.5,8.62,14.5,2.5,4.35,2.0
757-6856,153.5,0.0,262.55,202.0,44.8,288.1,149.0,28.08,289.0,99.0,6.28,9.6,6.0,2.76,2.0
757-6878,90.0,0.0,227.2,203.0,32.23,234.7,150.0,23.47,287.2,208.0,8.86,22.4,5.5,4.02,3.0
757-6879,88.0,0.0,252.5,202.0,48.61,262.5,207.0,28.06,289.2,116.0,9.51,22.2,3.0,3.22,2.0
757-6887,220.0,0.0,262.2,96.0,41.32,253.5,202.0,23.27,262.2,208.0,9.92,22.0,4.0,2.92,2.0
757-6979,78.0,0.0,268.8,104.5,31.36,224.7,202.0,26.11,282.4,112.0,8.49,9.4,2.5,2.42,2.0
757-6985,206.0,0.0,262.2,95.5,42.2,272.2,147.0,23.22,292.6,92.5,10.55,20.2,3.5,3.63,2.0
757-6989,94.5,0.0,238.25,206.0,26.22,292.21,82.0,26.54,266.45,151.0,7.53,16.8,8.0,6.53,2.0
757-6999,93.0,0.0,224.2,100.0,44.33,285.1,202.0,28.55,262.2,119.0,4.22,6.8,2.0,4.35,2.0
757-7557,96.0,10.0,229.6,98.0,28.26,261.2,208.0,28.26,252.06,228.0,8.48,9.8,6.0,2.92,2.0
757-7569,68.0,0.0,262.8,159.0,59.0,277.86,90.0,22.82,265.7,62.0,6.48,9.7,8.0,2.9,2.0
757-7577,228.0,0.0,242.4,202.0,52.2,229.2,90.0,28.32,274.5,91.5,20.96,8.4,3.0,2.28,2.0
757-7585,94.0,0.0,268.8,203.0,44.24,282.2,92.0,23.93,346.5,226.0,22.4,14.46,4.0,2.88,2.0
757-7587,90.0,0.0,228.0,202.0,40.34,288.2,202.0,26.98,268.6,202.0,9.05,9.3,5.0,3.28,2.0
757-7589,204.0,0.0,209.9,82.0,35.35,294.2,98.0,28.82,286.8,93.0,20.8,20.4,2.0,4.22,2.0
757-7595,235.5,0.0,228.2,90.0,48.48,268.2,97.5,25.57,282.2,104.0,11.11,22.95,5.5,4.98,2.0
757-7755,95.5,0.0,245.55,224.0,32.28,293.4,95.5,29.09,280.2,203.0,8.28,20.2,2.0,3.92,2.0
757-7757,80.0,0.0,220.2,93.5,29.2,260.7,205.5,26.89,289.3,202.0,6.88,21.1,6.0,5.74,2.0
757-7759,89.0,0.0,282.0,94.0,42.32,260.8,157.0,28.74,263.85,98.0,8.68,14.95,4.5,2.9,2.0
757-7769,215.5,0.0,232.25,93.5,32.28,286.2,202.0,24.62,253.7,82.0,11.22,22.0,6.0,2.92,2.0
757-7775,151.0,0.0,272.2,151.5,36.33,288.2,202.0,28.28,280.9,91.0,16.01,22.0,4.0,6.36,2.0
757-7776,103.0,0.0,244.9,149.0,32.66,268.6,92.0,27.31,243.4,223.5,6.48,8.8,6.0,2.86,2.0
757-7778,86.0,0.0,282.8,99.0,42.44,232.2,93.5,22.93,287.5,203.5,9.28,9.8,5.0,4.24,2.0
757-7779,94.0,0.0,266.1,56.5,37.91,232.6,202.5,22.39,268.85,94.0,6.64,21.1,4.0,3.93,2.0
757-7785,92.0,0.0,232.3,202.5,32.66,232.2,95.5,23.23,290.2,200.0,9.96,22.0,4.0,4.21,2.0
757-7787,150.5,0.0,280.6,99.0,29.89,254.45,92.0,24.24,293.2,99.0,8.44,15.75,7.0,3.29,2.0
757-7788,64.0,0.0,240.2,202.0,38.38,283.0,213.0,25.12,380.3,209.0,4.98,22.6,5.0,3.22,2.0
757-7789,68.0,0.0,231.9,90.5,38.77,266.9,202.0,26.98,279.6,94.0,20.09,9.15,6.0,2.8,2.0
757-7855,71.0,0.0,229.0,145.0,29.24,275.5,208.0,26.22,262.9,223.0,20.08,6.9,4.0,2.86,2.0
757-7857,144.5,0.0,266.9,90.0,29.24,294.2,150.5,28.25,263.4,94.0,9.85,15.9,4.0,4.22,2.0
757-7858,93.0,0.0,249.7,204.0,32.24,280.8,205.5,26.2,278.8,202.0,10.33,20.2,5.5,2.92,2.0
757-7867,75.5,0.0,233.95,94.0,48.4,262.4,98.0,32.28,280.2,88.0,9.04,23.2,2.0,8.17,2.0
757-7868,44.0,0.0,232.3,92.0,34.62,288.9,150.0,26.65,236.65,200.0,8.28,9.3,4.0,2.82,2.0
757-7869,88.0,0.0,282.2,157.0,43.83,289.6,96.0,28.02,289.4,215.5,9.02,22.0,2.0,4.32,2.0
757-7875,233.5,0.0,272.0,211.0,29.29,292.2,203.5,27.27,243.2,202.0,20.55,20.0,6.5,2.26,2.0
757-7876,107.0,0.0,294.2,204.0,45.69,299.2,88.0,26.93,294.2,48.5,14.83,22.56,4.0,2.92,2.0
757-7877,202.0,0.0,202.2,202.0,28.98,280.0,146.0,23.22,310.2,94.0,12.91,21.16,3.0,3.46,2.0
757-7885,92.0,0.0,290.9,98.0,32.23,262.25,202.5,27.18,294.55,202.0,8.68,11.9,4.0,3.63,2.0
757-7887,86.0,0.0,229.9,92.5,42.93,308.5,93.0,28.24,263.0,202.0,7.51,21.36,5.0,2.88,2.0
757-7896,157.0,0.0,231.55,148.0,45.33,298.2,92.0,29.02,287.5,202.0,9.48,9.4,4.5,3.23,2.0
757-7897,200.0,0.0,228.0,228.0,32.28,284.95,92.0,22.47,265.2,206.0,9.29,20.2,4.0,4.0,2.0
757-7899,211.0,0.0,270.8,161.5,32.66,235.1,202.0,28.28,244.2,93.0,14.85,9.8,4.0,2.87,2.0
757-7959,202.0,0.0,286.3,147.0,36.06,234.4,110.0,24.09,268.2,96.0,8.43,22.26,8.0,4.02,2.0
757-7966,288.0,11.0,233.2,202.0,23.32,286.2,88.0,23.23,245.95,96.0,6.31,9.8,4.0,3.23,2.0
757-7967,80.0,0.0,262.3,84.0,36.38,296.3,92.0,26.69,271.1,145.5,8.85,9.6,2.0,3.23,2.0
757-7969,157.5,0.0,262.0,92.0,27.55,282.9,92.0,25.8,284.1,203.0,6.44,9.6,2.0,4.22,2.0
757-7978,226.0,11.0,255.0,202.0,24.72,234.7,203.0,28.02,232.3,202.0,4.24,15.15,2.0,3.68,2.0
757-7987,200.0,0.0,224.7,96.0,37.35,229.75,202.0,27.21,292.2,99.0,9.22,20.2,6.0,3.36,2.0
757-7989,44.0,0.0,243.15,93.0,49.84,268.2,90.0,29.07,250.9,203.0,8.84,7.4,2.5,2.6,2.0
757-7995,156.0,0.0,288.9,202.0,36.44,280.8,84.0,29.55,254.1,92.0,9.25,20.0,4.0,2.72,2.0
757-7997,44.0,0.0,287.2,95.5,29.44,244.2,53.0,25.35,328.8,253.0,9.62,8.2,2.5,2.9,2.0
757-7999,145.0,0.0,307.8,99.0,46.84,232.0,200.0,28.02,272.7,215.5,8.49,9.2,8.0,2.92,2.0
757-8575,226.0,0.0,242.4,220.0,40.4,224.7,202.0,22.32,248.2,93.0,11.91,20.4,3.5,2.92,2.0
757-8595,99.0,0.0,288.0,214.0,44.72,282.8,202.0,22.84,289.5,96.0,9.09,20.8,8.0,3.06,2.0
757-8767,228.5,0.0,266.25,96.0,26.2,234.4,220.0,23.02,244.2,220.0,9.45,21.46,3.5,4.49,2.0
757-8775,206.0,0.0,239.6,200.0,45.42,287.4,232.5,25.43,294.65,87.0,8.67,8.2,4.0,2.87,2.0
757-8798,99.0,0.0,265.75,92.0,30.23,280.6,204.0,24.24,263.2,86.0,3.32,8.8,3.5,2.8,2.0
757-8899,99.0,0.0,236.1,96.0,43.33,282.8,147.5,23.18,249.4,92.0,8.22,22.06,4.0,3.32,2.0
757-8955,68.0,0.0,229.2,151.0,28.12,278.5,88.0,28.11,258.5,93.0,3.22,8.8,4.0,2.66,2.0
757-8958,218.0,0.0,288.2,99.0,37.76,324.2,84.5,28.8,286.8,99.0,9.32,22.0,3.0,2.92,2.0
757-8978,74.0,0.0,272.5,103.0,28.56,282.5,94.0,28.55,272.4,150.0,9.11,8.9,2.0,2.28,2.0
757-8995,224.0,0.0,284.2,83.0,49.98,287.55,145.0,31.12,263.2,112.0,3.69,20.9,4.0,2.87,2.0
757-9556,91.5,0.0,243.2,149.0,82.28,263.2,92.0,22.62,290.75,92.0,4.03,9.0,4.0,2.88,1.0
757-9565,141.0,0.0,288.1,92.0,38.33,286.2,208.0,30.24,262.2,98.0,9.12,15.5,5.0,3.07,2.0
757-9577,205.5,0.0,240.7,202.5,32.55,289.3,93.0,28.22,264.9,93.0,8.82,9.8,2.0,4.32,2.0
757-9588,98.0,11.0,228.8,149.0,45.9,353.5,93.0,26.6,292.2,276.0,11.21,8.0,3.0,2.62,2.0
757-9589,82.0,0.0,242.0,206.0,48.64,298.6,94.5,28.22,282.8,82.0,9.11,15.9,3.0,4.84,2.0
757-9596,79.0,0.0,282.5,202.0,47.59,284.55,206.0,29.61,280.2,202.0,9.44,22.11,4.0,3.2,2.0
757-9676,44.0,0.0,292.2,202.0,38.06,309.25,96.0,27.72,251.8,202.0,6.15,7.85,2.5,2.97,1.0
757-9689,155.0,0.0,264.05,226.0,39.64,262.9,95.5,24.22,273.05,148.5,9.02,9.9,5.0,2.89,2.0
757-9755,93.0,0.0,264.9,220.0,29.2,277.8,220.0,28.82,280.2,206.0,7.3,4.4,2.0,2.92,2.0
757-9776,218.5,0.0,261.45,73.0,48.94,280.6,219.0,31.31,277.75,202.0,9.32,9.2,3.0,2.82,2.0
757-9779,82.0,0.0,232.2,44.0,30.78,262.3,93.0,23.22,261.5,98.0,8.8,22.2,2.0,2.82,2.0
757-9788,66.0,0.0,254.2,202.0,39.18,294.1,222.0,26.22,289.8,224.0,6.01,22.3,4.0,3.82,2.0
757-9795,226.0,0.0,228.2,159.0,49.4,229.55,220.0,29.28,288.0,216.5,8.96,14.86,6.0,3.04,2.5
757-9797,58.0,0.0,440.4,217.5,39.45,381.2,94.0,28.96,284.55,150.0,22.21,8.96,4.0,2.87,2.0
757-9799,80.0,0.0,282.2,103.0,32.99,262.6,99.0,28.26,288.9,150.5,9.38,11.2,4.0,2.87,2.0
757-9855,93.5,0.0,227.95,87.0,30.82,267.8,93.0,23.32,282.55,71.0,9.22,23.55,3.5,8.08,2.0
757-9858,208.0,0.0,266.0,158.0,32.24,288.3,203.0,28.28,282.2,150.0,7.15,7.85,6.0,2.86,2.0
757-9875,228.0,0.0,244.9,205.5,33.05,262.0,69.5,29.3,229.65,92.0,8.56,20.2,3.0,2.28,2.0
757-9877,95.5,0.0,296.2,200.0,36.32,305.1,78.0,28.09,246.75,208.0,20.43,6.6,3.5,3.03,2.0
757-9878,220.0,0.0,236.2,202.0,22.62,228.8,203.0,22.02,272.75,92.0,9.22,9.9,8.0,2.82,2.0
757-9885,119.0,0.0,281.1,99.0,32.46,262.2,95.0,28.47,274.55,97.5,9.02,22.6,4.0,4.5,2.0
757-9888,96.0,0.0,229.6,104.0,29.62,275.05,202.0,24.96,262.11,202.0,9.63,14.85,3.0,3.32,2.0
757-9957,226.0,0.0,242.2,157.0,23.62,262.2,205.0,28.02,269.2,202.0,8.06,20.8,3.0,4.5,2.0
757-9959,154.5,0.0,292.26,92.0,32.66,268.8,99.0,23.05,262.2,92.0,7.78,22.11,6.0,4.54,2.0
757-9976,202.0,0.0,232.25,88.0,42.92,282.9,106.0,27.3,262.6,202.0,9.43,20.2,4.0,3.0,2.0
757-9978,228.0,0.0,282.2,157.0,28.62,249.2,202.0,28.02,242.4,96.0,4.24,20.9,3.0,8.15,2.0
757-9989,202.0,0.0,228.0,93.0,49.84,268.2,96.0,26.06,262.3,98.0,8.84,9.7,2.0,2.36,1.0
757-9998,99.0,0.0,294.9,92.0,32.2,286.3,220.0,26.22,282.5,242.0,8.86,22.9,4.0,4.43,4.0
757-9999,23.0,0.0,288.2,98.0,29.66,282.6,98.0,22.82,292.2,226.0,8.82,8.9,2.0,2.92,2.0
758-5558,84.0,0.0,288.35,119.0,45.5,288.2,202.0,22.92,271.9,208.0,8.4,21.46,6.0,4.78,2.0
758-5565,116.0,0.0,229.25,92.0,29.92,247.7,99.0,22.92,282.2,159.0,21.77,20.3,5.0,2.74,2.0
758-5576,92.0,0.0,258.55,98.0,44.03,227.2,222.0,23.74,292.2,156.0,8.22,6.8,2.0,2.92,2.0
758-5579,209.0,0.0,228.2,202.5,28.9,266.05,93.5,26.24,295.75,226.0,20.42,9.0,8.0,2.62,2.0
758-5697,92.5,0.0,244.0,206.0,29.29,288.0,92.0,26.49,282.2,94.0,9.88,8.8,5.0,2.8,2.0
758-5699,65.0,0.0,251.55,202.0,29.24,264.5,98.0,24.22,287.55,206.0,20.32,20.9,7.5,2.92,2.0
758-5757,161.5,0.0,292.9,94.0,36.77,247.55,44.0,22.92,231.8,206.0,9.46,4.4,2.5,2.77,2.0
758-5759,98.5,0.0,282.1,98.0,27.94,268.2,88.0,24.04,261.2,227.0,9.22,9.11,2.5,2.92,2.0
758-5778,84.5,0.0,242.2,202.0,30.12,290.8,40.0,22.57,259.5,157.0,7.88,9.55,3.0,2.82,2.0
758-5788,94.0,0.0,262.2,90.5,29.3,223.0,169.0,28.62,222.85,208.5,9.5,14.7,3.5,2.36,2.0
758-5789,62.0,0.0,292.6,203.0,64.58,229.6,149.0,27.95,268.2,88.0,8.55,9.6,2.0,2.65,2.0
758-5798,148.0,0.0,223.2,220.0,65.8,263.2,98.0,28.22,288.9,220.0,8.28,9.0,3.0,2.88,2.0
758-5856,87.0,0.0,263.6,94.0,28.97,309.5,200.0,28.26,328.2,92.0,9.93,22.8,6.0,3.32,0.0
758-5858,94.0,0.0,228.5,157.0,35.02,285.1,220.0,29.94,282.8,208.0,20.37,20.9,2.0,2.92,2.0
758-5875,202.0,0.0,254.6,112.0,40.43,281.8,90.0,26.02,286.6,202.0,8.9,9.7,4.0,2.88,2.0
758-5887,220.0,0.0,234.2,86.0,28.68,266.2,90.0,22.82,287.85,223.0,20.01,9.2,3.0,2.92,2.0
758-5895,157.0,0.0,261.55,89.0,34.26,292.6,99.0,26.52,280.2,93.5,9.21,20.2,2.0,2.9,2.0
758-5896,202.0,0.0,262.9,202.0,33.29,240.4,92.5,22.75,287.4,202.0,9.62,20.1,4.5,2.58,2.0
758-5957,88.0,0.0,290.5,202.0,30.94,261.4,232.5,26.03,242.2,99.0,9.22,22.8,6.0,4.0,0.0
758-5978,98.0,0.0,266.1,94.0,58.98,292.2,103.0,26.09,250.7,208.0,9.23,14.8,5.0,4.58,2.0
758-5985,78.5,0.0,223.9,92.0,26.62,292.2,209.0,28.32,275.7,92.0,9.0,9.95,4.0,2.96,2.0
758-5988,84.0,0.0,285.4,92.0,30.79,309.4,96.0,28.62,259.05,204.0,9.48,20.2,5.0,2.45,2.0
758-5997,202.0,0.0,260.6,88.0,48.08,290.7,112.0,28.22,305.1,150.5,20.22,8.9,4.0,2.32,2.0
758-5998,89.0,0.0,262.2,202.0,28.9,289.4,204.0,23.22,269.2,96.0,8.22,20.1,6.0,4.12,2.0
758-6589,244.0,0.0,282.6,229.0,44.46,268.85,200.0,22.37,289.2,32.0,20.02,8.2,3.0,2.32,2.0
758-6675,82.0,0.0,320.0,147.0,42.43,257.6,223.0,23.28,282.9,202.0,9.09,9.6,2.0,2.62,2.0
758-6679,86.0,0.0,244.75,94.0,28.28,236.2,220.0,29.28,226.6,64.0,9.21,22.06,4.0,4.57,2.0
758-6759,92.0,0.0,286.4,202.0,36.97,296.0,223.0,21.46,227.8,205.5,9.22,9.6,2.5,2.82,2.0
758-6778,110.0,0.0,282.5,89.0,42.68,263.45,87.5,28.32,282.8,202.0,9.04,20.2,6.5,4.24,2.0
758-6796,92.0,0.0,274.5,96.0,32.0,280.2,92.0,28.89,245.2,90.0,9.53,14.95,3.0,2.88,2.0
758-6877,62.0,0.0,320.9,160.5,29.24,288.0,92.0,26.96,264.25,223.0,4.23,14.9,4.0,4.08,2.0
758-6899,88.0,0.0,282.2,218.5,29.24,278.3,92.0,28.62,282.2,99.0,8.02,10.05,4.0,2.92,2.0
758-6977,288.0,0.0,218.1,223.0,30.5,268.2,215.0,23.66,290.8,75.0,15.05,20.25,3.5,3.66,2.0
758-7555,98.0,0.0,263.2,98.0,32.86,276.0,98.0,28.08,282.8,202.0,20.23,20.9,3.0,2.92,2.0
758-7557,204.0,0.0,229.25,92.5,30.33,253.1,92.0,28.22,239.9,206.0,9.22,21.16,5.5,3.82,3.0
758-7566,202.0,0.0,248.7,202.0,29.26,248.1,202.0,28.28,228.9,106.5,8.81,8.2,2.0,4.04,2.0
758-7567,68.0,0.0,256.6,200.0,38.96,322.9,96.0,26.34,262.2,232.0,16.07,15.65,5.5,4.47,3.0
758-7569,80.0,0.0,280.9,202.0,44.85,282.4,96.0,28.3,262.5,232.0,9.77,23.65,6.5,6.9,2.0
758-7575,166.0,0.0,255.9,93.0,23.66,256.2,98.0,23.0,307.85,92.0,9.04,9.2,6.0,2.57,2.0
758-7577,220.0,0.0,242.0,92.0,39.08,229.8,112.0,28.29,249.2,69.0,4.68,11.6,5.0,2.33,2.0
758-7586,71.0,0.0,322.6,206.5,26.85,340.0,328.0,25.3,288.2,150.0,20.86,20.2,3.5,5.25,2.0
758-7588,22.0,0.0,240.7,93.0,44.88,290.0,203.0,23.22,278.4,209.0,3.42,16.15,4.0,4.4,2.0
758-7589,223.0,0.0,282.0,95.0,30.65,234.9,90.5,28.29,289.0,46.0,8.58,8.0,2.0,4.43,2.0
758-7679,28.0,0.0,269.6,99.0,36.23,262.2,209.0,25.82,309.55,84.0,9.23,20.3,4.0,3.88,2.0
758-7689,226.0,0.0,246.0,98.0,28.9,280.9,86.5,29.2,279.2,204.0,9.83,8.8,2.5,2.62,0.0
758-7695,228.0,0.0,262.2,99.0,30.22,286.8,95.0,26.32,275.05,98.5,8.89,22.3,6.0,4.59,2.0
758-7697,202.0,0.0,232.3,150.0,45.53,292.8,202.0,24.42,322.8,82.0,10.74,22.8,3.5,4.4,2.0
758-7699,94.0,0.0,242.9,99.0,44.22,265.75,209.0,25.36,295.55,226.0,9.51,9.8,3.5,4.62,2.0
758-7756,47.5,0.0,223.2,150.5,33.2,235.75,202.0,23.26,235.4,92.0,9.43,6.2,2.0,2.62,2.0
758-7759,202.0,0.0,292.5,94.0,37.28,245.7,206.0,23.29,282.2,109.0,9.29,21.16,4.0,3.73,2.0
758-7765,92.0,0.0,262.8,92.0,29.02,225.9,220.0,23.14,230.6,96.0,9.28,9.3,2.0,2.65,2.0
758-7768,215.0,0.0,224.76,148.0,29.39,231.9,212.5,22.6,262.11,203.0,6.73,14.35,8.0,2.92,2.0
758-7777,162.0,0.0,225.05,162.0,33.23,269.3,152.0,30.15,292.3,112.0,9.12,22.26,3.5,2.36,2.0
758-7778,159.0,0.0,247.35,99.0,28.82,263.3,90.0,23.02,262.2,105.0,6.88,9.8,4.5,2.87,2.0
758-7779,200.0,0.0,269.8,95.5,28.28,280.2,92.0,29.22,292.1,92.0,8.82,9.0,5.0,2.92,2.0
758-7786,72.0,0.0,270.2,83.5,44.89,262.9,202.0,29.28,282.2,92.0,8.84,20.2,3.5,2.64,2.0
758-7796,220.0,22.0,289.6,78.0,31.48,252.2,92.0,28.29,279.2,204.0,7.77,8.8,3.5,2.29,2.0
758-7799,87.0,0.0,286.5,93.0,30.02,249.2,210.0,22.9,287.4,213.0,8.64,16.0,4.0,4.47,2.0
758-7877,98.0,0.0,224.35,76.5,36.33,296.2,93.0,26.69,226.6,233.0,8.22,17.0,4.0,3.39,2.0
758-7898,96.0,0.0,232.4,220.0,29.38,244.0,80.0,26.22,230.85,112.0,8.82,5.9,2.5,2.82,2.0
758-7955,112.0,0.0,239.55,202.0,43.06,266.2,101.0,23.01,292.0,200.0,9.36,15.0,4.0,2.68,2.0
758-7957,84.0,0.0,292.7,98.0,39.67,282.2,94.0,25.6,296.9,203.0,9.05,6.75,3.0,2.28,2.0
758-7958,88.0,0.0,260.8,157.5,29.94,334.8,66.5,26.02,250.9,201.0,21.06,9.2,7.0,3.48,2.0
758-7965,94.0,0.0,266.0,92.0,30.64,228.85,202.0,22.95,302.9,98.0,9.69,9.2,2.0,2.82,0.0
758-7975,220.0,0.0,272.75,224.0,26.86,292.3,96.0,26.45,275.85,92.0,9.63,22.3,3.5,3.68,2.0
758-7979,150.5,0.0,150.05,151.0,24.22,288.2,209.0,22.96,250.7,92.0,7.85,8.8,3.5,2.92,2.0
758-7985,224.0,0.0,229.6,99.0,36.89,285.2,150.0,29.11,261.5,204.5,9.46,9.5,4.0,2.28,2.0
758-7999,88.0,0.0,254.2,202.0,28.22,283.2,202.0,25.48,269.2,93.5,8.82,9.2,4.0,2.92,2.0
758-8578,96.0,0.0,265.1,203.0,29.49,239.6,94.0,24.69,293.05,98.0,8.94,8.9,8.0,4.04,2.0
758-8688,200.0,22.0,229.2,202.0,29.11,269.9,112.0,24.32,292.5,98.0,8.86,10.3,2.5,3.67,2.0
758-8759,92.0,0.0,298.2,96.5,42.04,246.2,94.0,28.26,253.2,220.0,15.08,9.0,4.0,2.44,2.0
758-8779,220.0,23.0,230.3,62.0,36.83,294.0,104.0,23.44,273.2,203.0,8.86,8.9,4.0,2.26,2.0
758-8797,220.0,0.0,288.9,98.0,42.33,290.9,98.5,26.88,292.2,202.0,9.62,8.8,3.5,2.32,2.0
758-8855,81.0,0.0,281.2,98.0,37.13,291.8,78.0,26.22,255.7,214.0,9.54,20.6,3.0,4.64,2.0
758-8888,80.0,0.0,226.0,88.0,30.24,233.25,211.0,22.92,282.2,86.0,8.86,9.2,4.0,2.42,2.0
758-8889,92.5,0.0,292.9,224.0,29.39,280.8,90.0,23.22,221.9,145.0,9.22,20.2,3.0,4.37,2.0
758-8957,57.5,0.0,278.3,160.0,65.69,282.8,200.0,28.28,280.9,150.0,9.86,28.8,2.0,8.28,2.0
758-8959,50.0,0.0,299.55,160.0,44.22,282.8,94.0,27.58,287.2,98.0,8.89,28.8,2.0,8.25,2.0
758-8979,159.0,22.0,269.9,62.0,34.86,328.0,172.0,23.44,275.05,202.0,8.82,9.45,5.0,2.71,2.0
758-8988,201.0,0.0,289.9,99.0,46.78,265.4,92.0,23.1,268.9,88.0,9.54,22.3,4.0,6.24,2.0
758-8997,98.0,11.0,230.2,112.0,46.4,292.3,139.5,26.28,286.8,98.0,9.06,20.0,4.0,2.26,2.0
758-9555,88.0,0.0,262.5,223.5,44.8,269.2,206.0,27.15,277.7,201.0,20.21,20.8,4.0,2.92,2.0
758-9558,220.0,0.0,262.0,92.0,42.44,297.6,161.5,25.7,242.3,201.0,8.08,16.05,5.0,2.92,0.0
758-9567,92.0,0.0,266.11,92.0,30.44,226.5,99.0,28.29,288.2,208.0,8.26,24.2,2.0,3.29,2.0
758-9575,98.0,0.0,275.7,202.0,27.81,282.55,116.0,22.98,286.8,90.5,9.08,9.0,5.5,2.28,2.0
758-9576,88.0,0.0,260.0,202.0,48.09,262.2,168.0,22.82,288.9,92.0,20.88,20.2,2.0,3.07,2.0
758-9577,92.0,0.0,274.6,92.0,42.34,282.2,89.0,28.02,294.9,89.5,5.63,9.1,5.0,2.78,2.0
758-9579,92.0,0.0,244.2,94.0,49.44,262.2,89.0,30.79,288.2,102.5,7.81,9.0,4.5,2.34,2.0
758-9586,214.0,0.0,322.6,204.0,28.02,275.0,282.0,26.2,282.2,202.5,20.54,22.11,4.0,4.94,2.0
758-9597,112.0,0.0,282.0,220.0,30.45,288.2,93.0,28.72,262.6,84.0,9.92,9.8,8.0,4.02,2.0
758-9679,27.0,0.0,282.2,98.0,22.88,263.3,203.0,28.98,290.7,92.0,9.22,8.8,4.5,2.92,2.0
758-9758,47.0,11.5,282.8,98.0,29.22,262.2,223.0,25.76,223.3,148.0,8.81,16.05,2.0,4.12,2.0
758-9759,202.0,0.0,262.6,209.0,42.43,267.8,204.0,27.45,282.2,98.5,9.29,20.3,4.0,4.59,2.0
758-9767,202.0,0.0,282.2,104.5,40.93,282.2,209.0,23.76,293.8,112.0,8.68,23.2,5.0,6.96,2.0
758-9768,157.0,0.0,226.11,214.0,29.92,269.8,202.0,22.6,262.11,211.5,2.86,16.7,8.0,4.04,2.0
758-9775,88.0,4.5,261.75,218.5,28.08,292.2,202.0,26.22,258.3,88.0,8.22,8.2,3.0,4.22,2.0
758-9777,149.0,0.0,228.0,226.0,29.86,240.9,202.0,28.26,292.5,204.5,8.94,15.0,4.0,3.48,2.0
758-9778,209.5,0.0,252.2,94.0,28.52,262.95,96.0,24.9,322.6,98.5,9.08,15.7,4.0,2.92,2.0
758-9795,206.0,16.5,272.0,227.0,35.24,286.2,202.0,26.22,282.2,87.0,8.82,15.25,4.0,4.58,3.0
758-9796,150.5,11.0,290.86,94.0,44.34,262.2,158.0,25.42,286.8,206.0,8.65,8.8,4.0,2.32,2.0
758-9797,98.0,0.0,262.2,92.0,29.44,252.35,202.0,27.12,251.2,96.5,8.62,20.4,6.0,3.07,2.0
758-9798,90.0,0.0,249.3,98.0,28.86,262.9,208.0,28.27,287.85,108.0,9.33,20.4,2.0,3.16,2.0
758-9858,151.0,0.0,266.2,95.5,46.36,272.5,88.0,29.08,282.5,32.0,20.0,22.0,4.0,2.92,2.0
758-9869,238.0,0.0,292.2,88.0,39.62,282.0,117.5,23.2,288.2,202.0,9.13,20.55,2.0,4.54,2.0
758-9876,78.0,0.0,289.6,92.0,38.18,281.55,220.0,23.32,288.2,206.0,8.44,23.0,6.0,4.49,2.0
758-9886,159.0,0.0,289.2,150.0,30.53,288.6,158.0,23.24,282.2,94.0,9.08,9.2,3.0,2.29,2.0
758-9895,83.5,0.0,228.0,96.0,36.68,233.2,98.5,22.32,304.8,99.0,20.06,20.8,2.0,4.32,2.0
758-9898,95.0,0.0,266.3,92.0,30.45,268.2,204.0,26.22,282.2,200.0,9.13,9.6,4.5,2.84,2.0
758-9955,96.0,0.0,275.4,202.0,43.4,262.0,104.0,22.96,288.2,108.5,11.22,9.8,4.5,2.92,2.0
758-9956,64.0,0.0,229.2,99.0,47.54,292.8,202.0,26.88,242.4,92.0,9.31,8.0,2.0,2.82,2.0
758-9958,226.0,0.0,288.6,157.5,48.94,268.2,54.0,26.02,268.9,158.0,9.69,9.65,6.0,3.67,2.0
758-9959,92.0,0.0,282.8,96.0,37.65,257.65,200.0,23.32,294.2,202.0,8.11,6.9,4.0,2.88,2.0
758-9975,244.0,0.0,223.7,202.0,32.88,232.2,116.0,23.22,320.2,88.0,14.84,22.45,8.0,4.5,2.0
758-9995,200.0,0.0,261.9,202.0,32.86,292.0,98.0,26.62,286.25,150.0,20.01,22.6,4.0,6.69,2.0
758-9996,83.5,0.0,233.0,84.0,46.2,282.2,88.0,28.89,286.45,205.0,8.89,8.4,5.0,2.88,2.0
758-9999,89.0,0.0,290.7,99.0,35.64,277.5,228.0,22.82,260.8,93.0,8.66,21.1,2.5,2.92,2.0
759-5575,88.0,0.0,234.4,202.5,40.93,288.6,99.0,22.88,239.65,95.0,8.94,23.0,3.0,2.85,2.0
759-5576,68.0,0.0,282.8,99.0,32.34,239.2,202.0,22.22,224.65,209.0,9.22,8.15,2.0,2.23,2.0
759-5587,105.0,0.0,226.2,202.0,28.62,229.8,92.0,28.76,286.4,162.5,9.32,20.3,2.5,2.62,2.0
759-5589,96.5,0.0,282.6,105.5,29.92,251.9,92.0,26.28,268.2,104.0,8.85,20.0,3.5,2.72,2.0
759-5689,64.0,0.0,288.0,148.0,29.44,292.4,93.0,28.69,228.85,90.5,9.29,22.9,4.0,4.45,2.0
759-5765,88.0,0.0,225.9,226.0,31.37,232.9,200.0,22.08,242.3,90.0,8.33,11.2,2.0,3.48,2.0
759-5768,94.0,0.0,289.8,225.0,40.83,271.2,98.0,23.23,229.2,153.5,4.89,11.2,3.0,3.87,1.0
759-5769,105.0,0.0,262.2,92.0,29.66,283.7,150.0,28.06,226.3,88.0,6.94,9.06,2.0,2.57,2.0
759-5777,88.0,0.0,272.7,88.0,33.2,268.9,94.0,26.32,240.4,157.5,9.22,21.45,4.5,4.33,2.0
759-5778,73.0,0.0,277.5,202.0,29.62,301.5,206.0,29.78,281.4,206.0,14.88,22.3,3.5,2.91,1.0
759-5779,208.0,0.0,230.4,202.0,32.82,292.0,94.0,28.82,241.3,202.0,9.6,9.15,6.0,3.56,2.0
759-5786,211.0,0.0,290.55,207.0,31.07,282.2,209.0,28.66,282.2,202.0,9.21,22.5,4.0,4.92,2.0
759-5788,74.0,0.0,237.4,92.5,32.32,226.6,93.0,28.42,276.3,95.0,7.96,8.8,2.5,2.88,2.0
759-5789,88.0,0.0,288.9,92.0,43.22,282.8,220.0,26.1,288.2,105.5,9.36,20.2,4.0,2.28,2.0
759-5797,76.5,0.0,293.6,78.0,37.74,268.2,203.0,22.86,223.6,92.0,8.68,9.0,6.0,2.54,2.0
759-5798,104.0,0.0,292.2,94.0,40.48,283.2,99.0,28.22,265.65,202.0,8.84,22.3,6.5,4.47,2.0
759-5858,99.0,0.0,226.2,149.0,29.22,227.85,96.5,23.42,220.2,98.0,9.8,20.2,6.5,2.89,2.0
759-5895,105.0,0.0,288.9,207.5,29.6,252.5,148.0,28.96,282.55,202.0,9.66,20.0,3.0,2.92,2.0
759-5897,95.5,0.0,282.0,94.5,27.87,260.6,96.5,24.57,262.9,82.0,8.82,14.8,4.0,3.62,2.0
759-5898,230.0,0.0,265.7,151.0,61.36,282.2,89.0,26.6,289.0,60.0,22.62,10.85,2.5,4.8,2.0
759-5899,92.0,0.0,230.5,227.0,26.2,276.75,202.0,25.52,287.8,82.0,15.07,8.7,7.0,4.84,2.0
759-5958,220.0,0.0,223.7,99.0,28.96,292.3,93.0,29.27,260.75,96.0,9.27,20.3,4.0,2.92,2.0
759-5967,44.0,0.0,280.2,86.0,36.22,259.7,158.5,24.67,269.0,227.5,15.07,8.9,2.0,2.27,2.0
759-5968,226.0,0.0,289.2,224.5,30.66,262.2,204.0,25.76,231.2,96.0,4.01,9.5,3.5,2.88,2.0
759-5969,274.0,0.0,286.3,208.5,42.43,225.4,135.0,23.06,269.0,226.0,20.22,8.9,2.0,2.23,2.0
759-5975,223.0,0.0,480.4,95.0,30.62,258.2,223.0,26.28,226.95,202.0,4.94,20.2,3.0,2.89,0.0
759-5978,282.0,0.0,242.2,209.5,46.44,247.5,151.5,23.34,256.2,82.0,9.26,9.4,3.5,2.6,2.0
759-5979,211.0,0.0,228.5,92.0,31.1,262.21,216.0,24.24,288.9,212.0,8.62,20.0,7.0,4.22,2.0
759-5985,92.0,0.0,242.0,96.0,29.46,282.0,205.5,26.27,262.7,200.0,9.75,14.75,4.0,2.86,2.0
759-5988,87.0,0.0,282.6,205.0,71.03,287.6,93.0,28.22,274.5,209.0,20.26,8.8,5.0,3.58,2.0
759-5989,91.0,0.0,245.2,90.0,44.24,256.0,220.0,28.22,285.55,99.0,20.25,8.6,3.0,2.2,2.0
759-5995,223.0,0.0,90.4,116.0,30.62,244.2,223.0,26.28,226.6,202.0,9.26,20.2,3.0,2.89,0.0
759-5997,150.0,0.0,292.0,83.5,42.24,242.4,202.0,22.86,226.0,112.0,8.41,9.2,6.0,2.54,2.0
759-5998,208.0,0.0,282.2,208.5,29.2,268.8,151.5,27.35,268.2,58.5,9.57,11.2,3.0,2.42,2.0
759-5999,218.5,0.0,282.9,91.0,37.58,281.4,96.0,28.82,282.8,202.0,9.6,9.15,4.0,2.75,2.0
759-6555,71.0,0.0,281.0,98.5,36.17,284.55,64.0,29.2,242.2,80.0,9.82,22.11,2.0,6.53,2.0
759-6565,98.0,0.0,268.2,99.0,28.99,245.36,90.0,24.24,291.95,93.0,8.36,20.2,6.5,4.58,2.0
759-6575,82.0,0.0,247.1,90.0,24.99,235.9,98.5,28.62,289.2,85.0,8.72,22.06,3.5,3.63,2.0
759-6579,86.0,11.0,223.2,223.5,44.24,268.8,98.0,23.42,301.7,96.0,21.5,20.3,2.5,2.87,2.0
759-6585,84.0,0.0,245.1,226.0,64.31,277.5,92.0,26.47,286.6,145.5,7.9,10.1,8.0,2.6,2.0
759-6687,88.0,0.0,232.2,223.5,42.62,265.0,212.5,28.26,282.9,147.0,9.29,14.9,3.0,2.9,2.0
759-6766,208.0,0.0,235.2,98.0,27.24,282.2,90.0,28.28,243.9,99.0,11.66,14.7,5.0,3.41,2.0
759-6767,95.0,0.0,228.45,32.5,42.1,233.9,90.0,24.62,276.5,202.0,9.28,22.0,3.0,2.92,2.0
759-6777,92.0,22.0,204.2,232.0,32.51,260.2,208.0,24.9,310.25,202.0,21.9,21.4,4.0,2.92,3.0
759-6779,159.0,11.0,280.8,205.0,36.64,282.2,202.0,26.28,290.2,98.0,8.81,21.4,6.0,2.92,2.0
759-6787,55.5,0.0,262.3,69.0,49.88,260.0,95.5,24.39,221.65,202.0,6.94,5.8,7.0,2.62,2.0
759-6789,92.5,0.0,275.2,94.0,24.22,230.2,202.0,28.9,375.2,97.0,20.23,15.2,6.0,4.08,2.0
759-6795,88.0,0.0,262.8,208.0,55.08,229.75,154.0,29.8,282.2,90.0,8.32,9.3,5.0,3.62,2.0
759-6796,82.0,0.0,282.2,63.0,31.46,373.3,228.0,31.11,268.9,211.0,14.98,8.2,5.0,2.26,2.0
759-6797,48.0,22.5,252.76,92.0,30.74,234.2,92.0,26.02,289.6,282.0,8.8,22.9,8.0,2.88,2.0
759-6799,233.0,16.0,228.2,150.5,23.32,229.8,87.0,28.44,262.6,96.0,4.56,6.2,3.0,3.23,2.0
759-6878,80.0,11.0,243.15,80.5,86.96,269.2,89.0,22.86,224.4,94.0,20.26,7.9,4.0,3.92,2.0
759-6898,255.0,11.0,281.4,69.0,46.54,279.05,92.0,28.13,274.2,200.0,15.03,9.1,6.0,3.37,2.0
759-6967,88.0,0.0,228.2,96.0,44.57,228.6,91.0,22.96,275.2,202.0,9.25,22.0,2.0,2.92,2.0
759-6968,112.0,0.0,282.9,105.0,32.26,290.7,98.0,27.42,261.5,202.0,9.57,20.2,4.0,4.53,2.0
759-6977,86.0,0.0,290.4,229.0,26.36,262.75,149.5,23.63,322.3,90.0,8.64,16.0,2.0,2.92,2.0
759-6979,79.5,0.0,290.9,202.0,28.2,262.9,90.0,24.5,292.2,82.0,20.22,9.05,2.0,2.77,2.0
759-6987,224.0,0.0,262.11,99.0,49.88,304.5,92.0,28.82,223.3,201.0,9.09,3.0,6.0,2.82,2.0
759-6995,112.0,0.0,274.55,202.5,40.24,287.55,92.0,28.28,288.6,92.0,8.98,9.8,4.5,2.82,2.0
759-6996,82.0,0.0,282.5,159.0,30.8,286.2,205.0,29.02,288.2,202.0,20.21,9.0,8.0,2.28,2.0
759-6999,82.0,0.0,272.8,99.0,26.46,248.1,92.0,26.5,262.6,96.0,7.44,9.8,4.5,3.76,2.0
759-7555,208.0,11.0,242.0,208.0,34.78,275.85,223.0,24.93,269.46,202.0,8.28,9.2,4.0,2.92,2.0
759-7557,78.5,0.0,231.7,224.0,44.96,282.6,99.0,28.28,288.05,322.0,9.88,13.5,5.0,2.58,2.0
759-7558,224.0,0.0,245.6,202.0,31.05,282.8,229.5,24.84,254.75,94.0,20.2,9.2,3.0,2.39,2.0
759-7559,154.5,0.0,230.2,223.0,44.67,228.8,99.0,22.91,290.1,224.0,9.44,20.2,5.5,3.68,2.0
759-7565,216.0,0.0,280.8,226.0,29.42,292.0,94.0,26.29,280.2,92.0,15.28,20.26,5.0,2.84,2.0
759-7569,72.0,0.0,261.4,94.0,50.72,269.8,97.0,22.86,275.7,88.0,6.38,9.5,8.0,2.86,2.0
759-7577,211.0,0.0,226.0,88.5,51.24,286.9,150.0,26.0,276.0,89.0,8.84,20.1,4.5,3.42,2.0
759-7587,110.0,0.0,287.05,85.0,30.02,272.1,91.0,28.84,275.6,88.0,4.86,9.11,2.0,2.37,2.0
759-7589,88.0,0.0,244.2,90.0,42.11,265.95,91.0,28.92,275.6,88.0,4.86,8.8,3.5,2.57,5.0
759-7595,98.0,0.0,282.2,69.0,29.44,306.55,90.0,28.57,262.25,88.0,7.85,9.8,4.0,2.52,2.0
759-7678,202.0,0.0,282.8,150.5,29.39,233.0,94.5,23.62,285.05,92.0,8.32,9.1,5.0,2.92,2.0
759-7698,98.0,0.0,229.2,200.0,32.3,225.2,92.0,23.28,292.0,87.5,9.41,9.6,2.5,2.41,2.0
759-7699,94.0,0.0,262.2,98.0,28.58,262.11,209.0,26.68,262.11,149.0,9.26,20.2,5.0,2.92,2.0
759-7769,229.0,0.0,252.2,82.0,54.68,286.2,200.0,24.23,228.0,92.0,20.11,14.95,6.0,2.9,2.0
759-7778,91.0,0.0,248.4,86.0,37.76,268.7,153.5,29.33,262.11,92.0,15.03,14.9,3.5,2.36,2.0
759-7779,92.0,0.0,272.5,98.0,32.02,290.5,95.0,28.62,268.0,153.5,14.7,15.1,4.0,3.66,2.0
759-7785,44.0,0.0,292.3,150.0,80.74,299.2,217.0,24.94,263.2,93.0,8.38,7.4,5.0,4.74,2.0
759-7787,98.0,0.0,272.5,92.0,45.0,280.0,206.0,23.62,292.11,205.5,8.4,22.3,6.0,3.12,2.0
759-7788,149.5,0.0,229.2,93.0,40.48,269.3,82.0,25.56,292.8,144.0,8.27,20.2,4.0,4.4,2.0
759-7789,98.0,0.0,227.8,102.0,63.98,310.7,203.0,27.38,228.2,90.0,9.61,8.96,4.0,2.82,2.0
759-7796,94.0,0.0,286.9,92.0,41.56,292.11,92.0,28.32,284.5,98.0,6.4,5.3,4.0,2.62,2.0
759-7797,208.0,0.0,242.0,157.0,33.23,292.2,97.0,27.57,290.8,98.0,20.58,9.2,2.0,2.34,2.0
759-7798,154.0,0.0,251.75,89.5,49.87,269.2,90.5,29.26,286.35,202.0,21.19,20.6,4.0,2.82,2.0
759-7799,68.5,0.0,272.1,90.0,50.34,292.4,147.0,25.32,231.5,94.0,6.61,15.0,8.0,2.36,2.0
759-7855,99.0,0.0,229.9,200.0,22.78,366.2,92.0,28.22,288.2,82.0,8.2,8.4,4.0,3.68,2.0
759-7858,202.0,0.0,228.85,228.0,31.56,292.2,91.5,27.52,234.2,148.0,6.34,20.1,2.0,2.92,2.0
759-7877,213.5,0.0,280.9,98.0,42.38,269.9,201.0,28.72,282.6,202.5,20.22,22.7,7.0,3.62,2.0
759-7885,40.0,11.0,275.9,78.5,44.99,262.3,146.5,29.11,228.8,202.0,6.71,9.3,4.5,2.65,2.0
759-7887,232.0,0.0,229.9,147.5,48.17,234.2,88.0,29.35,275.95,202.0,4.15,27.4,6.0,4.84,2.0
759-7896,98.0,0.0,296.2,110.0,45.31,292.8,92.0,28.26,296.2,29.0,15.04,22.11,4.0,2.92,2.0
759-7898,86.0,0.0,282.6,95.0,46.68,275.2,226.0,24.94,292.3,218.0,8.28,21.46,7.0,4.35,2.0
759-7955,157.0,0.0,263.2,224.0,30.6,280.45,99.0,23.28,278.05,150.5,7.79,9.15,7.0,2.92,2.0
759-7956,60.0,0.0,268.8,147.0,80.68,222.85,90.0,28.28,282.8,99.0,9.08,20.2,6.0,2.92,2.0
759-7957,66.0,0.0,252.2,95.0,58.47,226.7,88.0,24.66,282.2,92.0,11.21,8.3,4.0,2.72,2.0
759-7958,64.0,0.0,255.5,202.0,39.42,282.2,92.0,26.22,262.55,99.0,8.28,24.2,6.0,5.45,2.0
759-7969,98.0,0.0,228.15,150.0,28.89,288.2,206.0,22.85,281.7,88.0,8.45,22.0,8.0,2.92,2.0
759-7976,209.0,0.0,282.8,88.0,29.92,220.9,92.0,24.4,292.8,93.0,15.76,20.2,4.0,3.82,2.0
759-7978,92.0,0.0,232.4,98.0,26.22,290.9,158.0,26.58,225.75,149.0,10.16,21.16,3.5,2.89,2.0
759-7985,68.0,0.0,292.11,95.0,44.59,232.5,105.0,25.93,263.2,92.0,8.28,8.9,5.0,3.64,2.0
759-7997,260.5,0.0,269.2,92.0,44.68,256.2,204.0,25.72,292.2,200.0,6.44,20.2,3.5,2.53,1.0
759-8669,150.5,0.0,262.8,206.0,26.27,282.8,206.0,28.48,294.2,93.0,8.92,20.0,5.0,3.32,2.0
759-8678,90.0,0.0,230.6,92.0,44.33,282.2,98.0,28.75,292.2,96.0,8.78,22.4,4.0,3.62,2.0
759-8775,226.5,22.0,256.4,112.0,40.48,226.5,88.0,28.52,264.75,96.0,2.87,6.4,5.0,4.84,2.0
759-8788,68.5,0.0,285.4,203.5,29.04,266.6,209.0,26.28,280.0,94.0,8.54,21.0,3.0,3.23,2.0
759-8797,142.0,0.0,262.4,159.5,27.28,280.2,209.0,29.56,288.2,96.0,8.94,20.8,2.5,2.77,2.0
759-8798,96.5,0.0,274.3,92.0,29.52,220.9,208.5,24.02,229.2,86.5,3.32,15.2,2.0,2.8,2.0
759-8856,150.0,0.0,260.8,86.5,29.32,274.6,220.0,28.25,292.2,96.0,8.6,20.5,2.0,4.0,2.0
759-8888,84.0,0.0,257.5,202.0,42.02,285.4,208.0,24.03,289.2,146.5,8.46,22.0,4.0,4.4,2.0
759-8899,98.0,0.0,228.8,105.5,45.86,275.4,82.0,29.04,286.0,157.5,8.08,20.2,4.5,2.88,2.0
759-8955,68.0,0.0,254.2,209.0,29.37,250.85,88.0,26.92,268.9,92.0,4.22,8.8,4.5,2.8,2.0
759-8966,208.0,20.0,209.6,202.0,36.23,231.5,209.0,29.48,282.8,229.0,11.22,20.6,4.5,2.89,2.0
759-8976,149.0,0.0,253.2,97.0,39.62,269.05,98.0,29.21,260.2,93.0,8.44,22.0,4.0,6.92,2.0
759-8979,147.0,0.0,261.7,203.0,26.2,313.05,205.5,24.3,225.15,200.0,15.98,9.35,5.0,2.63,2.0
759-8995,220.0,24.0,228.2,90.0,27.51,229.8,227.5,28.26,262.6,92.5,2.95,9.11,2.0,5.05,2.0
759-8997,91.0,0.0,282.0,202.0,33.23,242.2,273.0,23.92,282.6,92.0,20.33,9.2,3.0,2.3,2.0
759-8999,92.0,0.0,282.0,202.0,28.66,281.2,208.5,28.6,260.3,96.0,10.57,9.2,4.0,2.62,2.0
759-9556,89.0,0.0,234.2,82.0,80.8,272.55,105.5,24.49,275.7,96.0,2.92,8.7,8.0,2.88,0.0
759-9557,112.0,0.0,289.2,92.0,29.22,262.8,156.0,25.56,251.9,88.0,9.72,22.3,5.0,3.29,2.0
759-9558,206.0,23.0,246.0,202.0,29.22,296.2,92.0,24.84,233.4,93.0,9.08,15.05,3.5,2.43,2.0
759-9568,202.0,0.0,239.0,112.0,37.46,262.1,87.0,28.75,268.2,97.0,9.39,20.2,2.5,3.76,2.0
759-9577,90.0,0.0,239.2,202.0,33.22,246.3,92.0,27.45,260.9,149.5,7.55,20.45,3.5,3.21,2.0
759-9579,236.5,0.0,229.9,149.0,31.12,233.2,82.0,26.04,288.0,200.0,8.53,22.8,5.5,3.61,2.0
759-9587,86.0,0.0,294.2,223.0,29.28,287.4,92.0,29.02,289.2,224.0,8.73,22.4,6.0,4.48,2.0
759-9588,218.0,0.0,282.9,202.5,51.71,298.8,94.0,26.28,277.1,208.0,8.75,6.8,4.0,2.71,2.0
759-9597,82.0,22.0,268.0,149.0,28.08,244.7,220.0,28.69,265.2,149.0,6.08,8.9,6.0,2.9,2.0
759-9667,236.0,0.0,299.4,98.0,63.67,282.5,96.0,26.22,242.3,90.0,8.82,9.9,7.0,3.27,2.0
759-9689,212.5,0.0,265.1,202.0,51.18,262.2,98.5,24.22,260.2,98.0,8.68,9.5,6.0,2.9,2.0
759-9696,60.0,0.0,259.65,202.0,26.69,284.5,157.5,29.06,269.2,202.0,7.44,8.0,2.5,2.88,2.0
759-9755,95.0,0.0,271.1,94.0,45.75,263.2,96.0,23.32,280.9,94.0,8.04,20.9,4.0,3.06,2.0
759-9769,96.0,0.0,286.8,98.0,40.93,282.2,208.0,22.91,284.5,92.0,9.22,22.6,5.0,3.31,2.0
759-9776,92.0,0.0,298.2,217.5,29.2,347.1,208.5,26.09,202.6,88.0,9.08,9.0,2.5,4.0,2.0
759-9777,95.0,0.0,228.2,98.0,25.12,236.2,90.0,22.6,253.4,208.5,9.62,22.2,8.0,3.58,2.0
759-9785,116.0,0.0,262.45,97.0,29.3,215.8,209.0,29.22,292.2,200.0,5.45,25.4,2.5,4.44,2.0
759-9789,229.0,0.0,157.5,98.0,32.89,266.9,98.0,29.88,306.6,202.0,20.04,9.4,7.0,2.66,2.0
759-9797,208.0,0.0,265.1,226.0,29.82,272.5,213.0,28.47,255.2,148.0,8.64,9.11,4.0,2.24,2.0
759-9799,224.0,0.0,253.55,200.0,29.71,274.9,149.0,27.54,282.6,99.0,8.85,10.4,6.5,2.82,2.0
759-9855,94.0,0.0,232.6,93.0,29.62,244.2,206.0,28.3,282.2,69.0,9.22,23.55,2.5,6.26,2.0
759-9865,88.0,0.0,234.4,96.0,30.86,290.0,92.0,23.24,284.6,202.0,8.04,20.9,4.0,2.92,4.0
759-9867,52.0,0.0,242.4,92.0,29.55,292.0,92.0,26.88,282.8,78.0,9.72,23.05,3.0,6.86,1.0
759-9868,90.0,0.0,288.2,110.0,48.09,285.4,200.0,23.99,292.2,80.0,20.98,8.1,3.0,2.84,2.0
759-9877,86.5,0.0,293.55,90.0,49.28,272.15,200.0,28.66,226.8,208.0,14.76,20.0,6.0,3.03,2.0
759-9887,84.0,0.0,262.7,97.0,29.42,299.0,92.5,24.66,242.2,99.0,8.44,8.8,4.0,2.92,2.0
759-9889,203.0,0.0,261.3,98.5,29.22,294.2,94.0,24.92,269.2,97.0,9.22,8.7,5.0,2.86,2.0
759-9896,96.0,0.0,262.2,203.0,28.3,240.2,98.0,23.22,229.2,92.0,7.3,9.55,3.0,2.94,2.0
759-9897,48.0,0.0,281.1,93.0,44.7,252.9,226.0,26.26,287.55,96.0,7.4,20.8,6.0,4.11,2.0
759-9899,82.0,0.0,298.9,215.0,54.84,268.8,207.0,28.28,271.7,92.0,20.28,9.8,4.5,3.46,2.0
759-9955,205.0,0.0,284.2,224.0,29.63,262.9,112.0,24.22,273.05,203.0,6.96,9.9,6.0,2.89,2.0
759-9959,220.0,0.0,290.9,98.0,82.28,231.25,98.5,29.2,299.5,200.0,22.42,14.96,8.0,2.68,2.0
759-9966,223.0,11.0,233.2,202.0,29.79,287.55,88.0,22.82,248.25,96.0,6.26,11.2,4.0,3.62,2.0
759-9975,96.0,0.0,282.2,92.0,44.04,262.2,203.0,28.86,282.2,84.0,10.15,8.6,4.5,2.29,2.0
759-9979,112.0,0.0,228.5,92.0,39.36,286.2,99.0,22.89,288.6,98.0,9.58,9.0,3.0,2.26,2.0
759-9995,200.0,0.0,274.2,203.0,31.35,265.25,206.0,24.49,281.4,157.0,8.01,20.4,5.0,4.0,2.0
759-9998,202.0,0.0,266.2,98.0,28.28,290.9,209.0,28.82,282.2,98.0,11.96,10.85,4.0,2.85,2.0
759-9999,220.0,0.0,249.5,92.0,65.68,289.2,208.0,25.84,292.2,214.5,9.15,20.2,2.5,2.28,2.0
765-5579,86.5,0.0,242.9,84.0,29.28,263.2,202.0,28.28,289.6,92.0,9.62,20.2,4.0,2.28,2.0
765-5659,202.0,0.0,223.2,200.0,28.26,260.0,79.0,28.86,292.1,90.0,6.32,21.55,6.0,2.82,2.0
765-5685,62.0,0.0,278.1,201.0,82.82,228.2,101.0,24.24,292.25,157.0,20.2,8.3,4.0,4.01,2.0
765-5756,50.0,0.0,269.1,202.0,29.22,274.1,94.0,28.98,262.8,149.0,20.48,9.8,5.0,2.92,2.0
765-5757,93.5,0.0,262.46,89.0,29.68,287.3,94.0,23.62,226.9,202.0,4.88,8.85,6.0,2.49,2.0
765-5776,112.0,0.0,228.8,214.0,32.88,288.4,217.0,26.25,263.3,98.0,6.46,10.9,2.0,2.47,2.0
765-5777,90.0,0.0,232.3,94.0,38.31,288.3,200.0,28.8,310.8,220.0,17.06,14.7,3.5,2.37,2.0
765-5779,89.0,0.0,245.75,94.0,32.89,298.8,99.0,26.9,292.2,112.0,20.28,6.5,2.0,2.86,3.5
765-5787,235.0,0.0,261.1,93.0,36.72,244.0,92.0,29.22,258.4,94.0,8.99,22.5,3.0,4.42,2.0
765-5795,92.0,0.0,270.8,228.0,58.27,225.15,94.0,24.24,266.2,92.0,9.23,9.2,5.5,2.44,2.0
765-5797,146.5,0.0,220.6,202.0,58.05,242.4,213.0,26.35,280.9,203.0,6.22,20.3,2.0,2.43,2.0
765-5799,98.0,0.0,262.2,96.0,49.48,286.8,202.0,28.28,281.55,92.0,8.53,20.11,4.0,2.89,2.0
765-5867,93.0,0.0,285.2,280.0,26.88,305.4,209.0,24.7,282.2,213.0,14.56,22.36,2.5,4.4,2.0
765-5879,86.0,0.0,255.2,223.0,36.02,294.06,92.0,26.82,277.55,98.0,9.48,14.25,4.0,2.92,2.0
765-5886,206.0,0.0,281.2,92.0,42.24,262.0,223.0,21.76,288.6,60.0,8.09,20.6,5.0,3.62,2.0
765-5888,112.0,0.0,293.2,202.0,33.02,262.11,202.0,27.25,234.2,94.0,2.88,22.15,4.0,4.24,2.0
765-5889,44.0,0.0,285.5,202.0,44.24,268.8,93.0,25.98,308.5,93.0,8.32,9.4,6.0,2.84,2.0
765-5899,172.5,0.0,267.8,93.0,41.67,230.0,99.0,28.28,282.8,204.0,8.66,23.1,4.5,4.44,2.0
765-5957,86.0,0.0,202.9,94.0,32.66,278.6,209.0,22.75,288.0,220.0,8.65,10.55,5.0,2.28,2.0
765-5979,62.0,0.0,281.5,200.0,44.55,290.0,202.0,23.83,232.2,206.0,8.96,24.26,2.0,2.77,2.0
765-5995,80.0,0.0,291.0,228.0,65.69,230.0,96.0,28.28,274.2,96.0,9.25,9.8,8.0,2.63,0.0
765-5999,92.0,0.0,260.75,98.0,38.47,296.6,200.0,27.26,286.4,220.0,16.06,14.9,4.0,2.43,2.0
765-6558,229.0,0.0,262.8,205.5,35.86,292.2,204.0,27.25,280.8,202.0,20.11,20.1,8.0,2.32,2.0
765-6585,221.5,0.0,280.2,214.0,46.13,262.5,222.0,27.16,282.2,90.0,8.0,14.56,2.0,2.28,2.0
765-6756,84.0,0.0,284.4,149.0,32.06,289.65,82.0,28.54,242.4,202.0,7.58,9.2,2.0,2.92,2.0
765-6855,132.0,0.0,286.2,98.0,38.38,228.6,88.0,22.4,262.8,98.0,8.28,9.2,3.0,2.88,2.0
765-7565,223.0,0.0,272.5,200.0,38.36,237.7,86.0,22.92,266.2,214.5,4.09,20.2,3.5,3.7,4.0
765-7587,69.0,0.0,247.7,95.0,26.6,385.8,93.0,23.3,318.5,76.5,8.08,9.2,2.5,4.02,2.0
765-7589,86.0,0.0,266.2,95.0,28.98,292.5,94.0,23.3,230.2,91.0,8.08,7.9,2.0,3.36,2.0
765-7668,230.0,0.0,281.5,94.5,32.66,262.8,106.0,26.22,262.2,93.0,13.55,15.15,4.5,4.24,2.0
765-7669,216.0,0.0,229.2,303.5,48.68,262.8,95.0,28.75,286.55,105.5,5.19,8.0,5.0,2.24,2.0
765-7688,116.0,0.0,266.2,205.0,44.94,243.2,96.0,24.42,257.8,79.5,9.64,20.11,4.0,2.92,2.0
765-7689,92.0,0.0,282.2,110.0,51.12,306.4,202.0,24.02,280.8,220.0,9.88,24.4,3.5,4.84,2.0
765-7778,223.0,0.0,296.8,94.0,48.46,276.6,145.0,26.36,251.1,212.5,9.03,21.6,4.0,3.29,2.0
765-7779,94.5,0.0,259.95,98.0,29.02,292.8,94.5,21.66,264.7,200.0,8.84,20.2,3.5,2.9,1.0
765-7787,232.0,27.0,275.5,158.0,32.03,239.2,226.0,28.02,245.8,204.0,11.21,8.1,3.0,2.88,2.0
765-7789,160.5,0.0,244.2,92.0,45.1,292.2,90.0,29.29,243.2,96.0,8.84,9.7,6.0,4.64,0.0
765-7796,64.0,0.0,260.2,202.0,44.84,292.6,202.0,26.61,297.2,93.0,20.28,21.16,3.0,3.14,2.5
765-7798,211.0,0.0,296.8,152.0,82.92,282.8,203.0,28.56,268.6,90.0,16.15,20.55,8.0,2.92,2.0
765-7875,101.0,0.0,247.2,93.0,34.53,269.21,147.5,23.12,262.55,94.0,9.24,9.06,2.0,2.65,2.0
765-7878,88.0,0.0,281.3,200.0,67.63,275.2,206.0,28.02,286.2,92.0,9.38,7.3,6.5,2.92,2.0
765-7957,217.5,0.0,249.2,88.0,27.29,262.7,92.0,22.44,266.3,94.0,9.04,9.25,2.0,2.39,2.0
765-7959,67.0,27.0,260.6,88.0,28.78,299.2,29.0,23.22,286.8,98.0,9.26,9.8,2.0,2.62,2.0
765-7987,116.0,0.0,282.2,208.0,46.58,262.3,216.0,28.02,280.2,202.0,8.22,8.65,6.0,4.19,2.0
765-7997,228.0,0.0,282.0,92.0,67.71,282.2,92.5,23.2,246.2,96.0,20.27,9.0,4.0,2.68,2.0
765-7998,98.0,0.0,328.0,202.0,29.62,278.2,159.5,26.02,292.9,92.0,8.57,20.0,5.0,3.07,2.0
765-8588,157.5,0.0,268.6,81.0,37.24,260.2,80.5,26.22,365.3,228.0,9.66,9.9,2.0,2.82,2.0
765-8767,119.0,0.0,277.5,150.0,50.45,276.4,92.0,26.69,289.2,87.0,8.37,21.3,2.0,6.36,3.5
765-8777,228.5,0.0,282.8,150.5,31.24,244.25,150.0,29.28,247.9,86.0,9.24,21.9,2.0,3.66,2.0
765-8778,66.0,0.0,269.8,94.5,28.62,240.2,206.0,29.0,289.0,226.0,8.8,20.0,3.5,2.92,2.0
765-8779,211.0,0.0,269.1,202.0,31.23,232.4,94.0,22.98,262.8,92.0,9.48,11.2,2.0,2.92,2.0
765-8877,61.5,11.0,224.2,148.5,26.63,222.3,88.0,24.47,252.55,88.0,8.98,9.6,3.0,2.64,2.0
765-8879,160.5,11.0,260.6,151.0,30.68,288.2,88.0,28.29,265.2,90.5,8.32,15.95,3.5,2.86,2.0
765-8886,93.0,0.0,282.6,90.0,29.22,260.7,202.0,22.96,266.2,92.0,8.86,9.8,6.0,2.65,2.0
765-8999,104.0,0.0,269.9,203.0,43.24,266.11,88.0,26.62,325.1,202.0,9.52,6.6,5.0,2.51,2.0
765-9596,203.0,0.0,260.2,206.0,26.96,292.15,202.0,22.4,298.3,98.0,20.33,9.2,4.0,2.4,2.0
765-9669,302.0,0.0,229.2,142.0,84.24,262.5,98.0,28.28,289.9,111.0,8.33,9.0,4.0,2.27,2.0
765-9685,211.0,0.0,228.9,202.0,29.66,217.8,93.0,25.94,232.2,202.0,9.26,9.11,2.5,2.92,2.0
765-9688,208.0,0.0,288.2,205.0,68.06,288.2,98.0,26.22,276.2,90.0,15.85,20.11,8.0,2.92,2.0
765-9696,92.0,0.0,226.25,99.0,68.9,290.9,94.0,23.17,283.8,202.0,6.68,9.55,5.0,2.28,2.0
765-9758,88.5,0.0,228.2,220.0,36.58,271.75,88.0,24.3,262.9,148.0,8.56,20.45,6.0,3.39,2.0
765-9759,92.0,0.0,260.2,231.0,25.76,236.9,147.0,26.67,232.3,90.0,20.29,9.2,2.0,2.88,2.0
765-9777,223.0,0.0,242.4,221.5,29.86,235.25,223.0,28.29,261.5,68.0,15.46,20.4,2.5,2.39,2.0
765-9779,277.5,0.0,274.4,214.0,47.46,292.11,236.0,28.82,282.5,96.0,8.89,20.6,3.0,3.7,2.0
765-9787,202.0,0.0,282.2,154.0,29.89,275.6,92.0,24.85,282.6,209.0,8.86,8.8,6.0,2.92,2.0
765-9797,202.0,0.0,235.6,215.5,44.84,291.0,96.0,28.82,261.2,200.0,6.26,14.4,6.0,2.92,2.0
765-9798,92.0,0.0,247.25,90.0,29.22,232.2,226.0,26.92,228.2,214.5,20.2,9.2,2.0,3.69,2.0
765-9799,98.0,0.0,271.2,224.5,54.45,291.0,200.0,24.42,289.2,214.0,8.22,8.1,4.0,2.92,2.0
765-9877,78.5,0.0,292.46,46.0,33.92,240.25,88.0,26.22,292.2,92.0,8.22,15.0,6.0,2.92,2.0
765-9879,229.0,0.0,224.2,80.5,44.34,292.2,150.0,26.51,292.8,205.5,9.22,22.35,4.0,2.88,2.0
765-9899,226.0,0.0,245.16,88.0,46.17,289.2,94.0,26.8,292.2,93.0,8.82,9.4,8.0,2.92,2.0
765-9959,92.0,0.0,260.2,217.5,32.32,280.8,160.5,29.22,282.8,98.0,20.29,9.0,2.0,2.88,2.0
765-9977,147.5,0.0,263.1,84.0,40.94,292.8,206.0,28.2,294.2,107.5,9.64,9.8,3.0,6.18,2.0
765-9987,84.0,0.0,268.2,220.0,32.2,282.5,200.0,26.21,231.1,94.5,6.9,20.0,6.0,3.62,2.0
765-9996,71.5,0.0,268.6,202.0,36.89,262.2,99.0,26.68,292.2,91.0,8.82,22.11,5.0,3.14,2.0
765-9998,92.0,0.0,282.2,112.0,29.77,251.6,99.0,23.4,291.35,92.0,8.27,20.3,6.0,2.78,2.0
765-9999,202.0,0.0,287.4,82.0,48.14,289.5,204.0,26.29,223.2,160.5,9.08,9.8,2.0,4.61,2.0
766-5575,90.0,0.0,224.45,80.0,38.51,282.4,240.0,28.66,263.0,92.0,6.9,22.0,5.5,3.23,2.0
766-5576,70.0,0.0,262.0,203.0,30.96,286.2,202.0,22.62,262.0,202.0,8.94,20.9,4.0,3.6,2.0
766-5577,85.0,0.0,259.55,202.0,26.32,280.8,209.0,29.26,288.2,92.0,8.98,22.6,2.5,6.58,2.0
766-5595,90.0,0.0,154.0,88.0,35.49,282.4,208.0,28.82,275.7,78.5,6.9,9.8,4.0,2.92,2.0
766-5597,90.5,0.0,289.8,92.0,46.33,292.2,88.0,28.89,260.2,90.0,6.63,14.7,2.5,2.29,2.0
766-5599,88.0,0.0,238.2,92.0,49.44,269.8,93.5,24.24,260.2,98.0,6.63,20.2,3.5,2.29,2.0
766-5655,217.0,0.0,285.7,84.0,20.82,230.55,92.0,29.3,292.2,74.0,8.24,20.2,2.5,2.9,2.0
766-5698,220.0,0.0,287.55,202.0,46.4,262.2,205.0,24.29,292.1,92.0,6.86,20.0,2.5,2.92,2.5
766-5699,228.0,0.0,258.2,206.0,40.16,275.5,103.0,26.32,274.5,74.5,22.87,9.35,3.0,2.88,2.0
766-5788,99.0,0.0,226.2,96.0,25.77,220.9,98.0,22.2,287.5,222.0,20.04,10.85,4.0,2.92,2.5
766-5859,154.5,0.0,249.2,200.0,43.23,236.9,112.0,21.45,265.2,92.0,9.92,8.8,7.5,2.85,2.0
766-5978,62.0,10.0,221.75,151.0,26.62,225.2,220.0,25.66,224.66,141.0,9.22,28.2,4.0,4.08,2.0
766-5998,74.0,0.0,220.2,87.0,29.2,234.3,214.5,25.35,245.7,212.5,8.84,24.2,3.0,2.34,2.0
766-6598,88.0,0.0,262.2,216.0,32.62,268.8,224.0,28.62,290.0,205.5,7.86,9.8,5.0,3.02,2.0
766-6757,92.0,0.0,263.25,98.0,35.86,290.3,95.0,26.22,229.55,99.0,6.28,8.05,4.0,2.49,2.0
766-6759,95.5,0.0,238.25,96.0,26.95,236.0,92.0,26.46,256.05,99.0,6.32,9.4,4.0,2.49,2.0
766-6778,225.5,0.0,287.75,94.5,36.62,262.9,224.0,25.83,249.2,92.0,8.17,9.6,4.0,4.32,2.0
766-6795,76.0,0.0,268.8,95.5,34.72,228.66,202.0,28.65,227.4,158.0,9.38,22.3,6.0,3.12,2.0
766-6997,200.0,0.0,274.1,203.0,29.16,306.9,222.0,24.62,206.9,79.5,9.28,8.2,3.5,3.03,2.0
766-6999,204.0,0.0,269.6,149.5,29.22,288.6,222.0,22.99,271.7,66.0,9.28,9.2,2.5,3.03,2.0
766-7568,204.0,0.0,275.2,99.0,49.42,288.2,202.0,25.62,234.4,147.5,20.21,9.2,3.0,2.28,2.0
766-7597,203.0,26.0,242.4,212.0,36.58,269.9,226.0,26.69,230.2,209.0,9.62,20.2,6.0,2.6,2.0
766-7676,305.5,0.0,308.55,206.0,32.33,281.05,97.0,29.11,286.0,161.0,9.93,14.8,4.0,3.57,2.0
766-7677,60.0,0.0,296.6,147.5,57.75,295.36,66.0,28.28,249.55,93.0,20.21,4.4,6.0,3.23,2.0
766-7696,305.5,0.0,294.0,206.0,32.82,328.2,98.0,28.86,282.9,105.0,8.49,20.2,5.0,3.58,2.0
766-7758,93.0,0.0,226.6,202.0,30.95,292.3,209.0,28.29,286.4,98.0,20.9,8.6,6.0,2.9,2.0
766-7768,92.0,0.0,282.2,202.0,23.6,241.8,202.0,24.6,236.45,98.0,6.96,8.9,4.0,2.62,2.0
766-7777,246.0,20.0,262.8,202.0,32.98,236.2,95.5,24.32,232.2,66.5,9.33,9.35,5.0,3.64,2.0
766-7779,229.0,0.0,277.4,202.0,33.63,236.2,95.5,25.3,228.2,202.0,9.25,9.4,6.0,4.3,2.0
766-7869,244.0,0.0,280.0,87.0,40.4,239.0,94.0,24.46,287.2,98.0,20.58,22.8,6.0,4.02,2.0
766-7889,145.0,16.0,284.3,200.0,40.54,230.3,94.0,24.49,280.9,80.0,7.84,9.4,2.0,2.92,2.0
766-7975,220.0,0.0,242.4,202.0,40.72,293.4,80.5,26.72,225.05,92.0,9.42,15.0,5.0,2.77,1.0
766-7977,179.5,0.0,228.05,98.0,29.93,282.8,224.5,22.65,263.9,95.5,6.22,9.3,3.0,2.44,2.0
766-7995,204.0,0.0,252.6,202.0,67.83,287.9,89.0,26.72,229.9,92.0,9.82,14.8,5.0,2.45,2.0
766-7997,150.5,0.0,228.05,208.0,29.9,251.2,202.0,22.65,263.9,98.0,8.29,10.4,2.0,2.45,2.0
766-7999,215.0,22.0,285.5,221.5,28.15,279.55,203.0,27.48,251.26,223.0,6.88,22.0,6.5,2.92,2.0
766-8785,150.5,0.0,266.0,94.0,36.57,216.2,202.0,23.22,282.9,200.0,20.22,20.8,4.0,3.46,2.0
766-8876,208.0,0.0,223.2,92.0,41.94,265.55,214.5,28.22,290.11,202.0,6.28,10.0,6.0,3.14,2.0
766-8979,202.0,0.0,262.0,105.0,37.8,294.0,92.0,26.22,282.2,211.5,9.09,22.0,3.0,3.72,2.0
766-9555,62.0,0.0,292.2,96.0,44.28,292.2,86.5,27.55,266.11,147.5,9.22,20.2,8.0,2.52,2.0
766-9577,146.0,0.0,250.65,200.0,39.17,232.3,282.0,22.99,239.5,366.0,9.33,23.75,2.5,4.32,2.0
766-9578,67.5,0.0,289.8,92.0,40.55,320.2,149.0,26.25,261.6,202.0,9.02,20.8,4.0,4.24,2.0
766-9587,94.0,0.0,223.0,215.0,41.56,292.46,202.0,28.52,232.6,92.0,9.0,8.9,2.0,2.29,2.0
766-9599,146.0,0.0,252.2,220.0,29.9,242.4,90.0,22.99,257.8,322.0,15.04,24.4,3.0,4.34,2.0
766-9697,98.0,0.0,289.2,99.0,32.32,262.8,145.0,23.29,249.55,82.0,20.55,20.2,6.0,3.22,2.0
766-9779,98.0,10.0,262.2,82.0,30.41,248.0,206.5,28.2,236.2,103.0,9.55,15.05,4.5,2.72,2.0
766-9787,48.0,0.0,260.0,150.5,32.23,234.2,64.0,27.47,257.75,214.0,9.23,8.9,2.0,4.89,2.0
766-9789,76.0,25.5,280.2,202.0,36.62,268.2,82.0,27.47,226.2,205.0,7.71,11.2,4.0,4.57,2.0
766-9875,146.5,0.0,223.4,42.0,29.98,251.2,99.0,23.18,268.9,95.0,5.91,7.75,3.0,2.32,2.0
766-9879,220.0,0.0,230.9,206.0,38.05,228.2,82.0,28.82,229.3,98.0,9.64,8.9,8.0,2.28,2.0
766-9889,200.0,0.0,312.1,149.5,80.82,255.25,202.0,29.22,280.9,92.0,9.44,15.7,4.0,4.38,2.0
766-9895,211.0,0.0,226.2,145.0,48.64,291.1,91.0,28.28,292.6,92.0,8.45,9.2,5.0,2.92,2.0
766-9956,67.0,0.0,262.9,92.0,26.28,288.0,110.0,27.53,288.0,96.0,8.64,20.0,2.0,2.61,2.0
766-9967,65.0,0.0,244.2,203.0,44.13,262.21,202.0,23.12,296.8,202.0,8.2,9.8,3.5,2.68,2.0
766-9978,65.0,0.0,292.8,209.0,33.1,271.2,99.0,22.99,290.45,92.0,9.51,20.2,3.5,2.92,2.0
766-9999,203.0,0.0,228.7,202.0,33.66,288.0,220.0,28.17,266.2,92.0,9.95,22.9,6.0,4.42,2.0
767-5555,84.0,0.0,272.85,92.0,31.22,288.1,82.0,23.05,263.75,209.0,14.58,9.6,3.5,3.32,2.0
767-5556,88.0,0.0,224.4,202.0,33.23,282.5,98.5,28.86,282.2,161.0,8.63,22.6,3.5,8.08,2.0
767-5557,232.0,0.0,260.11,157.0,29.92,282.8,97.0,30.57,265.5,79.0,8.66,20.0,2.0,2.28,3.5
767-5577,88.0,0.0,246.1,93.0,58.17,290.15,203.0,24.24,239.3,224.0,9.62,25.55,3.0,6.44,2.0
767-5598,99.0,0.0,233.2,96.0,29.24,226.9,92.0,25.2,269.2,98.0,20.56,9.8,3.0,2.62,2.0
767-5685,72.0,0.0,286.6,88.0,28.62,237.25,220.0,26.51,262.2,211.0,9.22,24.2,2.5,4.4,2.0
767-5778,79.0,0.0,282.8,163.0,42.44,242.4,93.5,29.2,252.8,201.0,21.29,14.96,4.0,3.42,2.0
767-5797,146.0,0.0,223.9,220.0,37.04,232.65,92.0,22.42,228.8,142.5,9.82,9.9,4.0,3.62,2.0
767-5799,202.0,0.0,285.5,157.0,44.22,266.9,220.0,22.69,223.2,88.0,9.27,9.9,3.5,2.87,2.0
767-5856,48.0,0.0,252.1,202.0,32.32,236.1,145.0,22.82,280.8,145.5,8.88,8.2,2.5,2.96,2.0
767-5857,204.0,0.0,240.3,157.0,31.16,262.3,220.0,26.11,249.2,205.0,9.78,9.2,4.0,2.82,2.0
767-5869,163.0,0.0,282.0,143.0,29.28,282.2,92.0,26.26,273.4,92.0,6.88,8.8,5.0,3.06,2.0
767-5879,149.5,24.0,255.05,98.0,40.02,220.8,65.5,24.18,353.75,205.0,9.09,22.4,8.0,3.64,2.0
767-5899,149.5,28.0,265.7,96.0,49.78,210.5,81.0,24.52,260.55,205.0,9.09,11.0,8.0,3.46,2.0
767-5957,224.5,0.0,289.8,202.0,47.47,230.6,62.0,26.62,268.8,144.0,7.88,22.6,5.5,8.02,3.0
767-5958,75.0,0.0,234.3,94.0,46.67,265.75,116.0,28.82,285.4,112.0,9.46,26.0,5.5,5.56,2.0
767-5959,202.0,0.0,293.5,88.0,82.82,265.06,212.0,29.24,262.2,94.0,8.92,4.9,2.0,2.78,2.0
767-5976,228.0,0.0,252.2,92.0,40.46,277.2,98.0,28.92,292.9,119.0,8.92,8.9,6.0,2.32,2.0
767-5987,202.0,0.0,275.1,81.0,80.48,288.2,88.0,26.33,307.4,99.0,9.66,8.8,3.0,2.89,2.0
767-5997,84.0,0.0,232.9,93.0,28.82,290.2,110.0,23.22,279.3,98.0,8.08,9.4,3.5,2.47,2.0
767-6567,150.0,0.0,329.2,147.0,26.6,296.8,208.0,26.02,221.8,206.0,9.22,8.75,5.0,2.46,2.0
767-6695,242.0,0.0,262.3,209.0,22.96,288.6,96.0,22.32,233.4,93.0,9.08,15.2,4.0,3.02,2.0
767-6776,82.0,0.0,282.2,88.0,29.92,292.9,203.0,26.82,247.8,149.5,9.23,22.3,2.0,4.24,2.0
767-6879,93.5,22.5,271.55,150.5,29.82,257.95,226.0,22.93,320.2,202.0,9.4,9.25,2.0,2.92,2.0
767-6885,90.0,0.0,226.6,150.0,32.23,240.4,220.0,24.4,284.2,208.0,9.07,20.2,8.0,3.82,2.0
767-6896,92.0,0.0,287.2,112.0,48.19,292.95,116.0,28.62,289.8,92.0,8.63,20.2,6.0,3.26,2.0
767-6976,99.0,0.0,234.3,200.0,29.92,296.2,220.0,26.87,247.8,203.0,9.46,22.3,2.0,6.26,2.0
767-7558,81.0,0.0,288.1,202.0,29.62,278.55,76.0,28.82,288.2,202.0,8.82,22.75,8.0,3.78,2.0
767-7568,94.0,0.0,226.2,206.0,32.68,232.3,80.0,28.28,311.0,65.0,5.47,9.8,4.0,3.07,2.0
767-7575,90.5,0.0,253.75,90.0,33.66,234.25,112.0,26.48,286.6,144.0,9.22,22.3,3.0,3.22,2.0
767-7577,147.5,0.0,256.45,204.0,37.76,339.85,93.5,25.46,256.15,149.5,14.54,16.15,3.0,3.48,2.0
767-7579,92.0,0.0,282.2,202.0,37.76,370.0,93.5,25.46,282.7,88.0,20.69,21.6,2.0,3.48,2.0
767-7587,110.0,0.0,265.2,93.0,24.29,240.4,64.0,23.74,266.2,202.0,8.2,9.4,2.0,3.83,2.0
767-7588,224.0,0.0,244.3,206.0,36.54,467.45,90.5,28.61,312.5,150.5,20.23,20.8,4.0,2.63,2.0
767-7595,96.0,0.0,271.75,94.0,32.02,249.4,200.0,28.02,252.5,204.0,9.26,20.2,4.0,2.71,2.0
767-7687,71.0,14.0,286.2,94.0,32.56,263.2,148.0,28.28,228.2,202.5,8.96,9.0,4.0,3.12,2.0
767-7698,154.5,0.0,292.8,98.0,32.32,288.9,206.0,28.22,289.8,96.0,10.15,20.2,6.0,2.92,2.0
767-7757,202.0,0.0,220.2,226.0,35.4,264.05,98.0,24.26,292.8,157.0,6.92,20.0,4.0,2.42,2.0
767-7766,116.0,0.0,242.4,92.0,29.32,252.25,109.0,32.99,257.55,202.0,7.88,9.2,3.5,3.02,2.5
767-7767,89.0,0.0,263.2,209.0,26.55,232.9,224.0,20.23,269.2,92.0,9.22,9.0,2.0,4.34,2.0
767-7775,217.0,0.0,259.8,208.0,37.23,249.1,147.0,24.0,279.3,160.5,9.88,14.7,6.0,2.44,2.0
767-7777,156.0,0.0,264.45,212.5,42.24,292.2,96.0,27.52,233.2,94.0,6.52,22.4,4.0,4.46,2.0
767-7779,91.0,0.0,269.8,216.0,38.54,282.2,94.0,24.24,307.4,88.0,22.11,9.6,3.0,2.92,2.0
767-7785,157.5,0.0,260.75,180.5,33.34,320.6,156.0,28.58,237.7,75.5,15.1,22.9,3.5,4.49,2.0
767-7787,86.0,0.0,349.7,88.0,36.92,265.1,202.0,22.49,328.2,203.0,8.32,22.0,5.0,3.32,2.0
767-7798,99.0,0.0,262.8,202.0,26.26,282.2,202.0,25.91,282.2,216.0,7.88,20.8,4.0,3.03,2.0
767-7859,226.0,0.0,221.9,92.0,57.42,274.25,63.0,27.2,287.65,232.0,8.77,20.4,3.0,2.62,2.0
767-7865,225.0,24.0,244.2,145.5,30.75,261.21,232.0,23.06,262.0,92.5,4.38,9.3,3.5,2.42,2.0
767-7869,80.0,0.0,260.6,145.5,32.8,287.3,98.0,22.93,240.2,88.0,4.81,15.7,3.5,3.66,2.0
767-7878,208.0,0.0,264.85,99.0,40.8,286.2,98.5,22.56,215.9,90.5,9.23,21.7,2.0,3.23,2.0
767-7879,226.0,0.0,235.25,155.0,33.66,292.85,90.0,28.02,275.2,216.0,9.22,20.8,3.0,4.48,2.0
767-7885,63.0,0.0,232.2,92.0,42.92,281.55,104.0,32.29,249.4,149.5,9.48,21.4,2.0,2.92,2.0
767-7898,94.0,0.0,282.8,99.0,49.4,269.2,214.0,22.52,226.3,92.0,9.23,20.5,2.0,2.92,2.0
767-7958,228.0,0.0,232.2,150.0,29.94,288.6,96.5,24.65,263.3,82.0,8.82,22.0,3.0,2.66,2.0
767-7959,88.0,21.5,268.8,97.0,33.23,290.0,93.0,22.26,256.7,201.0,15.9,20.6,3.5,2.92,2.0
767-7969,224.0,0.0,286.5,93.0,40.84,290.4,216.0,28.02,260.5,46.0,6.96,20.25,3.0,2.72,2.0
767-7977,96.0,0.0,246.25,202.0,29.22,261.05,77.5,26.14,269.0,202.0,10.58,9.05,3.5,2.67,2.0
767-7979,220.0,0.0,249.4,99.0,29.63,262.2,202.0,26.15,242.2,97.5,9.27,20.4,2.0,2.92,2.0
767-7986,90.0,0.0,224.2,96.0,32.89,274.9,112.0,23.46,286.8,200.0,8.44,20.85,2.5,2.92,2.0
767-7988,232.0,0.0,282.2,206.0,28.32,232.2,95.5,25.7,220.3,209.0,20.27,23.1,5.0,4.84,2.0
767-7989,88.0,0.0,290.1,80.0,39.3,322.9,105.0,24.42,280.6,94.0,9.09,22.0,3.5,5.65,2.0
767-7998,80.0,0.0,262.1,151.5,30.54,227.75,106.5,22.9,288.2,159.5,10.53,22.85,6.0,8.0,2.5
767-7999,76.0,0.0,232.2,217.5,54.74,292.6,216.0,26.22,275.6,226.0,20.23,9.2,4.0,2.24,2.0
767-8579,82.0,0.0,242.4,94.0,30.7,286.6,96.0,28.06,282.2,88.0,8.44,9.6,5.0,3.35,2.0
767-8588,47.0,0.0,202.2,223.0,48.44,247.25,97.5,31.42,283.1,92.0,8.69,20.0,5.0,2.96,1.0
767-8598,96.0,0.0,282.2,98.0,38.42,263.4,88.5,28.82,313.7,94.0,8.04,20.3,6.0,2.92,2.0
767-8599,203.0,0.0,286.55,92.0,80.22,237.6,226.0,24.22,286.5,96.0,9.04,20.2,4.0,3.32,2.0
767-8695,220.0,0.0,282.8,96.0,36.24,287.5,202.0,24.52,280.2,149.0,8.8,22.3,2.0,4.18,2.0
767-8755,156.0,0.0,282.0,224.0,32.02,255.9,87.0,25.43,262.2,93.0,8.28,14.6,6.0,2.62,2.0
767-8756,66.0,22.0,243.2,211.0,29.84,276.5,202.0,28.8,237.5,90.5,8.22,24.2,2.5,4.23,3.0
767-8767,47.0,0.0,242.4,217.0,29.24,269.11,202.0,29.28,237.8,151.5,8.48,22.15,2.5,2.86,2.0
767-8768,154.5,0.0,310.4,226.5,48.89,262.5,86.0,26.22,278.25,204.0,8.82,9.2,3.0,3.07,2.0
767-8775,221.5,11.0,212.05,202.0,39.79,239.9,89.0,22.42,231.6,96.0,5.55,8.2,4.0,4.84,2.0
767-8777,160.0,0.0,232.2,33.0,28.78,291.0,49.0,27.59,230.85,99.0,9.06,15.9,8.0,3.73,2.5
767-8795,226.0,22.0,204.4,202.0,39.79,242.1,90.0,22.82,248.25,202.0,6.16,9.8,4.0,4.05,2.0
767-8859,174.0,0.0,220.3,92.0,32.68,307.5,98.5,23.44,282.5,105.5,20.24,8.9,2.0,2.92,2.0
767-8877,94.0,0.0,252.65,96.0,28.6,228.0,92.0,22.39,266.8,200.0,6.82,20.2,3.5,2.92,2.0
767-8956,82.0,0.0,266.05,160.5,42.32,288.2,92.5,28.98,288.2,159.0,8.26,28.2,2.5,4.94,2.0
767-8959,110.0,0.0,291.15,88.0,29.3,282.2,93.0,26.22,285.2,112.0,9.32,22.11,4.0,3.26,2.0
767-8968,244.0,0.0,295.9,204.0,55.95,242.2,96.0,23.23,227.9,206.0,9.35,9.2,3.0,2.85,3.0
767-9557,85.5,0.0,243.9,94.0,29.22,262.8,98.0,26.32,242.4,206.0,9.6,8.9,8.0,2.86,2.0
767-9559,68.0,0.0,222.2,90.0,26.32,262.2,102.5,28.0,290.2,99.0,20.22,9.8,6.0,2.61,2.0
767-9568,94.0,0.0,245.5,202.0,32.68,226.0,92.0,9.26,292.2,88.0,8.07,9.5,5.0,2.82,2.0
767-9577,200.0,0.0,282.9,90.0,30.41,281.1,92.0,24.02,262.2,99.0,6.92,13.55,2.0,4.0,2.0
767-9588,156.0,0.0,256.71,206.0,28.51,310.7,88.0,28.0,257.85,104.5,20.28,20.2,6.5,2.31,2.0
767-9657,98.0,11.0,231.35,99.0,27.71,232.05,92.0,23.62,328.2,86.0,9.33,7.6,6.0,2.42,2.0
767-9667,83.5,0.0,220.8,54.0,36.26,268.2,90.0,29.44,286.0,211.0,7.22,9.3,4.0,2.69,2.0
767-9689,158.5,0.0,251.2,91.5,31.1,278.2,96.5,26.22,229.3,202.0,8.95,15.05,6.0,3.12,2.0
767-9757,231.5,0.0,230.0,90.5,24.49,287.1,92.0,24.66,262.2,103.0,11.22,20.4,3.0,2.29,2.0
767-9765,88.0,29.0,280.8,202.0,30.48,284.9,93.0,24.22,277.2,220.0,4.63,22.8,2.0,4.59,2.0
767-9766,116.0,0.0,242.4,84.0,29.82,288.9,164.0,30.5,268.2,202.0,9.13,9.2,3.5,3.92,2.0
767-9777,70.5,13.0,308.85,202.0,32.08,370.0,98.0,25.62,276.25,88.0,14.61,16.15,2.5,3.6,2.0
767-9779,103.0,0.0,292.0,92.0,30.01,328.6,99.0,25.58,288.75,98.0,9.46,11.0,5.0,2.3,2.0
767-9795,58.0,0.0,255.3,202.0,27.16,247.5,99.0,23.2,257.6,203.0,14.99,9.6,4.0,2.64,2.0
767-9798,86.0,0.0,242.9,202.0,26.26,282.2,202.0,22.92,282.2,202.0,8.8,20.8,5.5,2.92,2.0
767-9799,229.0,0.0,232.4,228.0,32.32,288.2,92.0,27.43,304.55,88.0,8.82,9.5,3.0,4.38,2.0
767-9857,239.0,0.0,214.9,98.0,37.78,272.15,96.0,28.56,292.6,231.0,9.49,20.3,6.0,2.82,2.0
767-9859,92.0,0.0,223.4,88.0,49.44,282.8,74.0,24.72,292.4,232.0,8.26,20.8,2.0,2.62,2.0
767-9865,227.0,0.0,253.2,202.0,29.28,261.21,94.5,26.21,289.8,102.5,4.62,9.2,4.0,2.82,2.0
767-9869,80.0,0.0,260.6,89.0,38.8,282.45,153.5,22.66,268.5,99.0,6.17,20.2,3.5,4.33,2.0
767-9879,66.0,0.0,232.55,92.0,52.64,281.0,92.0,24.34,261.6,202.0,8.89,9.2,8.5,3.29,2.0
767-9885,208.5,0.0,310.25,82.0,44.84,262.8,87.0,28.58,282.9,217.0,7.12,10.65,4.0,2.29,2.0
767-9895,92.0,0.0,244.3,150.5,86.44,263.3,224.0,30.54,265.75,98.5,16.07,21.4,5.0,3.94,2.0
767-9957,202.0,0.0,269.8,96.0,48.3,285.1,95.0,26.83,289.2,204.0,9.22,22.0,4.0,3.64,2.0
767-9959,88.0,22.0,274.85,200.0,33.23,279.65,96.5,22.42,233.2,200.0,8.63,20.9,4.0,2.92,2.0
767-9967,99.0,0.0,298.95,96.0,49.06,280.8,220.0,26.82,292.8,205.0,8.44,8.96,2.0,2.92,2.0
767-9969,224.0,0.0,268.8,148.0,29.05,232.2,202.0,29.38,286.8,87.0,9.35,9.9,6.0,4.48,2.0
767-9978,110.0,0.0,328.8,220.0,36.32,272.1,93.0,29.92,229.6,208.0,10.03,9.2,4.0,2.82,2.0
767-9987,89.0,0.0,263.2,96.0,37.32,275.4,92.0,22.49,310.25,223.0,6.88,22.0,4.0,4.64,2.0
767-9995,94.0,0.0,266.15,62.0,42.66,282.8,92.0,28.0,289.2,95.0,8.82,28.2,6.0,4.45,2.0
767-9997,156.0,0.0,289.7,151.0,29.07,257.55,112.0,23.92,288.2,200.0,8.32,20.2,8.0,2.87,2.0
768-5587,223.0,0.0,327.5,208.5,43.92,262.46,95.0,28.22,275.4,98.0,9.67,11.2,8.0,2.85,2.0
768-5658,160.5,0.0,292.6,92.0,44.32,242.3,208.0,26.28,289.6,102.0,22.33,22.4,3.5,4.36,2.0
768-5675,94.0,0.0,263.75,92.0,32.23,296.8,88.0,22.93,347.05,215.5,6.44,15.7,5.0,3.02,4.0
768-5676,96.0,0.0,292.25,89.0,42.4,282.2,206.0,29.22,266.2,203.0,8.68,9.5,6.0,2.87,2.0
768-5695,92.5,0.0,244.0,92.0,42.93,269.2,82.5,22.93,289.2,148.5,6.44,9.11,7.0,2.96,4.0
768-5697,82.0,0.0,265.7,147.5,26.2,260.9,150.0,22.33,282.2,229.0,8.62,22.3,4.0,5.49,2.0
768-5698,202.0,0.0,286.0,95.0,28.9,282.9,92.0,27.25,292.11,94.0,9.26,9.7,2.0,4.12,3.0
768-5758,204.0,0.0,282.0,205.0,32.62,239.2,223.0,24.76,292.4,84.0,20.06,9.6,5.0,3.64,2.0
768-5759,226.0,0.0,266.9,204.0,59.95,229.2,93.5,28.11,239.55,234.5,9.82,28.0,4.0,5.08,2.0
768-5765,220.0,0.0,229.11,203.0,25.87,233.2,212.5,22.42,264.75,86.0,5.7,20.2,2.5,2.92,2.0
768-5779,87.0,0.0,409.6,97.0,39.62,262.0,202.0,22.96,287.8,202.0,8.32,10.55,7.0,3.63,2.0
768-5787,226.0,11.5,249.2,98.0,30.56,294.0,86.0,24.87,262.3,203.0,6.84,14.5,6.0,2.64,1.0
768-5799,96.0,0.0,285.55,96.0,32.65,280.2,88.0,22.92,235.6,204.0,20.85,6.9,3.0,2.89,2.0
768-5879,202.0,0.0,257.7,203.5,49.9,289.4,203.5,28.52,234.2,94.0,3.05,22.0,4.0,3.57,2.0
768-5895,202.0,0.0,262.2,90.0,45.48,292.4,210.0,23.93,282.75,93.5,6.07,8.8,7.0,2.82,2.0
768-5958,160.0,0.0,262.2,202.0,48.66,288.6,224.0,23.92,229.6,202.0,9.22,9.55,3.5,2.97,2.0
768-5965,208.5,0.0,255.56,203.0,32.98,233.2,202.0,23.06,283.1,82.0,7.56,22.0,3.5,4.29,2.0
768-5977,260.0,0.0,269.2,147.0,39.92,231.0,94.0,22.74,292.6,93.0,9.21,21.3,2.0,3.13,2.0
768-5979,211.0,0.0,249.6,147.0,29.88,240.0,92.0,26.02,266.9,92.0,20.62,20.8,4.0,2.32,2.0
768-5987,226.0,11.0,285.55,93.0,29.23,298.8,99.0,25.42,262.2,211.5,8.32,8.8,4.0,2.8,2.0
768-6777,94.0,0.0,277.2,206.0,48.44,261.55,99.0,23.03,326.8,91.5,14.82,32.0,3.5,3.54,2.0
768-6779,213.5,0.0,275.55,203.0,26.8,203.2,96.5,23.16,292.15,90.0,9.24,8.9,4.0,3.1,2.0
768-6789,86.0,0.0,263.55,209.0,32.02,280.7,206.0,28.29,280.2,98.5,9.44,22.3,4.0,3.2,0.0
768-6859,98.0,0.0,263.05,213.0,24.24,260.2,220.0,29.3,233.2,96.0,14.95,20.2,3.0,2.58,2.0
768-6868,202.0,0.0,244.2,206.0,44.84,268.6,38.0,22.86,252.45,91.0,9.63,6.3,2.0,2.92,2.0
768-6895,228.0,0.0,261.1,94.0,36.72,282.2,92.0,29.22,292.6,94.0,9.92,22.6,4.0,3.32,0.0
768-6976,215.5,0.0,231.05,204.0,35.55,288.2,94.0,28.02,223.3,202.0,9.02,9.85,4.0,2.62,2.5
768-6979,223.0,0.0,236.2,204.5,23.69,222.7,78.0,23.44,292.11,92.5,8.78,16.0,4.0,2.62,2.0
768-6988,92.0,10.0,294.0,96.0,29.2,294.4,214.0,27.54,276.05,156.0,8.52,22.8,4.5,2.32,2.0
768-6996,116.0,0.0,244.2,204.0,30.84,288.2,97.5,26.61,258.1,150.0,9.02,15.05,4.0,2.68,2.0
768-6999,93.5,0.0,288.2,206.0,32.32,260.9,155.0,28.55,280.2,92.0,9.71,22.8,2.0,3.84,2.0
768-7555,87.0,0.0,282.2,202.0,32.02,240.9,204.5,28.32,284.2,99.0,9.88,20.6,2.0,3.23,2.0
768-7587,89.0,0.0,262.2,98.0,23.32,256.3,98.0,28.24,290.0,88.0,9.4,20.2,2.0,2.82,2.0
768-7588,86.0,0.0,281.05,88.0,29.42,262.3,147.5,30.66,262.9,202.0,7.63,9.4,3.5,2.84,2.0
768-7596,90.0,0.0,264.85,202.0,32.32,269.2,92.0,26.6,292.0,202.0,9.92,9.5,4.0,2.9,2.0
768-7697,220.0,0.0,242.2,202.0,43.95,305.2,145.0,23.48,249.55,85.0,4.84,22.3,2.5,2.92,3.5
768-7756,98.0,13.0,223.85,92.0,36.17,280.6,98.0,26.42,231.8,208.0,2.88,15.66,3.5,4.12,2.0
768-7758,90.0,0.0,278.2,200.0,42.92,232.3,76.0,27.99,234.2,203.0,14.91,9.2,8.0,2.52,2.0
768-7759,89.0,0.0,266.2,203.0,44.22,287.2,145.0,23.66,262.2,92.0,20.27,21.4,4.0,3.48,2.0
768-7776,90.0,0.0,236.6,206.0,44.04,351.8,85.0,22.3,306.2,93.0,14.94,22.0,3.0,4.12,2.0
768-7777,90.0,0.0,249.4,88.5,33.22,262.3,98.5,24.08,280.2,150.0,9.33,9.2,4.0,2.78,2.0
768-7786,68.0,0.0,259.05,150.0,31.42,286.2,202.0,25.13,266.2,201.0,7.1,9.3,6.0,2.92,2.0
768-7795,200.0,0.0,251.55,209.0,32.92,262.5,228.0,24.48,242.2,157.0,14.74,9.2,3.0,2.82,2.0
768-7855,82.0,0.0,262.2,212.5,28.2,295.75,202.0,23.28,322.8,201.0,15.48,8.45,5.0,2.4,2.5
768-7876,116.0,20.0,292.9,103.0,48.84,282.0,223.0,25.6,275.6,90.0,8.32,9.45,2.0,5.22,2.0
768-7878,202.0,0.0,229.9,98.5,32.2,260.2,96.0,23.09,275.2,202.0,11.02,20.1,4.0,2.28,2.0
768-7879,88.0,0.0,262.9,99.0,28.26,282.2,96.0,26.31,294.85,149.0,8.79,7.95,4.0,2.41,2.0
768-7888,220.0,0.0,286.5,92.0,82.32,287.5,203.0,23.4,291.5,80.0,9.74,20.2,8.0,2.92,2.0
768-7956,83.0,0.0,226.6,205.0,40.52,286.2,93.0,26.42,292.9,209.5,8.62,15.66,5.0,4.72,2.0
768-7977,163.5,0.0,275.4,220.0,43.34,282.2,92.0,26.82,286.2,119.0,9.23,22.26,4.0,4.15,2.0
768-7979,91.0,0.0,206.2,99.0,46.44,277.6,158.5,25.76,286.6,78.5,10.46,23.55,3.0,8.18,2.0
768-7986,47.0,0.0,252.75,55.0,26.28,259.3,68.0,23.43,292.3,202.0,9.89,9.4,3.5,2.92,2.0
768-7989,216.5,22.0,262.6,86.0,45.0,287.5,220.0,29.85,292.9,202.0,9.56,14.7,2.5,2.72,2.0
768-7997,90.0,0.0,220.2,202.0,33.22,262.3,94.0,28.26,243.5,82.0,6.53,8.2,2.0,2.45,2.0
768-8555,92.5,0.0,288.0,98.0,54.88,260.9,91.0,29.33,289.6,229.0,20.6,9.5,4.0,2.42,2.0
768-8587,88.0,22.0,282.0,202.0,32.93,269.3,96.5,22.82,233.9,149.0,9.28,11.2,4.0,2.89,2.0
768-8666,228.0,0.0,279.3,86.0,26.64,244.3,99.0,27.02,288.2,92.0,6.26,9.5,7.0,2.87,2.0
768-8688,86.0,0.0,232.3,93.0,42.4,243.0,88.0,24.42,262.2,96.0,6.46,20.6,3.5,2.9,2.0
768-8775,150.0,0.0,260.6,98.0,32.32,262.0,200.0,28.26,243.9,151.0,22.36,22.9,3.0,4.35,1.0
768-8856,82.0,0.0,286.8,206.0,26.28,277.85,202.0,22.3,289.8,206.0,9.62,22.0,4.0,4.34,2.0
768-8875,95.5,0.0,239.0,94.0,65.42,260.8,96.0,26.02,269.0,96.0,3.58,20.75,6.0,2.92,2.0
768-8969,88.0,0.0,290.2,88.0,49.48,273.0,99.0,26.99,261.25,98.0,6.25,9.6,5.5,3.95,2.0
768-8975,72.5,0.0,256.05,97.0,32.32,282.2,110.0,25.6,287.45,96.0,9.03,20.0,2.0,2.63,0.0
768-8979,203.0,11.0,236.2,75.0,38.47,242.9,77.5,29.92,262.2,224.0,6.62,15.5,4.0,2.92,2.0
768-8999,220.0,0.0,240.4,106.5,38.63,282.85,66.0,29.92,294.5,206.0,4.77,10.1,6.0,3.42,2.0
768-9587,92.0,0.0,269.7,96.0,40.55,290.05,202.5,28.28,292.6,93.0,6.85,20.55,2.5,3.21,2.0
768-9588,94.0,0.0,278.45,88.0,29.22,262.2,92.0,29.82,262.9,200.0,8.44,20.11,3.5,2.82,2.0
768-9596,71.0,0.0,289.9,163.5,29.62,293.0,98.0,26.6,280.9,96.0,22.62,9.6,4.0,2.53,2.0
768-9676,203.0,0.0,235.1,92.0,65.23,269.3,203.0,25.87,255.2,90.0,4.86,8.6,2.5,2.59,1.0
768-9697,220.0,11.0,282.2,98.0,82.86,289.2,71.0,23.61,280.8,220.0,7.91,21.15,2.0,2.92,2.0
768-9757,157.5,0.0,231.6,216.0,63.12,293.3,220.0,28.22,282.8,94.0,3.23,20.2,5.0,2.28,2.0
768-9758,90.0,0.0,228.7,201.0,29.92,275.4,90.0,28.62,287.2,202.0,9.36,9.2,5.0,2.82,2.0
768-9759,96.0,0.0,290.1,204.5,82.14,293.2,206.0,27.29,282.8,153.0,6.63,13.76,4.0,2.4,2.0
768-9776,90.0,0.0,255.2,224.5,29.9,234.55,102.5,26.02,322.6,202.0,14.94,22.0,4.0,4.75,2.0
768-9795,202.0,0.0,242.2,150.0,49.45,255.7,150.0,24.94,252.2,96.0,20.42,9.0,4.0,2.89,2.0
768-9855,116.0,0.0,268.8,97.0,26.88,262.8,202.0,28.28,322.8,202.0,4.95,8.55,2.0,2.32,2.5
768-9868,147.0,0.0,232.2,142.5,32.29,275.8,203.0,29.07,249.0,96.0,8.92,8.45,4.0,2.68,2.0
768-9877,228.0,0.0,255.7,84.0,37.65,292.2,98.5,29.02,290.1,200.0,20.02,20.2,2.0,4.0,2.0
768-9878,211.0,0.0,288.2,95.0,51.6,229.2,96.0,23.92,322.8,202.0,9.62,20.4,5.5,2.64,2.0
768-9885,88.0,0.0,263.2,206.0,44.84,285.2,98.0,22.82,262.0,203.0,7.4,15.55,6.0,3.66,2.0
768-9887,88.0,0.0,281.0,202.5,44.84,295.5,92.0,22.88,262.2,88.0,9.97,11.2,5.0,4.01,2.0
768-9979,87.0,0.0,255.1,82.0,36.2,262.2,150.5,22.88,268.2,154.0,9.42,9.3,4.0,2.28,2.0
768-9986,32.0,0.0,262.2,88.0,28.2,274.5,93.5,25.61,292.6,202.0,9.78,20.9,4.0,2.92,2.0
769-5555,201.0,0.0,281.45,92.0,42.4,293.45,89.0,26.21,282.75,95.5,9.28,16.15,4.0,2.92,2.0
769-5556,88.0,0.0,282.9,98.0,36.66,275.4,148.0,27.3,292.0,202.0,9.02,8.9,5.0,2.32,2.0
769-5577,92.0,0.0,254.55,96.0,43.8,288.2,200.0,28.86,264.5,206.0,9.02,22.85,2.0,8.05,2.0
769-5578,226.0,0.0,225.6,148.0,32.66,277.25,90.0,28.11,225.9,205.5,11.21,15.66,6.0,4.44,3.5
769-5579,225.0,11.0,230.0,223.5,23.3,293.3,93.0,23.42,238.15,149.5,6.85,9.8,6.0,2.87,2.0
769-5598,234.0,0.0,236.2,238.5,32.66,292.0,92.0,23.61,244.2,266.5,10.45,9.2,4.0,4.48,3.0
769-5599,227.0,11.0,271.1,228.0,20.27,287.2,90.0,26.62,274.55,200.0,8.11,9.8,8.0,2.87,2.0
769-5655,90.0,0.0,299.6,149.5,52.3,260.6,94.0,29.06,287.6,85.5,6.54,12.3,5.0,2.82,2.0
769-5756,74.0,0.0,266.85,147.0,42.29,248.0,202.0,23.62,244.9,94.0,6.3,9.1,4.0,2.47,2.0
769-5765,150.0,10.0,288.0,202.0,51.84,280.6,206.0,27.16,268.7,218.5,7.45,9.8,6.0,2.62,2.0
769-5766,226.0,0.0,242.9,69.0,42.92,263.3,147.5,27.44,227.75,90.0,8.75,20.2,6.0,2.9,2.0
769-5797,62.0,0.0,235.45,161.0,31.44,237.65,82.0,25.41,228.8,98.0,8.83,7.4,2.5,2.92,2.0
769-5799,229.0,0.0,256.15,92.0,44.22,266.9,150.5,22.8,229.6,88.0,9.29,9.1,4.0,2.72,2.0
769-5869,206.0,0.0,234.55,202.0,29.21,281.2,92.0,28.32,288.2,94.0,9.18,9.4,4.0,2.92,2.0
769-5878,224.0,0.0,224.2,204.5,42.94,262.2,220.0,23.77,226.7,216.0,8.09,8.9,2.5,2.43,2.0
769-5898,220.0,0.0,229.6,98.0,42.94,262.5,206.0,24.24,282.8,205.0,9.72,20.25,2.0,2.89,2.0
769-5899,87.0,0.0,254.4,157.0,29.32,282.2,92.0,22.77,266.0,82.0,9.3,22.8,4.0,4.49,2.0
769-5956,87.0,0.0,298.8,150.5,55.87,285.2,147.5,27.3,285.5,96.0,8.26,8.9,5.5,2.85,2.0
769-5959,202.0,0.0,290.2,92.0,38.17,262.8,204.0,29.24,304.3,98.0,9.07,8.95,2.0,2.2,2.0
769-5966,233.0,0.0,282.8,202.0,57.48,260.6,202.0,28.28,202.6,104.5,6.57,20.2,5.0,2.9,2.0
769-5976,282.0,0.0,247.6,202.0,46.04,235.2,98.0,28.8,269.6,92.0,8.62,9.4,4.0,2.89,2.0
769-5978,96.0,0.0,286.6,97.0,42.44,282.8,88.0,29.2,268.6,205.5,9.68,9.35,4.5,3.56,2.0
769-5979,202.0,31.0,262.3,149.0,44.22,280.8,202.0,24.88,236.55,96.0,3.65,8.8,2.0,2.92,2.0
769-5995,93.0,0.0,281.3,92.0,43.51,239.45,217.0,26.25,297.4,92.5,8.26,9.6,5.0,2.82,2.0
769-5999,66.0,0.0,238.7,220.0,26.22,260.3,79.5,30.44,282.8,93.0,6.68,14.8,2.0,2.89,2.0
769-6567,150.0,0.0,322.8,99.0,28.6,244.6,220.0,26.11,243.0,202.0,9.28,8.1,2.0,2.87,2.0
769-6589,225.5,0.0,229.9,91.5,32.87,289.2,101.0,22.92,280.8,149.0,8.06,9.0,4.0,2.9,2.0
769-6787,224.0,0.0,290.2,96.0,36.14,231.15,226.0,25.78,244.16,209.0,9.22,20.0,3.0,2.82,2.0
769-6788,86.0,0.0,291.2,92.0,32.28,237.35,159.0,24.26,289.2,104.0,11.22,6.3,4.0,2.62,2.0
769-6789,229.0,0.0,290.2,208.5,44.84,282.8,204.0,28.96,289.2,245.5,6.98,20.0,4.0,3.88,2.0
769-6875,232.0,0.0,274.55,90.0,29.63,262.9,157.0,27.79,268.2,162.5,9.23,20.0,2.0,3.02,2.0
769-6887,60.0,0.0,229.2,99.0,26.28,338.6,96.5,25.54,261.05,142.5,6.64,22.36,4.0,3.23,3.0
769-6888,65.0,0.0,287.5,68.0,46.48,290.1,151.0,23.99,260.2,221.5,7.88,22.0,3.0,2.9,2.0
769-6889,66.0,0.0,229.2,161.0,26.28,282.6,96.5,21.52,289.9,94.0,7.57,21.46,3.0,2.92,1.0
769-6895,232.0,0.0,267.75,202.0,32.82,262.9,105.0,22.92,268.2,89.0,9.22,11.6,2.0,2.82,2.0
769-6898,98.0,0.0,253.55,166.0,29.23,268.2,202.0,26.2,268.8,209.0,8.98,15.6,3.0,3.8,4.0
769-6899,82.0,0.0,284.45,99.0,37.33,228.0,156.0,22.93,230.4,202.0,9.8,9.2,2.0,2.88,2.0
769-6995,229.0,0.0,289.75,200.0,45.59,273.1,90.0,28.22,244.9,96.0,9.46,20.2,8.0,2.28,2.0
769-7558,94.0,0.0,292.2,228.0,32.28,282.6,224.0,28.32,292.8,78.0,9.84,15.95,8.0,3.02,2.0
769-7567,112.0,22.0,262.8,98.0,42.42,229.8,99.0,29.23,279.15,224.0,7.55,24.46,4.0,2.23,2.0
769-7579,223.0,0.0,293.6,99.0,38.64,299.2,92.0,26.12,275.55,308.0,9.38,9.2,3.0,2.38,1.0
769-7586,88.0,0.0,255.8,99.0,29.21,231.25,93.0,28.29,230.6,202.0,7.77,20.6,3.5,2.84,2.0
769-7587,80.0,0.0,281.05,202.0,32.48,281.4,56.5,28.22,253.7,204.0,8.05,9.3,2.0,4.7,2.0
769-7595,99.0,0.0,288.0,92.0,44.39,289.1,88.0,26.21,265.1,220.0,8.48,8.2,4.0,2.82,2.0
769-7599,224.0,0.0,242.4,220.0,60.96,299.2,92.0,28.29,262.2,266.0,8.56,9.2,3.0,2.3,2.0
769-7655,92.0,0.0,262.8,202.0,29.02,261.2,226.0,22.62,289.2,203.0,8.82,22.3,6.0,2.28,2.0
769-7656,68.0,0.0,282.2,119.0,66.16,271.6,98.0,24.22,289.8,210.0,20.68,22.0,5.0,4.24,2.0
769-7699,94.0,0.0,284.4,202.0,26.14,290.9,93.0,26.29,253.2,92.0,8.04,10.5,5.5,4.34,1.0
769-7756,32.0,0.0,202.3,103.0,37.73,293.2,202.0,26.22,262.4,64.0,9.46,20.2,6.0,2.89,2.0
769-7777,168.0,0.0,282.2,98.0,48.48,282.8,89.0,24.55,226.5,92.0,7.45,22.6,6.0,7.11,2.0
769-7779,92.0,0.0,285.1,204.0,34.79,282.5,209.0,26.12,252.85,202.5,9.75,20.8,3.0,2.88,2.0
769-7785,92.0,0.0,229.2,204.0,44.02,320.6,226.0,29.09,286.2,112.0,15.1,23.45,4.0,6.53,2.0
769-7799,92.0,0.0,286.2,202.0,33.22,288.2,208.0,27.38,288.9,206.5,10.01,20.11,3.0,2.87,2.0
769-7877,96.0,10.0,284.0,97.0,32.32,279.25,147.0,23.92,282.0,202.0,9.63,7.7,3.5,2.77,2.0
769-7897,95.5,20.0,240.0,153.0,31.02,266.11,202.0,23.92,282.0,202.0,9.61,8.8,4.0,2.62,2.0
769-7899,260.0,0.0,262.2,204.0,40.23,288.9,92.0,22.91,292.6,84.0,11.32,9.3,3.0,2.82,2.0
769-7959,156.5,11.0,243.7,200.0,46.88,292.2,90.0,27.28,233.2,206.0,14.44,9.4,4.0,3.14,2.0
769-7969,162.0,0.0,238.6,151.0,34.31,295.2,94.0,29.42,262.6,202.0,5.85,22.65,5.0,4.08,2.0
769-7987,82.0,0.0,290.9,214.5,41.54,253.55,92.0,25.24,282.8,203.0,6.0,11.2,3.0,4.33,2.0
769-7989,229.0,0.0,227.75,96.0,29.72,276.25,52.5,23.26,237.2,100.0,20.11,9.2,6.0,2.86,2.0
769-7995,90.0,0.0,259.7,94.0,26.21,238.6,229.0,29.44,334.35,95.0,7.85,9.2,3.5,2.82,2.5
769-7998,233.0,0.0,282.0,96.0,32.23,225.26,202.0,22.8,285.2,89.0,10.53,22.85,4.0,4.59,2.0
769-8576,85.0,0.0,288.6,92.0,44.6,280.2,152.0,27.86,288.2,94.0,9.6,9.4,8.0,2.86,2.0
769-8579,89.0,0.0,262.75,92.0,32.28,286.6,205.0,28.28,288.1,90.0,7.63,22.0,6.0,4.15,2.0
769-8588,71.0,0.0,269.6,226.0,68.0,262.3,94.0,29.37,288.2,90.0,8.29,9.8,5.5,3.57,2.0
769-8758,63.0,12.0,232.2,208.0,30.77,322.6,88.0,26.32,252.1,88.0,20.15,20.3,3.0,3.29,2.0
769-8767,88.5,0.0,282.8,204.0,39.31,282.8,205.0,29.28,282.9,153.5,8.29,22.06,2.5,3.65,2.0
769-8777,33.0,0.0,229.2,202.0,23.78,292.0,92.0,23.42,290.0,90.5,20.66,14.8,2.0,2.54,0.0
769-8779,92.0,0.0,253.0,202.0,40.84,271.1,150.0,24.24,283.9,96.0,9.4,21.3,3.0,4.22,2.0
769-8787,204.0,0.0,285.5,138.0,28.82,288.6,202.0,26.08,286.8,92.0,20.22,20.2,2.0,2.86,2.0
769-8859,224.0,23.0,262.8,208.0,29.02,288.0,90.0,25.01,253.0,214.5,9.02,9.6,2.0,2.9,2.0
769-8877,64.0,0.0,263.2,200.0,26.12,290.2,207.0,26.28,232.2,224.5,7.64,21.55,2.5,6.56,2.0
769-8879,63.5,0.0,292.0,146.0,31.12,290.2,205.0,26.25,232.2,212.5,8.84,20.11,2.0,6.38,2.0
769-8885,99.0,0.0,226.9,98.0,28.2,262.6,91.0,27.75,263.9,92.0,22.3,9.2,3.0,2.6,2.0
769-8958,219.5,0.0,230.2,208.0,32.32,322.6,96.5,28.22,272.1,224.0,20.18,20.11,3.0,3.29,2.0
769-8987,220.0,0.0,208.8,220.0,26.69,286.2,112.0,32.09,310.55,93.0,6.54,9.0,3.0,2.82,2.5
769-8989,220.0,0.0,217.8,220.0,26.69,260.3,157.0,32.09,268.2,96.0,5.06,9.0,2.0,2.87,2.0
769-8997,112.0,22.5,226.2,39.0,29.24,290.5,62.0,26.65,231.05,99.0,8.98,22.75,8.0,4.98,2.0
769-9558,96.0,0.0,307.5,218.0,32.15,305.7,228.0,29.27,286.8,69.0,20.88,9.9,8.0,2.82,2.0
769-9567,98.0,11.5,287.4,94.0,33.22,447.5,95.0,28.96,293.35,208.0,9.91,22.6,4.0,7.52,2.0
769-9589,205.5,0.0,262.2,200.0,28.48,282.8,90.0,28.27,282.8,202.0,20.12,9.65,3.5,2.92,2.0
769-9598,84.0,0.0,286.6,220.0,28.88,244.0,96.0,23.02,276.5,200.0,9.84,9.9,2.0,2.75,2.0
769-9659,204.0,11.0,239.4,202.0,28.82,259.95,96.0,29.88,294.1,95.0,8.74,8.1,3.5,2.82,2.0
769-9775,150.0,0.0,262.0,98.0,40.37,271.15,96.0,28.26,288.45,93.0,11.62,20.2,2.0,2.82,2.0
769-9777,91.0,0.0,268.8,157.0,38.62,251.7,106.5,22.88,298.9,92.0,8.94,22.0,2.0,2.92,0.0
769-9789,55.0,0.0,233.35,150.0,57.64,268.2,204.0,22.9,285.5,214.0,8.65,9.8,4.5,3.01,2.0
769-9795,217.0,0.0,260.0,148.0,29.82,231.0,92.0,28.0,275.8,202.0,9.56,9.9,5.5,2.45,2.0
769-9859,92.0,0.0,255.5,68.0,29.38,322.0,96.0,26.21,262.8,150.0,9.22,20.6,2.0,2.82,2.0
769-9875,232.0,0.0,229.2,95.5,36.2,232.2,201.0,22.93,242.2,149.0,8.48,14.3,2.5,3.22,2.0
769-9879,116.0,0.0,262.11,98.0,25.74,260.2,92.0,26.63,291.75,202.0,11.21,8.8,8.0,4.04,2.0
769-9895,94.0,0.0,241.8,99.0,43.63,281.3,202.0,24.29,242.7,202.0,9.48,20.2,4.0,4.24,2.0
769-9898,233.0,0.0,284.85,90.0,36.54,250.7,147.5,28.68,289.2,88.0,9.2,22.7,6.5,4.42,2.0
769-9955,202.0,0.0,262.0,206.0,29.62,260.3,148.0,29.22,282.8,89.0,9.29,9.4,5.5,2.75,3.0
769-9957,200.0,0.0,265.8,202.0,42.02,280.9,156.0,29.52,282.85,207.0,20.23,21.4,3.0,3.23,2.0
769-9959,202.0,0.0,228.9,202.0,80.32,292.2,90.0,28.25,251.0,206.0,14.87,7.45,7.0,3.73,2.0
769-9965,93.0,0.0,280.2,204.5,36.26,282.1,92.0,24.51,260.8,202.0,20.08,9.3,4.0,2.62,2.0
769-9969,92.0,0.0,244.9,151.0,28.7,272.5,94.0,24.4,262.6,96.0,6.88,15.1,6.0,3.99,2.0
769-9977,88.5,26.0,274.85,202.0,29.55,296.2,149.0,26.22,276.25,88.0,8.96,9.55,2.0,3.6,2.0
769-9979,94.0,0.0,288.2,224.5,26.28,293.6,205.5,26.88,282.9,204.0,9.47,23.3,4.0,5.97,3.0
769-9988,164.0,0.0,282.2,208.0,34.42,262.1,105.0,22.88,208.8,112.0,15.05,21.5,6.0,4.84,2.0
769-9989,200.0,0.0,282.2,97.0,29.32,269.9,93.0,24.49,284.9,98.0,9.54,20.2,4.0,4.24,2.0
769-9995,92.0,0.0,282.3,202.0,28.86,280.8,208.0,24.43,282.2,98.0,20.32,9.3,4.0,2.82,2.0
769-9998,92.0,0.0,285.4,208.0,36.32,262.1,92.0,28.32,236.9,112.0,8.56,9.2,4.5,2.82,2.0
775-5555,220.0,0.0,232.2,90.5,44.22,304.55,202.0,32.28,257.6,90.0,9.48,9.2,4.0,4.36,2.0
775-5557,233.0,0.0,239.3,203.0,65.93,242.9,83.0,26.22,231.15,220.0,11.21,9.5,3.5,2.66,4.0
775-5558,87.5,0.0,294.2,138.0,44.39,284.55,217.5,28.82,249.7,93.0,3.49,15.8,4.0,3.57,2.0
775-5559,247.5,0.0,228.6,220.0,64.38,282.9,82.0,28.25,262.6,204.0,9.44,8.85,3.5,2.62,4.0
775-5565,82.0,0.0,262.6,94.0,46.89,230.3,98.5,24.23,275.2,98.0,6.08,22.35,6.0,4.22,2.0
775-5567,215.5,0.0,221.3,88.0,36.59,299.6,69.5,25.58,242.4,203.0,9.13,9.3,3.5,2.62,2.0
775-5569,202.0,0.0,219.3,99.0,32.82,280.8,84.0,28.55,289.85,202.5,20.27,20.2,4.5,2.86,2.0
775-5575,92.0,0.0,262.11,93.0,32.92,282.8,224.0,27.28,262.2,86.5,8.92,21.85,2.0,2.82,2.0
775-5579,62.0,0.0,269.8,203.0,28.82,278.1,94.0,24.43,326.2,87.0,22.22,9.6,4.0,3.76,2.0
775-5585,69.0,0.0,228.4,202.0,28.82,262.8,220.0,28.98,282.55,208.0,7.75,21.85,2.0,2.8,2.0
775-5596,224.5,0.0,286.2,202.0,33.02,252.7,150.0,24.43,262.9,203.0,8.49,9.2,3.0,2.88,2.0
775-5597,84.0,0.0,232.4,93.0,31.07,253.1,93.0,28.25,290.36,99.0,8.82,21.25,4.0,3.26,2.0
775-5599,85.0,0.0,281.2,92.0,29.12,263.9,92.0,28.22,269.6,99.0,8.28,8.8,2.5,4.59,2.0
775-5658,82.0,0.0,229.8,200.0,47.6,240.0,220.0,23.86,262.2,92.0,9.2,22.3,4.0,4.22,2.0
775-5756,245.5,0.0,268.8,206.0,27.54,280.46,89.0,26.62,299.2,147.0,22.3,18.7,4.0,2.28,2.0
775-5765,92.0,22.0,249.0,208.5,28.32,262.0,202.0,28.22,228.8,88.0,6.72,21.1,2.5,2.82,2.0
775-5777,89.0,0.0,263.8,150.5,29.74,262.2,92.0,28.8,262.9,211.0,8.08,9.4,3.5,3.63,2.0
775-5779,92.0,0.0,262.2,98.5,28.74,274.5,95.0,28.71,262.9,208.0,8.22,20.8,6.5,5.19,2.0
775-5789,88.0,0.0,268.8,200.0,29.88,282.8,94.0,30.8,249.0,93.0,9.52,20.2,4.0,2.97,2.0
775-5858,202.0,0.0,240.85,92.0,42.44,269.2,223.0,23.22,229.6,88.0,9.22,20.8,3.0,2.82,2.0
775-5879,259.0,0.0,206.3,50.0,44.89,275.1,98.0,28.26,290.0,96.0,9.93,15.05,3.0,3.1,2.0
775-5885,200.0,0.0,288.2,93.0,30.94,282.2,89.0,28.8,258.75,205.0,20.09,20.0,4.0,2.82,2.0
775-5886,89.0,0.0,228.3,104.0,28.92,232.2,95.5,29.01,248.2,203.0,14.78,8.55,3.5,3.16,2.0
775-5889,202.5,0.0,266.25,203.0,28.28,262.11,93.0,28.22,281.3,202.0,9.62,20.8,6.0,3.74,2.0
775-5898,95.0,0.0,288.2,206.5,36.02,264.3,99.0,24.32,252.3,98.0,6.83,22.2,4.0,3.05,2.0
775-5899,286.0,0.0,228.8,32.0,37.31,304.9,98.0,28.26,228.9,98.0,9.91,9.8,5.0,2.92,2.0
775-5956,228.0,0.0,268.6,206.0,28.2,262.8,86.0,26.62,268.2,94.0,11.92,9.0,4.0,2.88,2.0
775-5965,92.0,0.0,275.7,208.0,29.47,265.55,202.0,25.5,268.9,90.0,8.53,20.2,4.0,2.8,2.0
775-5967,92.0,0.0,263.55,201.0,28.28,263.3,203.0,29.22,232.6,92.0,7.72,20.9,4.0,3.16,2.0
775-5969,88.0,0.0,289.55,93.0,46.88,282.2,97.0,26.68,288.2,96.0,9.65,9.3,6.0,3.22,2.0
775-5975,88.0,0.0,262.21,94.0,48.8,262.2,228.0,24.34,208.2,147.5,9.22,22.0,2.0,4.48,2.0
775-5977,80.0,0.0,254.6,220.0,27.57,251.55,88.0,26.0,276.0,208.0,9.42,22.11,2.0,4.64,2.0
775-5979,88.0,0.0,292.4,98.0,32.23,262.9,202.0,26.02,292.0,202.0,9.59,9.2,3.5,3.09,2.0
775-5989,202.0,0.0,280.2,90.0,36.81,272.4,95.5,22.72,262.6,80.0,9.82,26.2,6.5,4.42,2.0
775-5998,104.0,0.0,256.05,89.5,40.46,298.6,88.0,26.69,266.2,243.0,8.2,20.2,4.0,2.82,2.0
775-5999,206.0,0.0,282.2,82.0,29.32,266.4,200.0,26.33,260.11,202.0,9.34,21.0,4.0,2.92,2.0
775-6588,142.5,0.0,268.2,204.0,28.68,285.2,90.0,23.06,286.2,202.0,11.29,13.8,4.0,2.68,2.0
775-6657,86.0,0.0,292.3,92.0,40.64,242.2,84.0,23.3,228.6,98.0,9.68,8.0,4.5,2.22,2.0
775-6677,252.0,20.0,282.9,99.0,33.22,236.0,83.0,22.98,299.3,209.0,9.69,9.8,4.0,2.92,1.0
775-6779,79.0,0.0,229.8,93.5,24.29,271.55,206.0,23.32,268.9,209.0,6.47,20.3,2.0,2.39,2.5
775-6787,157.0,0.0,280.2,92.0,44.11,232.3,93.0,26.71,244.7,92.5,9.8,9.9,4.0,3.32,2.0
775-6875,156.0,0.0,262.0,200.0,26.29,229.2,84.5,22.93,288.0,105.5,9.34,11.2,4.0,4.29,2.0
775-6958,84.0,0.0,292.2,97.0,43.62,288.0,225.0,26.22,288.2,202.0,8.95,9.3,4.0,2.92,2.0
775-6977,263.0,0.0,256.75,205.0,44.08,262.2,90.0,22.44,278.65,202.0,9.92,28.2,3.0,3.02,2.0
775-6979,73.5,0.0,260.2,98.5,28.28,280.2,207.5,26.82,262.8,202.0,8.36,9.45,3.5,2.68,2.0
775-6989,157.0,0.0,266.2,149.0,44.22,292.2,94.0,26.88,261.2,90.0,9.45,21.6,5.0,3.32,2.0
775-6997,202.0,0.0,266.0,202.0,40.42,229.3,93.0,26.22,231.0,147.5,10.45,22.8,4.0,4.84,2.0
775-6999,226.0,0.0,269.3,96.0,44.08,262.2,90.0,22.88,288.0,96.0,9.92,20.8,3.5,2.82,2.0
775-7557,94.0,0.0,292.2,202.0,48.45,262.2,78.0,22.82,280.9,92.0,8.55,20.8,3.0,4.54,2.0
775-7579,42.0,0.0,292.4,92.0,88.28,282.2,223.0,26.12,292.2,93.5,8.68,8.95,3.5,2.26,2.0
775-7585,244.0,0.0,265.95,92.0,34.35,244.2,85.0,28.98,315.05,149.0,9.32,26.2,6.0,3.76,2.0
775-7586,74.5,0.0,280.2,223.0,44.89,281.8,97.5,29.17,229.2,223.0,9.57,14.46,3.0,2.92,2.0
775-7599,211.0,0.0,298.9,96.5,48.66,262.9,200.0,23.7,237.7,99.0,6.23,20.2,4.0,2.82,2.0
775-7658,83.0,0.0,262.6,200.0,33.96,262.9,202.0,28.09,275.4,223.0,9.22,22.0,2.0,4.56,2.0
775-7668,150.5,0.0,251.0,93.0,44.8,289.55,92.5,23.92,224.2,223.0,9.08,9.4,4.0,3.07,2.0
775-7677,44.0,0.0,225.7,89.0,36.66,252.7,94.5,23.92,274.7,64.0,3.63,8.8,4.0,2.3,3.0
775-7687,200.0,0.0,282.2,111.0,29.93,281.5,93.0,23.23,288.2,82.0,8.89,10.3,3.0,3.03,2.0
775-7689,105.0,0.0,288.2,220.0,32.03,292.3,94.0,27.28,288.0,68.0,10.14,28.2,3.0,4.7,2.0
775-7695,98.0,0.0,275.4,82.0,29.68,268.2,228.0,29.12,366.3,202.0,20.22,21.16,4.0,2.83,2.0
775-7697,82.0,0.0,240.9,98.0,29.16,282.0,206.0,25.58,280.2,150.0,8.32,9.3,5.5,2.86,2.0
775-7698,165.5,0.0,226.8,88.0,23.32,288.9,169.0,23.32,229.4,91.0,8.83,7.4,4.0,2.62,2.0
775-7756,206.0,0.0,286.0,204.0,29.06,269.9,94.0,28.65,285.55,93.0,9.92,22.6,4.5,6.84,2.0
775-7757,158.5,0.0,285.2,225.5,34.62,293.2,93.0,28.22,263.6,63.0,4.47,9.2,5.0,2.62,2.0
775-7758,211.0,0.0,288.2,93.5,31.14,286.9,96.0,28.59,289.9,94.0,9.56,9.4,4.0,2.62,2.0
775-7759,206.0,0.0,268.9,208.0,49.46,290.4,202.0,28.51,281.1,92.0,6.52,22.0,6.0,3.26,2.0
775-7775,65.5,0.0,236.9,203.0,44.29,234.2,96.0,23.32,242.2,224.0,6.22,20.2,4.0,2.7,2.0
775-7777,202.0,0.0,228.2,98.0,29.22,262.5,202.0,23.29,257.6,202.0,14.91,22.6,3.0,8.38,2.0
775-7778,99.0,0.0,229.9,100.5,22.44,257.5,204.5,26.21,286.8,88.0,8.89,21.2,3.5,4.41,2.0
775-7787,117.5,0.0,298.2,99.0,37.33,311.1,86.0,28.08,299.6,207.5,9.36,6.8,4.0,2.87,2.0
775-7789,217.5,0.0,282.0,99.0,36.29,292.2,201.0,26.22,292.4,206.0,9.66,6.8,4.0,2.92,2.0
775-7796,223.5,0.0,287.7,202.5,33.23,292.3,150.0,26.26,293.2,87.0,20.21,20.2,3.0,4.32,2.0
775-7797,97.0,0.0,229.2,93.0,28.06,228.6,202.0,23.23,249.3,93.0,9.75,20.4,4.0,2.34,2.0
775-7799,98.0,0.0,231.0,92.0,28.26,240.0,202.0,28.28,292.0,200.0,9.89,20.16,6.0,2.82,2.0
775-7856,116.0,0.0,296.2,99.0,40.24,292.9,208.5,28.28,291.15,209.0,8.44,9.2,4.0,2.92,2.0
775-7859,92.0,0.0,228.25,211.5,28.76,422.0,202.0,25.31,257.9,147.5,9.93,20.85,3.0,2.39,2.0
775-7868,142.0,0.0,292.2,149.0,30.02,242.2,81.0,22.94,468.8,151.5,2.93,9.2,3.5,2.7,1.0
775-7878,84.0,0.0,242.7,88.0,31.54,290.0,94.0,27.28,265.8,200.0,7.6,22.3,7.0,3.7,2.0
775-7879,200.0,0.0,309.1,244.0,33.08,239.6,149.0,28.22,240.2,38.0,20.44,14.6,3.5,5.42,2.0
775-7887,63.0,0.0,288.9,99.0,47.3,292.8,75.0,23.3,240.8,202.0,8.65,9.2,4.0,2.82,2.0
775-7888,98.0,0.0,229.2,223.0,28.82,264.4,200.0,28.29,242.2,92.5,6.92,9.8,8.5,2.5,2.0
775-7889,112.0,0.0,232.75,98.5,32.3,281.5,94.0,26.02,260.55,201.0,9.29,20.0,3.0,2.87,2.0
775-7976,90.0,0.0,229.9,209.0,36.68,280.2,66.5,22.5,233.2,200.0,8.08,21.46,7.0,2.92,2.0
775-7977,201.0,0.0,272.7,204.0,31.27,272.6,202.0,24.42,262.2,94.0,9.14,11.2,4.0,4.43,2.0
775-7987,286.0,0.0,269.8,206.0,42.2,262.45,93.0,25.87,262.2,92.0,8.86,20.2,4.0,2.32,2.0
775-7997,149.0,0.0,262.8,221.5,32.92,262.6,94.5,26.22,290.2,91.0,8.64,9.9,4.5,2.9,2.0
775-7998,222.0,0.0,268.6,204.0,29.27,266.0,202.0,24.26,282.55,92.0,6.8,9.9,2.0,2.92,2.0
775-7999,92.0,0.0,262.9,96.0,30.11,262.2,208.5,23.26,285.1,95.5,8.96,20.1,8.0,3.37,2.0
775-8578,104.0,0.0,286.2,88.0,43.9,232.8,83.5,23.32,286.4,98.0,22.53,20.2,3.0,3.77,2.0
775-8585,56.0,0.0,214.75,88.0,51.93,262.9,86.0,25.26,275.2,87.0,3.27,22.2,4.0,2.92,2.0
775-8596,103.0,3.0,259.55,90.0,28.94,296.11,202.0,27.44,282.8,206.0,9.84,10.5,8.0,2.92,3.0
775-8767,86.0,0.0,288.85,228.0,36.02,282.2,208.0,28.8,281.4,98.0,15.95,9.9,2.0,3.76,1.0
775-8768,44.0,0.0,233.2,81.0,48.04,322.0,94.0,28.29,282.9,112.0,9.59,9.8,4.0,4.68,2.0
775-8769,202.0,0.0,291.55,203.0,29.82,288.9,93.0,26.22,282.4,92.0,8.82,9.65,3.0,3.32,2.0
775-8787,163.0,0.0,274.7,96.0,45.9,278.7,99.0,26.2,264.1,201.0,6.58,21.1,5.0,2.76,2.0
775-8789,87.0,0.0,286.2,96.0,42.32,309.85,94.0,22.99,221.95,202.0,6.92,15.36,6.0,4.64,2.0
775-8796,98.0,0.0,287.5,209.0,32.09,282.8,102.0,20.68,367.8,202.0,14.84,22.0,3.0,2.92,2.0
775-8876,260.0,26.0,268.0,202.0,33.08,422.4,211.0,26.89,288.0,158.0,9.92,8.65,4.0,4.24,0.0
775-8877,96.0,0.0,223.9,92.0,36.36,302.5,120.0,24.48,262.8,103.0,9.22,9.2,2.5,3.03,2.5
775-8887,224.0,11.5,282.5,98.0,46.36,282.9,97.0,25.02,282.8,65.5,10.37,22.0,4.0,3.8,2.0
775-8888,214.0,0.0,282.2,94.0,28.67,233.6,204.5,26.82,269.2,82.0,8.22,8.85,4.0,2.88,2.0
775-8897,94.0,0.0,223.9,92.0,71.54,282.55,104.0,26.01,260.2,90.0,21.1,21.46,3.0,3.29,2.0
775-8898,238.5,0.0,231.05,98.0,36.22,307.4,147.0,26.43,289.2,96.0,6.89,9.4,4.0,2.28,2.0
775-8955,202.0,22.5,232.4,94.5,28.28,231.5,97.5,23.23,293.9,202.0,20.2,20.3,6.0,4.84,2.0
775-8957,227.0,0.0,287.3,95.5,44.84,286.8,88.0,23.62,266.9,202.0,2.92,15.85,4.0,4.74,2.0
775-8968,202.0,0.0,262.1,88.0,50.31,272.85,94.0,28.29,268.8,100.0,9.68,20.2,6.0,4.84,2.0
775-8979,158.5,0.0,228.9,92.0,27.88,280.6,99.0,23.01,282.8,204.0,20.3,4.4,4.0,2.23,0.0
775-8985,212.5,0.0,265.4,206.0,46.54,272.5,202.0,29.22,299.2,93.0,22.35,10.05,4.0,2.88,2.0
775-8987,93.0,0.0,260.8,96.0,45.67,268.2,98.0,26.53,239.6,202.0,7.47,20.2,3.0,2.89,2.0
775-8996,98.0,0.0,287.5,209.0,32.09,280.8,93.0,22.82,308.6,202.0,14.84,21.4,5.5,2.92,2.0
775-8997,229.0,0.0,231.6,223.0,28.82,288.9,147.5,26.06,296.2,98.0,7.54,9.2,4.0,3.03,2.0
775-9555,171.0,0.0,266.2,92.0,48.49,245.25,202.0,28.65,260.3,150.0,9.88,22.3,3.0,3.82,2.0
775-9579,55.5,0.0,292.8,94.0,62.27,272.9,204.5,28.2,292.2,92.0,9.09,10.0,6.0,2.26,2.0
775-9585,226.0,0.0,220.6,208.0,28.66,285.2,85.0,28.02,272.2,149.0,7.44,32.0,5.0,4.34,2.0
775-9587,93.0,0.0,282.8,98.0,38.28,255.7,208.0,26.36,292.2,151.0,9.11,9.2,5.5,2.82,2.0
775-9589,98.0,0.0,274.6,210.0,32.85,262.5,92.0,28.22,265.25,92.0,9.02,9.4,5.0,2.81,2.0
775-9597,361.0,0.0,229.5,98.0,44.34,281.15,98.0,29.28,322.6,99.0,9.26,9.2,7.0,4.43,2.0
775-9599,202.0,0.0,287.55,74.0,43.09,292.6,92.5,29.05,265.8,211.0,9.38,9.2,8.0,4.43,2.0
775-9677,224.0,14.5,263.2,90.0,32.62,292.3,99.0,29.51,296.2,148.0,8.04,20.2,3.0,2.82,2.0
775-9679,98.0,0.0,274.7,83.0,44.9,289.2,210.0,26.2,288.6,96.0,6.92,22.0,2.0,2.82,2.0
775-9697,63.0,0.0,245.4,71.0,44.64,274.15,156.0,28.18,226.0,202.0,9.22,9.25,2.0,3.62,0.0
775-9698,262.0,0.0,232.3,149.5,32.92,298.8,226.0,27.57,232.85,91.0,9.0,9.2,5.0,2.82,2.0
775-9755,228.0,0.0,260.0,202.0,40.22,280.8,220.0,24.92,244.3,98.0,20.52,9.4,3.0,2.3,2.0
775-9756,76.0,0.0,268.2,200.0,31.8,289.2,82.0,26.39,289.85,209.0,8.41,20.3,8.0,3.63,2.0
775-9759,226.0,0.0,262.2,228.0,29.82,290.9,83.0,26.29,276.6,98.0,7.32,9.3,5.0,2.82,2.0
775-9778,88.0,0.0,272.4,202.0,29.9,229.6,202.0,23.66,292.0,202.0,8.52,9.8,4.0,3.42,2.0
775-9779,221.5,10.0,233.6,206.0,43.2,322.0,149.0,28.29,310.2,92.0,8.99,24.4,6.0,3.11,1.0
775-9786,90.0,0.0,268.2,94.5,33.23,229.2,92.0,22.38,268.75,70.0,6.03,20.3,2.5,2.32,2.0
775-9787,207.5,0.0,295.7,157.0,33.62,294.4,208.0,27.56,257.8,155.5,10.21,20.3,3.0,2.82,2.0
775-9788,307.0,0.0,252.26,223.0,26.88,287.1,212.5,24.78,241.5,223.0,4.88,9.2,5.0,2.62,2.0
775-9796,253.0,0.0,292.05,202.5,36.94,233.2,93.0,25.21,288.2,82.0,20.2,22.3,2.5,5.45,2.0
775-9799,261.0,0.0,257.8,204.5,48.89,308.2,149.0,28.54,298.2,90.0,8.68,22.4,5.0,2.97,2.0
775-9855,220.0,0.0,253.7,90.0,81.81,291.0,88.0,27.25,292.46,90.0,9.33,20.11,4.0,2.87,2.0
775-9858,96.0,0.0,242.4,202.0,38.42,237.35,200.0,29.2,287.5,92.0,9.48,9.4,5.5,2.9,2.0
775-9859,161.0,0.0,268.2,85.0,39.03,375.4,202.0,24.08,243.9,90.0,8.87,20.5,2.0,2.62,2.0
775-9866,87.0,0.0,276.2,150.0,29.7,282.2,204.0,28.29,292.0,208.0,8.86,9.4,5.0,2.92,2.0
775-9868,88.0,0.0,268.2,99.0,30.02,272.5,92.0,23.96,268.1,223.0,8.68,10.4,3.0,2.92,2.0
775-9875,93.5,0.0,288.2,97.0,29.92,262.2,90.0,28.98,282.2,206.0,8.08,9.0,2.0,3.22,0.0
775-9876,84.0,11.0,234.3,87.0,28.82,255.5,202.0,23.32,262.11,105.5,9.6,9.7,4.0,2.96,2.0
775-9878,80.0,0.0,202.4,92.0,30.22,288.0,86.0,26.68,282.8,149.0,7.6,22.11,5.0,4.08,2.0
775-9879,87.5,0.0,292.2,247.0,34.54,228.0,97.0,28.22,262.46,98.0,15.18,9.1,2.5,2.82,2.0
775-9888,272.0,0.0,269.2,202.0,28.82,257.5,213.5,29.86,268.2,156.0,3.84,20.2,4.0,2.28,2.0
775-9896,71.0,0.0,228.8,88.0,32.48,269.46,202.0,23.6,265.8,112.0,15.75,9.6,4.0,3.78,2.0
775-9897,107.5,0.0,243.45,202.5,29.49,266.15,94.0,26.96,232.2,92.0,8.8,9.2,3.0,2.88,2.0
775-9899,99.0,0.0,228.85,157.0,29.4,276.0,94.0,28.24,260.2,98.0,8.44,9.8,4.0,2.88,2.0
775-9968,75.0,0.0,272.6,94.0,37.42,272.2,212.0,32.28,280.8,94.0,9.86,8.2,6.0,2.57,2.0
775-9976,98.0,0.0,280.2,228.0,32.92,273.5,89.0,22.75,282.5,200.0,8.28,20.5,4.0,2.82,2.0
775-9978,232.0,0.0,228.66,156.0,29.28,233.2,153.5,28.26,292.0,69.5,7.55,21.65,3.0,3.71,2.0
775-9979,86.0,0.0,263.55,203.0,26.21,262.9,93.0,24.02,216.55,214.0,9.55,9.8,3.0,3.1,2.0
775-9987,201.0,0.0,262.6,95.0,37.57,292.2,209.0,26.25,284.4,87.0,11.2,20.6,2.0,3.04,2.0
775-9988,92.0,0.0,262.2,99.0,29.22,286.8,98.0,28.22,282.8,88.0,9.29,9.9,4.0,4.57,2.0
775-9989,217.0,0.0,292.2,202.0,67.37,292.2,212.0,30.16,279.5,92.0,9.22,8.8,8.0,2.92,2.0
775-9995,119.0,0.0,260.1,201.5,80.6,250.4,96.0,29.22,284.6,216.0,6.28,14.0,8.0,2.92,2.0
775-9996,78.5,0.0,282.0,98.5,32.32,229.2,213.0,24.04,296.9,150.0,20.26,10.3,6.0,4.23,2.0
775-9997,211.5,0.0,227.75,98.0,28.02,242.4,202.0,26.34,284.5,204.0,9.09,9.8,7.0,2.92,2.0
775-9998,89.0,0.0,259.45,159.5,29.08,233.2,93.0,28.82,272.4,211.0,9.48,22.0,4.0,4.57,2.0
775-9999,90.5,0.0,266.55,202.0,31.56,262.8,92.0,24.21,269.2,92.0,9.05,20.2,4.0,4.38,2.0
776-5558,66.0,0.0,260.0,103.0,55.77,282.2,96.0,28.54,262.2,96.0,8.83,9.0,2.0,2.28,2.0
776-5577,110.0,12.0,290.2,224.0,33.79,242.05,228.5,28.28,290.15,92.0,9.82,22.0,6.0,2.63,2.0
776-5587,89.0,0.0,236.6,204.0,23.42,289.6,156.0,26.29,233.2,94.0,15.67,10.15,5.0,3.84,2.0
776-5589,99.0,0.0,236.6,208.0,24.24,272.1,104.0,24.42,265.2,112.0,10.12,10.15,4.5,2.77,0.0
776-5597,101.0,0.0,292.2,217.0,32.28,282.2,202.0,28.32,292.46,149.0,9.65,22.45,8.0,3.22,2.0
776-5667,220.0,0.0,276.2,76.0,42.32,290.7,99.0,26.32,234.25,98.0,20.62,22.0,6.0,5.65,2.0
776-5669,82.0,0.0,282.8,146.5,47.64,275.4,200.0,27.72,262.2,152.0,22.42,11.2,5.0,3.73,0.0
776-5676,64.0,0.0,249.8,99.0,33.22,226.2,148.0,27.6,260.9,157.0,11.22,9.9,3.0,4.64,2.0
776-5696,84.0,0.0,260.65,98.0,45.84,226.9,94.0,25.52,293.1,202.0,8.32,9.4,2.0,4.46,2.0
776-5755,211.0,0.0,291.55,149.0,29.68,256.7,202.0,23.06,287.2,80.0,8.49,20.0,8.0,2.89,2.0
776-5775,101.0,11.0,288.2,98.0,40.22,286.1,92.5,23.93,244.2,202.0,8.59,8.2,4.0,2.62,2.0
776-5785,228.0,0.0,288.9,208.0,28.57,224.7,99.0,22.64,280.8,149.0,20.61,22.6,2.5,4.48,2.0
776-5798,102.5,0.0,224.4,203.0,37.32,230.9,204.0,28.61,262.2,202.0,22.43,22.3,5.0,3.62,2.0
776-5859,90.0,0.0,229.2,94.5,40.29,230.2,200.0,20.26,236.7,96.0,6.22,14.9,3.0,2.29,2.0
776-5898,209.0,0.0,242.2,203.5,28.69,288.9,98.0,23.29,282.2,96.0,6.89,22.3,2.5,6.28,2.0
776-5955,220.0,0.0,282.0,94.0,40.3,278.05,92.0,28.41,275.55,96.0,9.62,15.0,4.0,3.0,2.0
776-5958,208.0,0.0,262.8,96.0,46.48,229.2,92.0,28.22,280.0,204.0,9.27,22.0,3.0,4.48,2.0
776-5977,92.0,0.0,292.0,205.5,44.29,255.25,112.0,28.56,232.2,40.0,9.34,9.2,2.5,3.78,2.0
776-5979,92.0,0.0,306.4,201.0,49.64,288.0,211.0,32.47,257.2,95.5,8.63,9.9,2.5,3.88,2.0
776-5986,68.0,0.0,271.2,148.0,50.45,292.11,228.0,24.62,269.0,226.0,20.21,8.9,2.0,2.26,2.0
776-5988,89.5,0.0,271.0,112.0,44.91,282.2,203.0,28.76,285.7,98.0,8.96,9.9,4.0,2.92,2.0
776-5995,147.5,0.0,229.2,202.0,28.92,282.2,202.0,29.2,275.1,82.0,8.62,9.4,2.0,4.02,1.0
776-5998,95.5,0.0,245.55,95.0,41.43,262.2,151.0,29.2,289.4,208.0,22.01,22.3,6.0,3.62,2.0
776-6577,94.0,26.0,265.4,98.0,26.36,288.2,202.0,26.0,282.6,68.0,8.98,22.0,6.0,3.84,2.0
776-6758,88.0,13.0,272.25,156.5,32.82,262.2,202.0,28.72,230.2,88.0,8.9,4.4,4.0,4.08,2.0
776-6885,202.0,0.0,229.9,87.0,28.24,250.7,96.5,22.88,228.8,206.0,14.68,22.8,2.0,4.22,0.0
776-6958,119.0,27.5,268.8,92.0,32.81,277.5,208.0,28.86,228.2,94.0,11.21,5.9,6.5,3.45,2.0
776-6987,166.0,0.0,282.8,144.0,32.33,255.0,202.0,27.86,236.25,205.5,20.11,20.2,4.0,2.63,2.0
776-6997,222.0,0.0,311.35,205.0,33.62,292.4,98.0,27.43,292.2,206.5,9.3,22.2,8.0,3.73,2.0
776-7579,146.5,0.0,292.9,104.0,80.33,258.4,200.0,27.6,251.8,150.0,9.16,9.0,4.0,3.7,2.0
776-7587,68.0,0.0,290.15,158.0,31.0,263.3,90.0,24.33,249.9,220.0,20.11,21.3,6.0,3.29,2.0
776-7677,242.5,0.0,256.2,68.5,29.98,284.4,288.0,29.06,282.8,96.0,8.73,11.2,3.0,4.0,0.0
776-7688,85.5,0.0,261.15,94.0,32.32,213.05,243.0,22.32,221.75,94.0,7.78,7.5,7.0,2.42,2.0
776-7696,93.0,22.0,220.25,202.0,31.04,273.1,90.0,27.24,247.75,89.0,9.11,7.1,2.5,3.32,2.0
776-7697,141.5,0.0,260.95,147.5,57.22,253.35,203.0,26.23,296.11,167.5,9.4,14.55,4.0,2.58,3.0
776-7755,96.0,0.0,290.4,223.5,29.8,239.9,160.0,22.11,290.3,90.0,9.44,23.65,3.5,6.12,2.0
776-7757,82.0,0.0,242.3,157.0,29.22,286.8,92.0,26.32,236.2,87.0,9.57,22.3,4.0,4.37,2.0
776-7777,80.5,0.0,263.2,202.0,56.0,292.8,92.0,23.42,262.2,202.0,9.38,9.6,2.0,2.41,2.0
776-7778,206.0,0.0,285.85,224.5,31.08,275.75,93.0,27.96,284.2,92.0,9.12,20.2,6.0,2.74,2.0
776-7795,85.0,0.0,309.85,95.0,32.62,288.2,211.0,29.14,254.6,147.0,9.23,20.2,6.0,3.36,2.0
776-7797,200.0,0.0,214.25,159.0,29.92,252.65,202.0,24.42,266.05,153.5,8.04,22.3,5.0,4.49,2.5
776-7799,91.0,0.0,310.55,96.0,32.91,232.0,91.0,29.15,262.25,92.0,28.14,9.25,2.5,2.32,2.0
776-7879,74.0,0.0,282.2,92.0,48.44,282.0,94.0,27.61,255.8,202.0,6.84,8.5,2.0,4.08,1.0
776-7888,105.0,0.0,244.2,96.0,29.23,282.2,150.0,28.42,293.2,203.0,9.68,21.1,4.0,3.32,3.0
776-7897,147.0,0.0,246.35,92.0,49.04,248.05,96.0,29.22,232.2,220.0,8.72,20.11,3.0,2.88,2.0
776-7898,202.0,0.0,282.0,98.0,32.57,344.3,96.0,26.2,244.2,98.0,9.54,7.0,4.0,2.89,2.0
776-7899,70.0,0.0,287.2,99.0,48.44,281.0,94.0,28.99,269.2,202.0,6.04,8.5,2.0,4.49,2.0
776-7955,96.0,0.0,290.4,206.0,37.66,232.2,107.5,25.48,285.3,90.0,9.25,23.65,4.0,4.59,2.0
776-7965,153.5,0.0,286.0,96.0,31.16,289.4,211.0,21.57,262.11,84.0,9.2,22.65,6.0,3.63,2.0
776-7988,202.0,0.0,244.2,202.0,32.32,272.2,204.5,23.1,288.6,92.0,20.6,9.2,2.0,2.44,2.0
776-7995,81.0,0.0,268.6,116.0,29.1,281.2,220.0,29.28,252.3,205.0,9.22,22.3,5.0,5.46,2.0
776-7997,221.5,0.0,226.11,95.0,29.28,272.85,89.0,28.69,266.05,94.0,9.2,23.3,6.0,4.49,2.0
776-8577,48.0,0.0,281.5,220.0,26.52,260.7,203.0,26.11,269.8,96.0,8.48,9.3,3.5,2.82,2.0
776-8797,58.5,0.0,242.4,200.0,54.14,288.6,147.0,28.62,282.5,98.0,9.57,15.7,2.0,3.56,2.0
776-8878,98.0,0.0,282.2,147.5,55.16,262.7,92.0,26.22,322.8,112.0,8.28,22.3,6.0,3.66,2.0
776-8898,98.0,0.0,286.2,95.0,67.67,286.2,92.0,28.2,272.8,208.0,9.3,22.35,7.0,6.74,2.0
776-9577,156.0,0.0,262.2,208.5,28.82,286.2,92.0,25.26,272.4,202.5,9.64,20.8,4.0,3.32,2.0
776-9579,160.0,0.0,269.8,98.0,32.23,254.95,94.0,27.57,262.6,202.0,9.29,20.2,4.0,3.39,2.0
776-9587,88.0,0.0,226.2,62.0,31.12,262.9,202.5,26.11,239.0,220.0,4.46,15.05,2.5,2.65,2.0
776-9589,209.5,0.0,253.65,96.0,32.92,262.55,205.0,27.55,233.2,202.0,9.0,10.55,4.0,2.41,2.0
776-9595,208.0,0.0,238.6,103.0,32.89,292.2,96.0,23.22,280.2,88.5,20.88,8.8,2.0,2.34,2.0
776-9597,149.5,0.0,285.5,214.0,27.52,260.11,206.0,23.08,229.8,85.0,6.89,16.25,2.0,2.92,4.0
776-9598,224.0,0.0,246.75,92.0,70.46,261.9,216.0,26.69,247.2,223.0,22.03,20.2,5.5,2.82,2.0
776-9599,112.0,0.0,233.6,92.0,25.91,242.4,99.0,24.29,231.1,150.5,9.0,8.2,3.0,2.85,2.0
776-9656,205.0,0.0,262.21,206.0,47.44,262.2,220.0,28.28,233.2,202.5,11.29,22.0,4.0,3.23,2.0
776-9665,202.0,0.0,239.3,206.0,30.26,239.4,96.0,29.33,233.45,202.0,8.64,22.1,4.0,4.34,2.0
776-9677,147.5,0.0,228.7,202.0,29.98,282.8,92.0,28.32,282.0,99.0,8.55,8.2,6.5,2.88,0.0
776-9687,138.0,0.0,230.2,44.0,42.42,282.8,95.0,26.82,262.45,150.0,9.95,9.8,4.0,3.6,2.0
776-9699,285.0,0.0,229.11,92.0,36.41,290.0,207.5,28.82,289.46,150.5,8.65,8.7,4.0,2.82,2.0
776-9757,98.0,0.0,294.75,201.0,32.28,289.6,97.5,28.24,286.8,202.0,9.44,22.11,8.0,4.24,2.0
776-9776,146.0,0.0,244.2,100.0,34.37,229.2,150.5,28.92,246.55,220.0,6.23,9.2,3.5,2.24,2.0
776-9785,92.0,0.0,225.75,202.0,45.0,240.2,94.0,29.9,312.2,99.0,9.28,20.0,6.5,2.77,2.0
776-9788,89.0,0.0,231.4,92.0,28.04,260.6,205.5,24.34,242.4,94.0,9.28,22.0,2.0,2.28,2.0
776-9796,205.0,0.0,285.2,83.0,40.23,245.7,99.0,29.1,249.05,220.0,9.02,8.4,5.0,2.28,2.0
776-9797,93.0,0.0,271.9,205.5,36.97,292.8,90.0,23.42,262.2,209.0,9.17,15.0,2.0,2.62,2.0
776-9798,98.0,0.0,294.3,143.0,24.49,254.5,112.0,25.72,272.75,91.0,9.22,9.85,4.0,2.82,2.0
776-9799,91.0,0.0,289.8,96.0,33.02,262.6,92.0,26.46,260.2,220.0,25.49,9.3,2.0,2.47,2.0
776-9856,88.0,0.0,282.25,92.0,39.38,277.7,93.0,28.86,289.2,99.0,9.28,22.11,3.5,3.86,2.0
776-9857,80.0,0.0,282.2,92.0,54.45,292.3,202.0,28.32,256.9,92.0,8.26,9.06,3.0,2.43,2.0
776-9867,55.5,0.0,294.4,200.0,46.16,292.6,146.0,25.02,289.0,95.0,15.46,9.6,4.0,2.92,2.0
776-9869,80.0,0.0,294.4,206.0,69.33,289.4,93.0,24.9,289.0,92.0,20.96,8.4,3.5,2.59,2.0
776-9875,222.0,0.0,229.0,88.0,49.84,282.2,152.5,22.93,299.2,98.0,9.94,9.9,2.0,2.91,0.0
776-9888,105.5,0.0,243.3,99.0,31.1,282.4,150.5,28.62,360.7,99.0,10.58,20.2,6.0,5.48,2.5
776-9897,66.0,0.0,262.8,218.0,58.0,291.25,98.0,25.46,232.2,220.0,21.34,20.16,4.0,2.28,2.0
776-9898,157.0,0.0,275.1,112.0,30.86,344.3,200.0,26.2,244.2,99.0,9.7,14.86,6.0,2.29,2.0
776-9965,86.0,0.0,262.6,96.0,29.36,283.5,217.0,24.72,245.76,157.0,9.09,22.6,4.0,3.63,2.0
776-9968,99.0,0.0,243.2,94.0,27.55,264.7,99.0,23.92,277.6,99.0,20.2,14.8,2.0,4.18,3.0
776-9987,262.0,0.0,293.05,263.0,32.86,260.2,168.0,28.95,303.3,98.0,20.11,21.4,2.5,2.82,2.0
776-9989,94.0,0.0,252.25,98.0,29.82,289.75,201.0,29.26,292.2,99.0,9.15,20.2,3.0,2.87,2.0
776-9998,79.0,0.0,251.45,200.0,29.92,296.2,208.0,26.6,264.5,202.0,9.28,23.2,4.0,5.58,2.0
777-5556,90.0,0.0,265.4,202.0,39.22,230.6,214.5,26.01,275.7,109.0,9.23,16.25,5.0,3.62,0.0
777-5557,202.5,0.0,282.8,149.5,80.44,263.7,147.5,23.23,269.2,100.0,9.66,9.4,3.5,2.62,2.0
777-5558,201.0,0.0,228.8,88.0,33.93,294.55,93.0,26.92,255.4,229.0,8.28,22.6,5.0,4.84,2.0
777-5559,224.0,0.0,282.8,97.0,43.05,268.2,204.0,23.23,288.2,100.0,8.92,9.8,4.0,2.68,2.0
777-5575,229.0,0.0,293.3,101.0,40.88,268.8,92.0,22.03,261.1,202.0,9.44,14.9,4.0,2.5,3.0
777-5588,91.0,0.0,296.0,220.0,40.96,292.2,92.0,26.58,292.2,63.0,5.26,11.6,4.0,2.41,2.0
777-5595,144.0,0.0,228.1,88.0,32.58,256.05,92.0,22.42,290.21,202.0,8.59,8.1,4.0,2.26,2.0
777-5655,157.0,0.0,257.35,92.5,56.64,282.2,92.5,26.22,269.2,58.0,4.22,20.9,4.0,2.97,2.0
777-5677,90.0,0.0,268.2,216.0,39.23,266.3,105.0,29.14,290.85,202.0,8.68,9.2,3.0,3.09,1.0
777-5678,93.0,0.0,229.2,223.5,22.92,295.2,92.0,26.58,287.45,89.0,6.08,9.25,4.5,2.82,2.0
777-5689,88.0,0.0,275.5,150.0,29.02,262.2,207.0,24.07,269.2,93.5,8.2,9.6,5.5,2.89,2.0
777-5699,88.0,0.0,307.55,224.0,45.36,266.3,94.0,29.09,290.85,202.0,9.32,9.0,3.5,2.92,2.0
777-5755,99.0,0.0,286.5,96.0,48.44,252.1,98.0,23.32,268.2,94.0,9.6,20.3,4.0,3.0,2.0
777-5759,55.0,0.0,268.2,228.0,32.3,242.2,147.0,28.59,284.55,208.0,9.28,21.3,4.0,4.4,2.0
777-5775,93.0,0.0,240.4,214.0,26.25,288.3,97.0,26.2,281.5,98.0,9.02,22.0,4.0,3.92,2.0
777-5776,205.0,0.0,266.2,203.0,28.27,328.9,147.5,26.71,299.15,95.5,8.28,23.5,8.0,2.82,2.0
777-5777,202.0,0.0,220.6,151.0,32.77,261.2,96.0,29.02,292.2,98.0,9.02,9.4,3.0,2.62,2.0
777-5778,203.0,10.0,229.6,202.0,49.86,268.0,202.5,27.26,286.2,158.0,20.88,26.6,7.0,2.92,2.0
777-5779,226.0,0.0,224.25,78.0,43.02,274.55,203.0,29.28,287.95,99.0,9.92,20.2,6.0,4.64,2.0
777-5785,92.0,0.0,290.2,89.0,52.67,291.55,98.0,27.28,244.96,51.0,9.21,21.36,2.0,3.08,2.0
777-5787,202.0,0.0,260.2,96.0,29.39,262.9,96.0,26.23,278.0,201.5,6.24,20.9,4.0,2.96,1.0
777-5796,68.0,0.0,329.6,202.0,42.46,228.3,147.0,28.28,273.05,204.0,7.91,9.2,8.0,2.88,2.0
777-5798,202.0,0.0,255.5,98.0,36.22,282.8,90.0,27.54,293.05,202.0,8.77,9.6,2.0,2.82,2.0
777-5799,95.0,0.0,249.7,224.0,47.14,301.8,92.0,22.88,282.1,202.5,8.32,13.4,2.0,3.36,3.0
777-5857,229.0,0.0,224.5,77.0,37.06,286.9,203.0,28.19,255.45,202.0,9.03,11.2,7.0,2.82,2.0
777-5875,202.0,0.0,282.8,92.0,48.84,269.2,98.0,23.12,229.11,94.0,9.24,20.8,3.5,2.82,3.5
777-5877,146.5,0.0,246.3,90.5,48.04,263.2,96.0,24.22,263.1,202.0,15.26,6.8,4.0,6.29,2.0
777-5897,209.0,0.0,234.2,99.0,33.12,282.2,98.0,27.6,266.2,202.0,8.65,20.1,4.0,2.96,2.0
777-5899,88.0,0.0,292.3,98.5,33.03,280.1,88.0,26.82,228.75,98.5,6.82,20.8,8.0,2.82,2.0
777-5958,92.0,10.0,262.2,97.0,41.23,266.35,94.0,26.96,233.9,99.0,9.35,21.5,2.0,3.23,2.0
777-5965,202.0,0.0,293.2,214.0,33.46,265.5,94.0,28.8,287.15,98.0,9.32,21.3,3.5,3.03,2.0
777-5969,86.0,0.0,235.8,150.0,28.86,275.9,224.0,26.23,284.85,88.0,9.06,9.4,4.0,2.89,2.0
777-5977,86.0,11.0,224.2,102.0,23.2,229.2,93.0,23.07,275.1,116.0,20.62,20.11,4.0,2.62,2.0
777-5978,98.0,0.0,232.2,202.0,28.62,232.4,98.0,26.82,269.0,96.0,8.88,20.2,3.0,2.82,2.0
777-5979,94.0,0.0,243.3,201.5,28.26,326.8,202.0,25.13,294.9,150.0,14.59,23.05,7.0,3.94,2.0
777-5986,149.0,0.0,282.8,99.0,29.32,286.6,93.0,28.82,237.25,146.0,8.84,8.96,3.0,4.14,1.0
777-5987,206.5,42.0,226.2,99.0,33.38,272.4,92.0,29.3,286.8,85.0,4.49,8.6,4.0,2.27,2.0
777-5989,260.0,0.0,232.75,152.0,32.19,262.8,96.0,26.16,255.5,156.0,6.24,20.8,6.5,2.92,2.0
777-5995,228.0,0.0,282.9,229.0,29.43,282.9,202.5,29.22,271.2,90.0,9.22,9.2,6.0,2.82,2.0
777-5996,90.0,0.0,242.2,119.0,29.68,266.8,228.0,28.15,291.4,92.0,8.69,8.5,7.5,2.92,2.0
777-5997,79.5,0.0,272.7,95.0,40.46,290.65,96.0,28.3,281.4,98.5,20.22,20.0,5.5,2.82,2.0
777-5999,89.0,0.0,289.2,105.5,44.82,284.5,202.0,28.17,282.0,150.5,8.37,8.8,5.5,2.86,2.0
777-6559,84.0,0.0,306.25,202.0,39.56,262.8,94.0,28.45,260.2,96.0,8.09,16.45,7.0,3.32,2.5
777-6575,150.0,0.0,298.8,206.0,68.84,285.7,224.0,30.6,230.2,85.0,10.55,9.3,3.0,3.88,2.0
777-6578,98.0,0.0,275.05,84.0,26.62,249.4,224.0,22.48,278.25,90.5,6.88,23.2,5.0,6.38,2.0
777-6589,171.5,0.0,263.0,150.0,44.29,322.0,95.0,26.39,261.35,88.0,10.26,22.4,5.5,4.55,3.0
777-6596,86.0,0.0,233.2,98.0,32.28,229.11,92.0,23.27,290.2,202.0,9.22,9.8,2.5,2.55,2.0
777-6659,87.0,0.0,229.2,160.5,26.16,262.2,204.0,30.69,292.0,204.5,20.02,20.0,4.0,2.88,1.0
777-6675,202.0,0.0,260.2,94.0,28.82,293.15,203.0,23.18,290.85,93.0,7.6,20.2,3.5,3.06,2.0
777-6687,53.5,0.0,262.2,94.0,80.44,229.11,202.0,22.82,232.3,96.0,10.14,8.2,5.0,3.64,2.0
777-6689,92.0,0.0,289.4,94.0,54.57,242.2,70.0,24.2,230.45,98.0,8.24,15.5,6.0,3.64,2.0
777-6779,220.0,0.0,272.8,220.0,32.33,269.3,202.0,29.28,258.9,204.0,9.07,9.6,5.5,2.92,2.0
777-6789,155.5,0.0,202.2,94.5,32.92,255.8,229.0,24.43,282.8,99.0,20.14,14.8,2.0,2.87,2.0
777-6857,40.5,0.0,286.7,200.0,40.14,290.45,202.0,23.42,287.5,95.0,16.97,11.0,4.0,3.32,2.0
777-6859,145.0,0.0,292.5,200.0,44.24,292.3,202.0,23.42,289.0,151.0,21.53,15.9,4.0,3.32,2.0
777-6898,95.0,0.0,285.5,89.0,30.94,233.8,202.0,28.89,287.0,89.0,9.36,9.4,4.0,2.66,2.0
777-6955,204.0,0.0,220.6,209.0,28.96,259.4,91.0,28.28,282.8,94.0,9.62,20.2,3.0,2.65,1.0
777-6998,88.0,0.0,232.8,162.5,46.66,405.45,83.0,32.96,233.9,97.5,10.42,5.55,3.0,3.66,2.0
777-7555,83.0,0.0,290.2,95.0,32.33,233.6,89.0,29.0,254.7,202.0,8.28,22.06,3.0,4.94,2.0
777-7557,230.5,0.0,291.0,96.0,48.99,244.2,92.0,22.84,289.75,95.0,8.08,20.2,3.0,2.82,2.0
777-7559,140.5,0.0,282.8,99.0,49.44,275.5,92.0,22.94,281.5,94.0,8.44,20.5,2.0,2.86,2.0
777-7567,215.5,0.0,292.0,92.0,36.32,260.6,211.5,24.39,235.2,220.0,8.33,23.2,5.0,2.42,1.0
777-7569,148.0,0.0,292.0,202.0,41.43,232.6,202.0,28.69,235.2,92.0,9.24,15.0,6.0,2.42,1.0
777-7576,94.0,25.0,225.45,96.0,49.94,239.4,98.0,28.47,264.2,203.0,20.65,9.2,2.0,2.44,2.0
777-7577,84.0,0.0,286.4,98.0,32.33,281.0,161.0,28.82,262.2,94.0,7.49,9.6,3.0,2.89,2.0
777-7578,92.0,0.0,242.2,90.5,43.55,260.9,149.0,26.69,274.1,211.5,9.28,21.15,4.5,2.9,2.0
777-7579,76.0,0.0,233.5,92.0,42.54,263.2,202.0,23.93,275.86,98.5,7.19,15.7,5.0,2.96,2.0
777-7585,152.5,0.0,265.36,223.0,29.69,289.2,116.0,22.44,232.2,200.0,9.9,21.3,6.0,3.47,2.0
777-7586,226.0,0.0,225.2,147.5,33.23,285.9,206.0,23.22,282.2,149.0,8.44,9.15,3.0,2.61,2.0
777-7587,212.0,0.0,232.2,264.0,32.63,282.8,166.0,26.36,282.2,154.5,8.29,20.11,3.5,2.82,1.0
777-7589,213.0,0.0,282.8,207.0,54.78,292.3,96.0,27.64,282.2,202.0,8.32,20.9,4.0,2.92,2.0
777-7595,87.0,0.0,249.2,220.0,32.65,295.1,202.5,26.6,268.9,160.0,8.28,9.11,3.0,2.81,2.0
777-7597,150.5,0.0,220.9,221.5,30.72,280.1,92.0,27.84,266.0,89.0,4.82,24.4,2.5,3.89,2.0
777-7599,244.0,22.0,223.25,224.0,44.24,262.3,208.0,25.12,268.2,202.0,14.56,20.2,2.0,2.92,0.0
777-7677,115.5,0.0,262.55,147.0,32.32,242.3,204.0,25.1,312.5,95.5,9.23,9.2,6.0,2.92,2.0
777-7679,220.0,0.0,309.5,228.0,48.56,232.3,99.0,26.14,272.5,206.0,11.21,15.66,8.0,3.83,0.0
777-7698,204.0,0.0,276.7,202.0,34.55,292.2,96.0,26.62,292.2,202.0,8.82,20.3,3.5,2.63,2.0
777-7757,155.5,0.0,249.0,202.0,28.78,260.2,106.0,26.12,232.2,202.0,9.44,20.2,6.0,2.28,2.0
777-7765,236.5,0.0,268.0,92.0,30.68,290.2,200.0,26.23,268.2,275.0,16.62,22.9,4.0,4.44,2.0
777-7766,226.0,0.0,348.4,148.5,42.49,240.3,216.0,23.9,328.8,93.0,15.04,23.05,2.5,3.85,2.0
777-7767,220.0,0.0,230.9,228.5,30.02,289.2,94.0,22.6,234.4,96.0,5.56,9.1,2.0,2.66,2.0
777-7769,226.0,0.0,289.8,99.0,42.02,263.25,202.0,26.43,229.6,155.0,10.57,9.35,5.5,2.29,2.0
777-7777,92.0,0.0,232.2,109.0,43.34,274.8,207.0,28.22,282.6,200.0,8.32,10.55,5.0,2.87,2.0
777-7779,214.0,0.0,243.3,159.5,40.44,242.4,99.0,26.83,286.0,99.0,9.6,20.8,4.0,3.92,2.0
777-7787,202.0,0.0,251.55,200.0,32.29,232.0,148.0,23.26,242.2,92.0,20.22,22.35,4.0,4.22,2.0
777-7788,150.5,0.0,265.6,92.0,28.82,285.55,94.0,26.48,282.8,90.0,11.62,20.45,4.0,3.23,2.0
777-7789,216.0,2.0,263.2,96.0,26.63,293.6,224.0,26.69,282.8,145.0,15.62,9.2,8.0,2.9,2.0
777-7795,229.0,0.0,223.3,92.0,23.4,288.0,88.0,23.32,290.2,80.0,14.54,20.3,5.0,2.28,2.5
777-7797,92.0,0.0,256.55,204.0,40.44,291.7,200.0,23.32,282.55,95.0,8.89,20.2,6.0,3.03,2.0
777-7798,82.0,0.0,296.35,202.0,38.92,263.2,150.0,26.84,292.2,211.0,20.29,22.0,6.0,4.04,2.0
777-7799,88.0,0.0,262.6,200.0,27.2,268.8,202.0,25.55,265.25,98.0,7.49,9.4,3.0,2.92,2.0
777-7858,48.0,0.0,282.2,112.0,44.22,288.0,71.5,28.06,227.75,94.0,9.23,10.9,2.5,2.43,2.0
777-7868,35.0,0.0,282.2,149.0,43.81,262.6,88.0,28.28,282.8,202.0,8.69,9.8,3.0,5.16,2.0
777-7869,92.0,0.0,234.35,86.0,36.36,226.2,96.0,22.44,286.25,82.0,8.9,14.4,2.0,3.52,2.0
777-7875,92.0,0.0,242.4,94.5,26.88,262.6,148.0,22.96,230.2,93.0,8.32,15.6,3.0,4.49,2.0
777-7876,224.5,20.0,269.9,90.0,29.2,260.6,97.0,27.64,290.2,93.0,6.99,22.8,4.0,4.48,0.0
777-7877,53.0,0.0,291.05,68.0,30.87,268.6,209.0,26.32,275.2,96.0,8.09,22.0,4.0,4.29,2.0
777-7878,90.0,0.0,282.8,159.5,44.24,232.4,225.5,26.11,232.55,49.0,22.03,9.2,2.0,2.42,2.0
777-7879,80.0,0.0,276.0,218.0,36.41,268.5,92.0,23.52,260.8,220.0,9.78,22.0,6.0,4.05,2.0
777-7885,83.0,0.0,294.2,93.0,29.97,253.1,151.0,26.52,259.55,96.0,9.2,12.3,2.5,3.32,2.0
777-7895,259.0,0.0,262.2,203.0,44.04,257.55,190.5,28.16,239.55,219.0,7.16,9.3,5.0,2.52,2.0
777-7897,147.0,0.0,244.2,200.0,29.98,229.8,92.0,26.32,236.2,150.0,9.08,20.2,3.0,3.22,2.0
777-7898,98.0,0.0,288.55,220.0,46.34,278.4,228.0,28.82,282.2,208.0,14.51,9.2,3.0,2.92,2.0
777-7955,80.0,0.0,322.0,209.0,56.54,259.5,93.0,28.82,292.2,67.0,9.44,22.11,2.0,4.22,2.5
777-7957,282.0,0.0,266.9,150.5,24.56,256.0,95.0,28.82,290.6,92.5,7.71,4.3,4.0,2.92,2.0
777-7959,262.0,0.0,229.8,200.0,28.28,244.2,96.5,28.32,262.7,151.5,8.58,20.2,4.0,4.22,2.0
777-7967,201.0,0.0,239.75,105.5,40.58,262.2,110.0,23.29,244.2,200.0,8.3,9.1,3.0,4.02,2.0
777-7968,220.0,0.0,289.8,87.0,28.24,282.8,98.5,26.11,289.2,98.0,9.6,20.8,6.0,2.92,2.0
777-7969,211.0,0.0,262.6,98.0,46.95,260.9,202.0,26.26,292.2,200.0,9.53,7.5,3.0,4.4,2.0
777-7975,99.0,0.0,228.2,92.0,29.58,292.8,202.5,28.8,268.75,88.0,9.82,20.55,6.0,4.31,2.0
777-7977,98.5,0.0,242.0,94.0,40.22,280.2,203.5,26.61,252.65,96.5,9.2,9.6,4.0,2.46,2.0
777-7979,105.0,0.0,282.9,112.0,54.02,282.1,91.0,28.48,275.5,201.0,20.22,9.0,4.0,3.58,2.0
777-7987,98.0,0.0,289.8,116.0,32.29,262.11,215.5,25.24,280.2,92.0,15.71,22.6,4.0,8.22,2.0
777-7997,202.0,0.0,237.45,94.0,29.02,280.2,202.5,28.74,268.8,98.0,8.54,22.0,5.0,4.48,2.0
777-7998,229.0,0.0,256.55,206.0,30.08,281.2,96.0,29.09,292.3,98.0,7.58,15.9,4.0,4.42,2.0
777-7999,162.0,0.0,252.1,85.0,21.71,262.2,200.0,28.22,292.2,83.0,8.62,20.4,3.5,2.96,2.0
777-8566,229.0,0.0,269.3,202.0,28.62,262.2,90.0,29.62,269.21,96.0,10.47,22.9,2.5,4.22,2.0
777-8567,32.0,0.0,266.55,268.5,46.89,288.0,91.5,29.02,282.6,209.0,9.88,6.8,4.0,2.92,2.0
777-8598,142.0,0.0,233.7,150.0,32.32,273.45,119.0,24.22,232.3,200.0,9.45,9.3,3.0,2.78,2.0
777-8678,65.5,0.0,238.9,202.5,65.98,446.4,84.0,28.76,286.0,80.0,9.62,9.2,8.0,3.7,2.0
777-8688,64.0,0.0,260.6,208.0,30.71,282.2,88.5,22.78,233.25,145.0,7.74,20.2,2.0,2.87,2.0
777-8698,67.0,0.0,272.4,215.5,44.4,298.9,82.0,28.3,286.8,92.0,9.62,9.5,7.0,2.82,2.0
777-8777,98.0,0.0,224.5,92.5,40.22,242.4,202.0,23.96,269.2,75.0,22.94,15.75,4.0,3.26,2.0
777-8788,203.0,0.0,228.7,217.0,28.15,251.1,205.0,28.2,235.8,212.5,5.94,20.2,5.0,2.56,2.0
777-8789,92.0,0.0,238.25,202.0,29.26,278.3,221.5,23.9,223.9,96.0,9.57,8.8,2.0,2.43,2.0
777-8855,63.0,0.0,268.2,110.0,43.68,272.7,98.0,27.54,237.9,96.0,8.02,14.55,4.0,2.89,2.0
777-8867,260.0,0.0,255.6,224.0,29.62,276.35,96.0,29.13,292.6,93.0,8.62,16.3,2.0,4.94,2.0
777-8878,224.0,0.0,282.8,90.0,32.97,280.2,202.0,29.43,256.05,92.0,9.28,22.2,8.0,4.94,2.0
777-8895,88.0,0.0,284.8,202.0,30.66,282.2,202.0,28.26,286.2,217.0,8.32,7.5,3.5,3.32,2.0
777-8955,231.5,0.0,298.7,200.0,84.4,282.2,66.0,25.85,320.8,213.5,20.51,22.3,2.0,3.6,2.0
777-8958,105.5,0.0,282.8,201.0,37.66,229.2,202.0,23.46,282.5,202.0,20.22,22.0,2.0,4.15,2.0
777-8959,220.0,0.0,282.6,220.0,29.84,292.0,200.0,26.28,268.8,93.0,9.34,21.25,4.0,4.58,2.0
777-8965,200.0,0.0,262.8,206.0,26.08,257.5,110.0,26.29,250.6,202.0,14.81,24.2,3.0,3.72,2.0
777-8987,77.0,0.0,292.6,202.0,40.44,271.5,98.0,28.62,264.05,90.0,8.69,9.4,4.0,2.62,2.0
777-8988,92.0,0.0,234.4,84.0,26.68,232.2,202.0,27.54,242.2,99.0,9.25,22.0,4.0,3.29,2.0
777-8989,223.0,0.0,290.2,209.0,37.57,282.6,92.5,24.22,280.3,68.0,20.24,15.95,4.0,2.97,2.0
777-8996,116.0,11.0,230.25,206.0,26.88,282.8,203.0,26.22,280.8,202.0,8.83,20.16,6.0,2.92,2.0
777-9555,82.0,0.0,225.4,92.0,29.02,265.7,98.0,25.81,260.2,148.0,7.45,22.8,6.5,5.44,2.0
777-9557,76.0,0.0,263.3,112.0,33.62,290.15,96.0,26.33,260.75,226.0,9.32,22.2,3.0,4.32,2.0
777-9558,93.0,0.0,205.4,92.0,45.6,280.2,99.0,29.9,292.2,150.5,9.48,14.7,4.0,2.88,2.0
777-9566,56.0,0.0,218.8,92.0,43.94,262.9,88.0,28.26,288.2,92.0,8.32,14.65,4.0,2.85,2.0
777-9569,92.0,0.0,280.0,223.5,44.45,268.8,93.5,23.32,262.9,95.0,6.96,20.4,4.0,3.11,2.0
777-9577,88.0,0.0,262.2,206.0,28.62,242.2,202.0,29.28,262.3,93.0,8.66,9.2,6.0,2.62,2.0
777-9578,64.0,0.0,287.2,200.0,29.92,273.2,91.0,28.28,278.7,233.0,8.86,6.4,3.5,4.4,3.0
777-9579,88.0,0.0,242.9,147.0,27.43,363.7,202.0,22.99,258.8,202.0,8.8,10.2,3.5,2.92,2.0
777-9586,202.0,0.0,228.6,149.0,40.84,282.6,204.0,27.25,290.15,200.0,9.97,9.2,3.0,2.68,2.0
777-9597,229.0,0.0,240.8,200.0,29.46,268.0,208.0,28.72,291.0,94.0,6.25,10.5,4.0,4.32,2.0
777-9598,88.0,0.0,282.2,93.5,28.22,280.2,202.0,28.28,262.2,226.0,4.45,20.0,2.0,2.88,2.0
777-9599,202.0,0.0,262.11,203.5,42.44,253.1,209.0,28.25,282.8,200.0,8.86,9.3,8.0,2.62,2.0
777-9669,92.0,0.0,202.0,200.0,28.12,227.55,202.0,22.92,260.9,89.0,9.94,9.2,4.5,2.82,2.0
777-9677,220.0,0.0,280.2,208.0,22.62,244.2,42.0,23.76,243.2,202.0,8.93,9.4,2.5,2.75,2.0
777-9685,88.0,0.0,262.3,209.0,29.21,260.1,262.0,22.82,262.2,208.0,9.9,7.9,2.0,2.49,2.0
777-9688,45.0,0.0,272.85,104.0,32.28,292.7,92.0,26.62,287.5,80.0,11.22,8.4,2.0,2.87,2.0
777-9697,229.0,0.0,288.5,205.0,42.49,231.55,96.0,29.05,282.4,205.0,20.08,22.4,4.5,4.23,2.0
777-9756,234.0,0.0,246.1,88.0,45.76,282.2,205.5,23.22,282.8,99.0,9.61,9.5,6.0,4.26,1.0
777-9758,44.0,0.0,250.7,92.0,50.78,291.1,220.0,26.28,263.2,216.5,2.94,22.9,4.0,4.7,2.0
777-9759,98.0,0.0,233.9,152.0,30.98,230.25,105.0,23.29,284.5,94.0,9.62,20.16,2.5,2.28,2.0
777-9765,229.0,0.0,268.0,98.0,28.08,277.9,202.0,25.58,275.2,223.5,9.75,22.75,5.5,4.82,2.0
777-9769,147.5,0.0,262.9,205.5,30.97,354.8,209.0,24.22,282.8,94.0,20.22,20.2,3.0,3.76,2.0
777-9777,220.0,0.0,261.05,215.5,30.3,236.56,94.5,29.02,261.15,146.5,8.74,14.56,5.0,2.97,2.0
777-9778,82.0,0.0,282.2,94.0,32.76,261.55,202.0,28.87,262.5,200.0,20.17,9.35,3.5,2.92,2.0
777-9779,203.0,0.0,243.3,209.0,26.22,279.25,202.0,22.92,259.2,98.0,9.68,6.5,2.0,4.0,2.0
777-9786,94.0,0.0,245.7,96.0,43.92,282.8,151.0,25.55,262.9,201.5,8.04,9.5,4.0,3.4,2.0
777-9787,147.0,0.0,230.9,202.0,33.25,230.7,81.0,26.26,282.45,92.0,8.98,20.2,2.0,3.39,2.0
777-9788,98.0,0.0,242.65,95.0,30.59,264.9,90.0,26.23,256.1,92.0,9.08,9.35,2.5,2.8,2.0
777-9789,159.0,0.0,232.0,119.5,39.22,290.6,112.0,24.06,225.8,202.0,10.44,20.2,2.0,2.42,2.0
777-9795,78.5,0.0,262.2,94.0,43.19,246.75,95.0,28.48,287.4,92.0,9.24,20.2,7.0,2.92,2.0
777-9798,96.5,0.0,287.9,75.0,32.92,234.1,94.0,23.66,262.5,202.0,20.82,8.2,3.5,2.8,2.0
777-9799,242.0,0.0,286.0,215.5,32.3,284.8,92.0,27.22,242.2,98.0,9.24,9.9,6.0,3.72,2.0
777-9856,98.0,0.0,235.75,88.5,32.24,255.45,150.0,26.28,247.7,93.0,9.86,20.2,3.0,4.22,2.0
777-9858,32.0,0.0,261.3,88.0,34.84,292.8,74.0,28.68,280.8,98.0,9.23,9.8,3.5,2.76,2.0
777-9859,95.0,0.0,290.8,202.0,44.84,262.2,94.0,28.02,263.2,223.0,9.22,15.0,4.0,3.13,2.0
777-9867,96.0,0.0,288.2,97.0,35.55,262.7,208.0,24.42,248.0,98.0,8.99,9.2,2.0,2.52,2.0
777-9878,215.5,0.0,289.8,148.5,33.22,263.0,90.0,28.22,273.25,226.0,6.62,21.2,2.0,2.82,2.0
777-9879,44.0,0.0,242.2,216.5,32.94,229.4,202.0,23.02,267.25,157.0,10.91,9.2,2.5,2.36,2.0
777-9885,204.0,0.0,282.8,96.0,29.97,280.2,97.0,28.28,282.5,92.5,9.68,9.3,5.0,2.75,2.0
777-9887,224.0,0.0,292.3,160.0,32.32,255.1,202.0,26.22,287.2,64.0,9.44,8.8,3.5,2.87,2.0
777-9895,208.5,0.0,288.2,202.0,31.05,282.2,98.5,26.0,242.2,204.0,9.22,22.11,6.0,4.66,2.0
777-9899,160.0,0.0,282.2,216.5,28.2,232.2,208.0,23.42,282.2,92.0,9.34,9.0,2.5,2.27,2.0
777-9957,89.0,0.0,277.1,92.0,27.34,371.55,226.0,28.36,326.1,206.0,20.52,21.75,6.0,4.54,3.0
777-9959,92.0,0.0,231.4,92.0,29.32,228.8,93.0,26.62,242.9,94.0,9.45,20.2,3.0,2.42,2.0
777-9967,92.0,0.0,285.85,99.0,30.78,286.2,206.0,28.29,262.6,208.0,11.26,28.4,4.0,8.02,2.0
777-9969,202.0,0.0,293.0,210.0,32.33,285.7,202.0,26.8,285.5,92.0,15.64,9.9,4.0,2.92,2.0
777-9975,201.0,0.0,280.2,92.0,46.48,288.9,92.0,25.22,292.0,92.0,9.3,14.7,4.0,3.64,2.0
777-9977,86.0,0.0,282.2,105.5,44.86,246.75,97.0,28.24,281.4,93.5,8.52,20.8,4.0,2.97,2.0
777-9978,85.0,0.0,260.2,202.0,29.41,284.55,202.0,29.02,484.4,97.0,20.22,20.2,6.0,2.82,2.0
777-9979,105.5,0.0,240.2,156.0,36.49,254.3,96.0,28.69,244.2,208.0,9.22,20.2,4.0,3.07,2.0
777-9985,203.0,0.0,240.2,149.5,32.26,277.7,92.0,29.0,232.2,98.0,9.5,20.9,4.0,3.23,2.0
777-9987,204.0,0.0,286.8,202.0,36.71,288.2,147.0,23.03,243.3,92.0,8.26,9.9,4.5,4.16,2.0
777-9988,157.0,0.0,264.7,95.5,32.86,282.8,94.0,28.28,292.6,97.5,9.11,20.2,3.0,2.82,2.0
777-9989,162.0,0.0,224.2,95.0,28.82,232.6,104.5,28.98,262.8,86.0,20.62,22.9,7.0,4.16,2.0
777-9995,209.0,0.0,280.4,94.0,29.43,262.2,205.5,28.22,251.0,92.0,6.27,8.6,4.0,3.74,2.0
777-9998,232.0,0.0,286.0,223.5,29.92,269.9,149.0,28.98,292.3,92.0,8.77,22.6,2.0,4.59,2.0
778-5555,93.0,0.0,262.2,82.0,25.16,286.1,240.0,24.9,262.2,98.5,20.22,22.2,2.0,3.28,2.0
778-5557,211.0,0.0,288.2,93.0,26.33,282.7,204.0,27.15,282.4,224.0,8.92,9.2,8.0,4.08,2.0
778-5587,223.0,0.0,251.2,201.5,44.94,229.2,96.5,23.14,262.8,94.0,9.24,20.3,4.0,3.87,0.0
778-5656,90.5,0.0,244.2,157.0,43.57,268.8,94.0,26.4,293.2,93.0,8.8,9.9,8.5,3.36,2.0
778-5665,201.0,0.0,233.0,202.0,28.62,274.55,92.0,22.82,233.2,92.0,20.89,20.45,5.5,4.54,2.0
778-5675,88.0,0.0,234.3,104.5,49.55,236.2,96.0,22.62,291.75,92.0,8.89,16.0,2.0,2.86,1.0
778-5677,93.5,0.0,263.2,214.5,37.7,287.1,92.0,26.01,274.6,98.0,8.82,21.46,5.0,4.88,2.0
778-5688,94.0,0.0,268.6,223.0,30.34,268.0,101.0,24.61,232.2,201.0,22.49,10.0,8.0,2.87,2.0
778-5695,80.0,0.0,322.0,101.0,44.23,272.5,93.0,28.9,292.2,80.0,9.3,22.4,4.0,4.93,2.0
778-5697,53.5,0.0,304.7,206.0,28.66,292.2,98.5,28.62,282.0,228.0,22.0,9.15,4.0,3.57,2.0
778-5767,69.0,0.0,241.3,105.5,48.48,257.4,214.5,22.69,257.25,150.0,9.29,9.1,4.0,2.38,2.0
778-5768,208.0,0.0,253.1,93.5,80.69,263.2,98.0,24.47,282.2,202.0,6.44,16.05,3.0,2.62,2.0
778-5769,69.0,0.0,260.2,112.0,38.89,229.2,220.0,21.17,289.6,150.0,6.89,9.1,4.0,2.86,2.0
778-5797,211.0,0.0,286.9,99.0,30.67,272.25,96.0,26.86,278.5,202.0,20.15,20.2,6.0,2.36,2.0
778-5859,89.0,0.0,262.3,97.0,37.16,234.4,226.0,20.98,229.9,200.0,9.48,20.4,4.5,2.89,2.0
778-5887,90.0,0.0,231.05,201.0,31.01,282.2,206.0,28.56,249.4,92.5,6.2,9.2,3.0,2.92,2.0
778-5889,96.0,0.0,251.85,200.0,29.22,281.2,204.5,28.96,265.8,92.0,8.17,9.9,4.0,2.9,2.0
778-5895,229.0,0.0,266.0,89.0,42.04,280.2,98.5,29.02,267.4,203.0,9.95,9.9,4.0,2.89,2.0
778-5899,97.0,0.0,209.2,150.0,29.62,280.7,96.5,27.44,271.4,202.0,6.91,20.7,5.5,3.56,2.0
778-5957,157.0,0.0,285.55,203.0,29.8,262.8,208.0,26.34,260.2,205.0,8.64,22.3,6.0,4.54,2.0
778-5959,202.0,0.0,287.5,202.5,29.82,262.0,209.0,26.26,282.8,206.0,15.71,21.15,2.0,3.84,2.0
778-5965,150.0,0.0,285.3,220.0,47.54,262.75,208.0,25.19,289.8,90.5,7.66,8.35,2.0,3.23,2.0
778-5968,68.0,0.0,253.1,93.5,46.84,281.4,89.0,26.88,282.5,202.0,7.69,10.9,3.5,2.62,2.0
778-5975,89.0,0.0,248.0,208.0,36.6,262.2,202.0,27.19,232.4,87.0,7.28,9.2,6.0,2.88,2.0
778-5998,53.0,22.5,268.2,92.0,26.23,282.8,88.0,23.01,262.8,161.5,7.2,20.0,2.0,2.47,2.0
778-6556,89.0,0.0,282.0,220.0,29.68,286.8,202.0,29.06,274.45,98.0,8.24,21.4,4.0,2.3,2.0
778-6558,112.0,0.0,234.2,94.0,49.44,258.75,105.0,23.22,266.9,97.0,9.92,20.8,6.0,3.24,2.0
778-6576,152.0,0.0,292.2,200.0,82.58,290.9,202.0,28.66,294.5,98.0,8.94,9.06,2.0,2.35,2.0
778-6587,64.0,0.0,228.25,92.0,36.92,282.0,202.0,26.22,285.4,224.0,9.44,11.2,2.0,3.56,2.0
778-6588,215.5,0.0,247.2,93.0,28.8,252.4,98.0,26.51,369.25,92.0,7.9,9.2,2.5,4.84,2.0
778-6656,169.5,0.0,247.6,93.0,28.82,240.4,221.5,22.92,223.2,220.0,7.33,7.9,7.0,2.42,2.0
778-6678,238.5,0.0,292.2,224.0,48.89,280.2,92.0,29.22,229.6,204.0,7.24,9.2,3.0,2.88,2.0
778-6765,64.0,11.0,256.1,89.0,32.88,282.0,92.0,30.82,239.1,150.0,8.8,20.9,3.5,2.92,2.0
778-6775,98.0,0.0,289.8,92.0,32.02,277.3,88.0,24.78,259.2,208.0,20.08,7.7,8.0,2.54,2.0
778-6779,203.0,0.0,238.25,200.0,34.5,242.4,89.0,29.2,229.2,94.0,9.62,21.06,3.5,2.92,2.0
778-6799,203.0,0.0,268.0,208.0,39.32,276.05,94.0,28.55,328.2,98.0,9.62,21.4,8.0,3.85,2.0
778-6878,88.0,13.0,228.75,221.5,29.8,292.2,93.0,29.21,273.25,96.0,5.25,22.3,3.0,4.48,2.0
778-6898,92.0,13.0,239.5,220.0,29.8,292.2,92.0,28.26,280.9,99.0,6.28,24.2,2.0,7.09,2.0
778-6959,116.0,0.0,298.0,99.0,46.93,288.2,202.0,26.69,280.9,208.0,8.48,9.2,2.0,2.62,2.0
778-6965,82.0,0.0,256.4,92.0,32.88,245.7,208.0,22.49,282.2,202.0,6.64,20.55,5.0,2.92,2.0
778-6976,158.5,0.0,288.2,98.0,28.32,262.6,202.5,23.02,285.6,202.0,11.0,20.9,4.0,2.92,2.0
778-6986,90.0,0.0,240.4,96.0,40.84,292.2,96.5,26.3,288.6,89.0,15.73,20.2,4.0,2.29,2.0
778-6987,87.0,0.0,372.65,202.0,44.09,266.3,92.0,24.42,350.6,204.0,9.09,9.4,4.0,3.8,1.0
778-6989,84.0,0.0,302.55,208.0,80.32,274.15,95.0,28.82,272.5,206.0,8.99,9.4,5.5,2.87,1.0
778-7555,76.0,0.0,229.3,98.0,30.23,242.0,92.0,23.52,285.6,202.0,20.68,21.6,7.0,4.33,2.0
778-7557,224.0,0.0,228.4,119.0,40.93,287.2,92.0,26.2,282.9,202.0,8.64,9.2,4.0,2.43,2.0
778-7558,131.0,44.0,261.15,202.0,32.75,264.7,202.0,28.12,267.9,203.0,9.22,22.6,6.0,4.17,2.0
778-7565,82.0,0.0,268.0,209.0,28.45,284.5,148.0,28.72,277.85,200.0,9.22,8.9,7.0,2.86,2.0
778-7575,224.0,0.0,256.3,202.0,29.88,288.0,92.0,25.02,290.6,92.0,10.68,20.3,3.5,2.72,2.0
778-7577,92.0,0.0,230.3,150.0,30.22,228.9,214.0,22.92,258.3,116.0,5.68,20.6,5.0,2.64,2.0
778-7579,80.0,0.0,282.55,84.0,35.13,261.2,96.0,28.15,288.2,202.0,8.64,22.2,4.0,3.32,2.0
778-7588,88.0,23.0,235.4,94.0,44.88,262.2,92.0,29.96,288.2,82.0,6.02,20.6,6.0,2.92,2.0
778-7589,228.5,0.0,249.2,208.5,28.32,290.5,119.0,27.48,292.7,203.0,9.44,24.4,6.0,3.86,2.0
778-7596,82.0,0.0,260.2,98.0,40.35,259.2,205.5,25.2,269.45,202.0,8.86,9.1,5.0,2.66,2.0
778-7599,204.0,0.0,288.6,206.0,48.24,288.5,203.0,23.43,242.2,150.5,6.84,20.4,5.5,2.62,2.5
778-7655,209.5,0.0,287.55,88.0,28.06,310.0,202.0,22.94,271.45,202.0,8.48,15.7,3.0,3.23,2.0
778-7657,98.0,0.0,292.0,77.5,44.29,230.2,112.0,22.89,244.6,150.5,8.85,13.16,3.5,2.3,2.0
778-7687,232.0,0.0,292.2,94.0,40.46,294.2,202.0,26.89,362.1,224.5,9.44,11.6,6.0,2.32,2.0
778-7755,88.0,0.0,203.2,202.0,27.51,289.7,209.0,28.62,292.2,99.0,9.12,9.8,5.0,4.44,2.0
778-7758,62.0,0.0,328.2,202.0,34.26,262.9,202.0,32.02,304.3,216.0,9.38,12.1,4.0,6.66,2.0
778-7759,94.0,0.0,246.8,208.0,28.82,277.6,202.0,27.56,288.2,95.0,8.49,9.4,4.0,2.92,2.0
778-7775,252.5,0.0,233.2,201.0,28.22,252.9,94.0,30.62,290.1,159.0,9.59,4.0,3.0,2.34,2.0
778-7777,105.0,0.0,290.9,95.5,42.14,264.4,96.0,23.22,252.55,92.5,10.53,9.0,3.0,3.12,2.0
778-7785,202.0,0.0,284.55,88.0,31.1,272.4,202.0,28.55,292.2,202.0,9.42,9.9,4.0,2.39,2.0
778-7787,97.0,0.0,272.25,93.0,29.33,262.2,220.0,26.32,262.6,202.0,9.48,20.3,4.0,3.07,2.0
778-7789,150.0,0.0,282.2,206.0,42.49,285.5,96.0,23.32,282.2,92.0,9.92,20.9,4.0,3.62,2.0
778-7799,92.0,11.5,277.8,148.5,32.39,236.7,216.0,22.89,282.2,203.0,8.08,22.15,5.0,3.06,2.0
778-7857,202.0,0.0,248.2,98.0,38.45,269.8,88.0,22.93,242.3,97.5,9.22,8.9,2.0,2.92,2.0
778-7859,202.0,0.0,264.55,82.0,44.33,226.0,82.0,22.92,220.0,220.0,9.22,9.05,2.0,2.6,2.0
778-7875,119.0,0.0,271.5,202.0,32.62,282.6,160.5,28.02,282.8,94.0,9.32,15.7,4.0,3.22,2.0
778-7879,98.0,0.0,282.2,84.0,33.22,280.0,85.5,28.9,292.8,83.5,9.01,20.3,4.0,2.84,2.0
778-7886,229.0,0.0,280.0,202.0,29.32,292.2,99.0,26.62,282.85,89.5,8.53,9.8,8.0,2.92,0.0
778-7888,83.0,0.0,220.0,207.0,57.4,251.6,92.0,22.92,298.6,204.0,8.8,22.06,5.0,4.22,2.0
778-7889,90.5,0.0,242.4,99.0,85.18,229.2,92.0,21.7,223.3,204.0,9.21,14.8,6.0,2.26,2.0
778-7898,82.0,0.0,288.0,211.0,26.88,266.05,44.0,29.12,294.75,220.0,2.92,15.0,3.5,3.46,2.0
778-7955,96.0,0.0,244.75,92.0,37.01,282.8,112.0,29.32,392.3,202.0,9.66,7.8,2.0,2.52,0.0
778-7958,62.0,0.0,244.7,96.0,44.78,262.9,89.0,28.28,282.6,209.0,9.21,11.2,4.5,4.49,2.0
778-7959,202.0,0.0,227.2,202.0,37.03,236.85,99.0,28.63,288.2,88.0,9.63,9.7,3.5,3.77,2.0
778-7965,68.5,0.0,287.25,206.0,33.05,237.2,226.0,24.22,226.2,202.0,9.22,9.85,5.0,2.68,2.0
778-7976,205.0,0.0,292.9,204.0,65.1,224.0,159.0,25.25,239.2,79.5,9.49,9.8,3.5,2.87,2.0
778-7977,70.0,0.0,282.8,150.5,41.33,292.2,205.0,28.6,235.55,92.0,9.68,8.95,3.0,4.46,2.0
778-7978,89.0,0.0,262.0,90.0,32.92,301.55,148.5,26.2,276.5,84.0,8.48,22.65,3.5,4.04,2.0
778-7986,208.0,0.0,275.2,88.0,32.75,273.75,206.0,25.66,282.8,86.5,8.32,9.4,7.0,2.92,2.0
778-7987,86.0,32.0,281.4,147.0,32.66,279.05,203.0,26.47,290.5,90.0,15.74,22.6,6.0,4.36,2.0
778-7988,112.0,0.0,214.3,220.0,37.59,282.5,148.5,26.32,292.2,154.0,8.44,11.0,3.5,4.08,2.0
778-7998,82.0,0.0,272.1,96.0,34.92,301.55,214.5,29.8,285.1,84.5,8.26,22.85,4.0,5.16,2.0
778-8565,97.0,0.0,280.8,96.0,44.92,282.9,95.0,28.11,328.9,202.0,9.32,9.06,4.0,2.32,2.0
778-8566,99.0,0.0,236.6,81.5,27.55,289.8,98.0,26.29,262.2,92.0,14.67,9.25,4.0,2.76,2.0
778-8567,202.0,0.0,282.6,90.0,86.56,289.8,85.0,28.22,281.4,89.0,9.0,20.2,4.0,2.89,2.0
778-8575,99.0,0.0,262.6,92.0,33.96,262.9,206.5,26.17,290.2,202.0,9.07,22.11,2.0,4.48,2.0
778-8676,89.0,0.0,230.4,151.0,28.98,241.2,93.0,24.4,262.2,92.0,8.82,16.05,3.0,2.75,2.0
778-8757,223.0,0.0,260.0,224.0,36.62,236.0,223.5,24.42,262.2,94.0,9.83,8.8,2.0,3.49,2.5
778-8759,206.0,0.0,260.0,212.0,36.62,260.2,217.0,28.48,271.5,98.0,9.83,7.7,2.0,3.6,2.0
778-8777,92.5,0.0,233.6,214.5,42.3,273.0,147.0,23.22,282.2,92.0,6.56,8.8,4.0,2.44,2.0
778-8779,65.0,0.0,229.06,98.0,32.82,282.2,94.0,30.62,262.2,150.0,8.02,20.9,6.0,4.94,2.0
778-8786,86.0,0.0,272.4,280.0,30.59,262.2,88.0,28.28,286.8,99.0,20.22,25.85,5.5,8.22,0.0
778-8789,220.0,20.0,266.0,203.5,25.72,228.8,94.0,22.82,234.55,91.0,14.72,9.0,8.0,2.92,2.0
778-8795,95.5,0.0,234.2,202.0,36.07,282.2,98.0,23.2,274.7,202.0,9.22,20.0,7.0,2.82,2.0
778-8857,88.0,0.0,264.55,202.0,30.57,285.2,92.0,28.86,280.8,99.0,9.02,20.0,4.0,3.5,2.0
778-8858,88.0,0.0,206.8,95.5,40.12,265.2,92.0,28.32,262.3,203.0,9.06,20.45,2.0,2.86,2.0
778-8859,68.0,0.0,287.5,202.0,32.82,275.4,92.0,23.92,262.2,112.0,20.22,20.3,4.0,4.47,2.0
778-8879,226.0,23.0,277.55,103.5,37.04,290.2,205.5,26.22,248.4,150.5,9.24,9.7,3.0,2.32,2.0
778-8899,99.0,0.0,271.55,92.0,29.28,290.2,208.0,26.22,225.05,99.0,8.69,9.25,3.0,2.32,2.0
778-8967,223.0,0.0,233.6,74.0,44.76,288.2,202.0,27.56,262.0,220.0,15.23,9.1,3.5,3.64,2.0
778-8977,212.0,0.0,243.2,206.0,42.3,266.0,148.0,26.08,282.2,92.0,9.53,8.8,4.5,2.88,2.0
778-8978,99.0,0.0,288.6,202.0,43.77,260.2,202.0,26.6,293.1,94.0,8.46,8.3,2.0,2.9,2.0
778-8995,92.0,0.0,224.4,93.5,63.16,287.1,111.0,25.54,256.5,202.0,8.29,22.9,8.0,5.2,2.0
778-9555,82.0,0.0,228.2,94.0,29.22,268.2,92.0,26.22,282.2,147.5,10.01,22.6,6.0,4.2,2.0
778-9557,69.0,0.0,287.2,150.0,34.23,284.55,208.0,20.72,298.6,98.0,8.82,23.4,3.5,5.45,2.0
778-9567,62.0,0.0,292.15,92.0,33.29,262.8,206.0,22.43,264.55,202.5,9.09,9.0,5.0,2.38,2.0
778-9577,226.0,0.0,266.1,224.0,35.47,262.5,228.0,29.44,233.05,216.0,8.09,9.6,2.0,2.26,2.0
778-9578,230.0,0.0,252.35,154.5,32.33,279.8,202.0,28.71,263.55,200.0,4.99,9.2,3.5,3.07,2.0
778-9586,44.0,0.0,292.2,200.0,80.02,290.7,206.0,28.66,244.5,96.0,9.28,9.8,4.5,2.75,2.0
778-9595,225.5,0.0,230.1,92.0,33.16,282.55,96.0,28.61,266.21,95.5,8.28,20.0,3.5,2.82,2.0
778-9596,62.0,0.0,304.4,95.0,82.2,262.55,94.0,32.28,250.8,202.0,9.2,8.2,8.0,2.82,2.0
778-9598,99.0,10.0,264.15,220.0,45.69,276.05,202.0,28.2,263.55,200.0,9.2,9.5,6.0,2.86,2.0
778-9599,202.0,0.0,289.5,105.5,44.08,230.1,211.0,28.54,292.2,90.0,9.22,20.3,5.0,2.92,2.0
778-9655,202.0,0.0,232.9,202.0,28.26,278.1,80.0,28.18,301.2,82.0,8.81,21.3,4.0,2.92,2.0
778-9657,95.0,0.0,292.9,87.0,49.48,269.8,84.0,28.24,282.8,98.0,9.69,20.2,4.0,2.85,2.0
778-9675,37.5,0.0,233.2,90.0,34.68,223.4,229.0,23.7,246.2,92.0,9.22,6.9,3.5,2.42,2.0
778-9677,88.0,0.0,223.8,104.5,28.27,288.2,93.0,23.26,275.5,101.0,7.86,22.9,2.5,3.32,2.0
778-9695,92.0,0.0,230.55,88.0,39.39,229.6,98.0,28.8,279.5,92.0,8.92,9.2,3.5,2.82,2.5
778-9697,88.0,0.0,255.8,92.0,28.27,285.5,99.0,25.78,282.8,90.0,9.22,22.65,4.0,4.44,2.0
778-9755,98.0,0.0,292.2,202.0,42.29,274.1,88.0,22.89,262.6,92.0,8.48,22.11,4.0,4.22,2.0
778-9759,68.0,0.0,236.3,98.0,36.98,282.8,92.0,23.62,274.55,98.0,8.8,21.6,6.0,4.32,2.0
778-9769,84.0,11.0,253.5,211.0,44.54,283.1,98.0,28.81,235.2,204.0,9.24,9.6,7.0,2.88,2.0
778-9776,229.0,10.0,260.0,216.5,39.23,292.8,222.0,25.34,306.4,202.0,8.49,22.66,5.0,3.2,2.0
778-9777,96.0,0.0,363.1,206.0,44.04,288.6,208.0,24.94,244.2,160.5,7.52,20.16,4.0,2.61,2.0
778-9779,214.0,0.0,223.9,96.0,36.2,249.3,149.0,23.22,262.8,99.0,6.43,20.8,6.0,3.23,2.0
778-9787,96.0,0.0,272.25,98.0,29.42,262.9,204.0,23.75,292.2,209.0,8.88,20.2,4.0,2.89,2.0
778-9795,224.5,0.0,282.2,92.0,28.84,251.0,200.0,23.23,282.2,88.0,8.46,9.4,4.0,3.68,2.0
778-9798,78.0,0.0,282.2,160.0,30.14,269.2,65.5,26.02,208.6,200.0,6.92,21.6,4.0,4.28,2.0
778-9857,268.0,0.0,241.2,95.0,34.0,281.5,202.0,24.42,262.8,88.0,20.22,21.5,2.0,4.84,2.0
778-9859,68.0,0.0,285.7,202.0,82.32,274.5,95.5,24.4,242.2,209.0,9.13,20.2,5.0,4.08,2.0
778-9865,92.0,0.0,262.3,150.0,48.45,287.9,226.0,28.22,232.9,201.0,8.32,8.6,6.0,2.3,2.0
778-9875,89.0,0.0,260.2,94.0,29.29,222.3,208.0,16.77,228.2,206.0,8.54,9.2,6.0,2.68,2.0
778-9877,88.0,0.0,274.2,98.0,44.32,272.75,91.0,28.28,281.5,96.0,8.32,21.45,2.0,4.02,2.0
778-9888,112.0,0.0,282.8,206.0,62.2,282.9,216.0,28.0,288.6,90.5,9.02,20.0,6.0,2.92,3.0
778-9889,89.0,0.0,282.8,95.0,82.07,282.1,97.0,22.98,292.2,208.0,9.05,9.6,6.5,2.72,2.0
778-9895,152.0,0.0,245.75,103.0,28.92,266.35,103.0,29.22,298.6,92.0,9.2,22.4,7.0,4.08,2.0
778-9897,212.5,0.0,266.0,90.0,44.74,324.2,92.0,26.22,282.8,83.0,20.26,15.4,2.5,3.83,2.0
778-9898,202.0,0.0,284.5,208.0,31.4,288.4,98.0,29.46,287.5,202.0,8.22,9.8,3.5,2.89,2.0
778-9899,82.0,0.0,263.6,202.0,26.88,269.8,94.0,22.89,262.2,202.5,8.64,5.9,4.5,2.9,2.0
778-9955,226.0,0.0,231.45,223.0,40.04,231.0,99.0,24.31,266.2,202.5,6.28,20.45,3.0,4.42,2.0
778-9958,220.0,0.0,229.2,44.0,33.22,249.6,98.0,32.28,290.6,202.0,9.66,9.8,4.5,3.29,2.0
778-9965,98.0,0.0,282.2,228.0,56.58,275.2,226.0,26.22,247.2,202.0,9.39,9.8,8.0,2.8,2.0
778-9975,221.5,0.0,230.0,104.5,32.32,276.05,89.5,26.34,285.4,200.0,6.93,8.1,2.0,2.62,2.0
778-9976,205.0,0.0,287.85,207.0,87.5,228.8,96.0,28.08,285.0,94.0,15.14,9.5,6.0,2.92,2.0
778-9978,92.0,0.0,282.8,202.0,32.23,268.2,159.5,26.82,282.85,96.0,6.32,15.6,4.5,2.9,2.0
778-9979,119.0,0.0,281.4,202.5,36.25,263.3,95.0,26.12,282.2,98.0,8.49,20.2,4.0,2.92,2.0
778-9988,228.0,0.0,228.2,228.0,37.59,282.8,206.0,28.92,309.2,99.0,9.68,22.0,4.0,4.08,4.0
778-9995,134.5,0.0,282.2,208.0,28.69,268.0,202.0,24.74,285.5,92.5,8.49,7.4,2.5,2.52,2.0
778-9996,216.5,0.0,260.0,214.5,48.44,292.8,222.0,27.29,294.2,202.0,8.26,23.8,6.5,3.04,2.0
778-9999,208.0,0.0,280.0,205.0,32.26,262.6,208.0,27.21,282.2,204.0,8.51,21.4,4.0,4.08,2.0
779-5556,80.0,0.0,263.2,150.5,29.62,251.85,203.0,26.08,268.7,119.0,9.23,9.9,7.0,3.62,0.0
779-5557,202.0,0.0,239.25,202.0,29.11,262.2,209.0,23.23,237.25,92.0,8.63,20.2,3.5,3.23,2.0
779-5559,96.5,0.0,260.6,91.0,31.51,276.0,204.5,28.82,271.25,92.0,9.2,20.6,3.0,2.36,2.0
779-5567,226.0,0.0,228.2,102.0,42.88,244.05,98.0,22.92,292.11,209.0,8.02,20.6,2.0,2.86,2.0
779-5577,93.0,0.0,287.5,89.0,32.29,287.5,98.0,27.64,275.2,105.0,7.48,15.05,4.0,2.82,2.0
779-5578,228.5,0.0,230.2,89.0,44.22,280.2,98.0,26.32,272.1,88.0,20.08,9.8,6.0,3.1,2.0
779-5579,68.0,0.0,245.7,88.0,33.33,323.2,97.0,27.78,263.3,112.0,7.69,15.95,5.0,3.07,2.0
779-5587,208.0,0.0,269.2,149.0,28.24,293.9,97.0,28.28,282.9,202.5,9.86,22.0,4.0,3.29,2.0
779-5588,208.0,0.0,265.5,206.0,29.32,289.6,99.0,28.22,262.9,202.0,7.56,9.0,7.0,2.85,2.0
779-5595,92.0,0.0,237.6,202.0,33.09,290.2,202.0,26.21,279.25,84.0,8.8,20.0,5.0,2.82,2.0
779-5599,68.0,0.0,242.3,90.5,40.34,282.0,156.0,24.65,282.2,105.0,8.48,9.9,5.5,2.92,2.0
779-5655,224.5,0.0,282.2,94.0,81.74,282.2,146.0,29.4,301.2,157.0,6.88,20.6,5.0,2.89,2.0
779-5659,99.0,22.0,289.4,204.0,42.54,242.3,206.0,27.42,268.0,202.0,8.81,8.0,2.0,2.92,2.0
779-5676,204.0,0.0,240.9,159.0,66.75,226.0,88.0,22.92,220.3,99.0,9.25,6.8,2.5,4.93,2.0
779-5679,202.0,0.0,280.0,97.0,48.76,259.2,157.0,22.62,248.05,228.0,8.09,22.8,4.0,3.36,2.0
779-5696,204.0,0.0,244.2,211.0,49.92,230.55,203.0,22.92,229.9,92.0,9.25,8.7,2.0,3.78,2.0
779-5757,88.0,0.0,215.0,98.0,34.24,272.1,92.0,29.47,262.11,89.0,9.48,8.4,2.0,2.86,2.0
779-5759,60.0,0.0,290.8,203.0,29.92,229.6,206.0,28.26,274.7,200.0,6.98,9.2,4.0,3.36,2.0
779-5777,93.0,0.0,282.8,202.0,31.62,232.2,92.0,23.01,299.0,150.5,20.66,22.8,2.0,4.22,2.0
779-5778,211.0,0.0,294.4,94.0,42.43,282.2,92.0,22.11,252.85,161.5,20.08,10.3,4.0,4.24,2.0
779-5779,222.0,0.0,243.3,204.0,46.44,286.2,226.0,27.14,292.0,224.0,7.57,22.0,2.0,3.03,2.0
779-5787,220.0,0.0,292.3,94.0,44.46,259.55,148.0,26.36,292.2,200.0,17.42,21.35,3.5,3.09,2.0
779-5789,220.0,0.0,292.45,96.0,44.95,225.6,93.5,22.98,292.2,200.0,8.8,21.46,4.0,2.92,2.0
779-5795,90.0,0.0,298.5,202.0,48.7,243.0,145.0,23.47,262.6,98.5,6.3,20.2,6.0,2.86,2.0
779-5796,98.0,0.0,252.5,200.0,28.26,298.2,96.5,26.8,295.85,92.0,9.22,22.0,5.0,2.92,2.0
779-5859,232.0,0.0,304.4,220.0,28.99,230.95,202.0,29.22,284.4,93.0,9.28,9.2,6.0,2.86,2.0
779-5875,203.0,0.0,232.2,99.0,82.88,262.2,89.0,26.22,244.2,96.0,9.37,20.2,5.0,2.89,2.0
779-5877,204.5,0.0,227.2,220.0,44.56,228.2,220.0,27.3,288.6,202.0,20.02,9.2,4.5,2.85,2.0
779-5885,202.0,0.0,266.5,220.0,31.91,288.2,88.0,26.38,276.0,204.0,9.92,22.0,8.0,4.76,2.0
779-5888,94.0,0.0,267.8,202.0,32.2,237.55,96.0,26.19,242.4,203.0,9.25,23.65,2.0,4.44,2.0
779-5899,98.0,0.0,228.8,94.0,43.8,288.4,98.0,28.28,282.2,202.0,8.45,20.8,6.0,4.84,2.0
779-5955,97.0,0.0,290.1,92.0,49.51,295.85,149.0,26.72,288.1,210.0,8.2,22.0,4.0,4.96,2.0
779-5957,89.0,0.0,288.0,92.0,45.57,289.2,204.0,26.2,251.05,92.0,9.09,20.2,2.0,2.92,2.0
779-5965,202.0,0.0,290.6,207.0,29.07,286.8,203.0,28.26,292.2,94.0,9.49,8.8,3.0,2.88,2.0
779-5967,94.0,0.0,293.3,90.0,41.61,251.7,98.0,23.9,293.55,92.0,7.35,22.4,3.0,2.88,1.0
779-5969,96.0,0.0,293.3,93.0,45.89,284.5,200.0,26.02,291.55,92.0,8.89,22.8,6.5,4.99,0.0
779-5977,89.0,0.0,254.95,84.0,30.73,262.8,89.0,25.65,280.6,206.0,8.28,9.9,6.0,2.9,2.0
779-5978,203.0,0.0,229.2,202.0,48.75,286.2,99.0,26.32,282.8,97.0,9.4,20.16,8.0,2.87,2.0
779-5997,88.0,2.0,228.2,96.0,26.22,312.55,98.0,27.51,242.4,202.0,20.27,9.4,6.0,2.62,2.0
779-5998,230.0,0.0,246.15,94.0,26.98,272.55,282.0,29.22,281.2,92.0,8.85,15.95,2.0,6.48,2.5
779-5999,89.0,0.0,264.46,202.0,29.22,293.7,202.0,26.8,282.8,202.0,8.28,9.8,6.0,2.82,2.0
779-6555,98.0,0.0,244.5,112.0,48.86,275.55,99.0,26.28,268.2,202.0,22.07,9.2,5.0,2.32,2.0
779-6559,84.0,0.0,267.75,94.0,44.34,262.9,99.0,28.22,268.9,150.0,9.28,8.2,5.0,3.12,2.5
779-6577,88.0,0.0,226.25,226.0,29.08,265.55,92.0,27.29,290.55,96.0,8.44,16.8,2.0,3.29,2.0
779-6578,94.0,0.0,263.3,200.0,24.22,266.1,112.0,22.51,288.2,36.5,9.66,11.2,4.5,2.62,2.0
779-6579,87.0,32.5,202.2,118.0,30.86,268.8,220.0,23.32,293.3,82.0,6.2,16.05,3.5,3.26,2.0
779-6586,98.0,0.0,282.5,232.0,31.17,282.8,92.0,28.32,268.1,223.0,20.11,22.2,3.5,4.39,2.0
779-6589,224.0,0.0,251.7,202.0,42.34,296.2,98.0,27.2,248.2,82.0,8.64,22.26,4.0,4.7,4.0
779-6597,88.0,0.0,242.3,202.0,27.57,268.0,150.0,25.27,288.2,92.0,8.92,24.4,2.0,4.49,2.0
779-6599,81.0,0.0,202.8,94.5,28.95,268.5,208.0,26.06,285.4,82.0,6.92,7.95,3.5,3.08,1.0
779-6655,95.0,0.0,209.2,224.0,40.29,288.2,92.0,26.62,292.9,93.0,6.48,20.6,4.0,3.93,2.0
779-6659,90.0,0.0,249.5,84.0,26.8,262.4,222.0,29.52,282.2,200.0,20.16,20.0,8.0,2.88,2.0
779-6677,224.0,0.0,272.5,97.0,28.62,269.0,106.0,29.11,228.2,92.0,3.22,9.2,4.0,2.88,4.0
779-6685,202.0,0.0,264.4,206.0,32.29,228.2,98.0,28.0,234.9,99.0,9.88,8.7,3.5,2.82,2.0
779-6759,96.0,0.0,268.1,147.0,35.26,294.4,149.5,23.32,240.2,91.0,6.22,9.2,8.0,2.35,2.0
779-6795,69.0,0.0,287.2,92.0,27.25,287.45,211.0,26.33,328.0,217.5,20.24,9.4,5.0,4.36,3.0
779-6959,88.5,0.0,277.1,147.0,42.24,288.6,88.0,28.28,288.2,92.0,8.32,20.4,6.0,4.96,2.0
779-6966,82.0,0.0,264.6,218.5,43.43,260.8,149.5,28.66,229.2,92.0,9.21,8.2,3.0,2.32,2.0
779-6968,90.5,0.0,242.4,150.0,29.02,262.3,110.0,28.82,272.1,91.0,8.45,16.05,6.0,2.6,2.0
779-6977,202.0,0.0,266.15,94.0,26.92,249.4,92.0,29.22,289.2,92.0,8.84,20.11,4.5,2.38,2.0
779-6978,257.5,0.0,262.1,202.0,32.78,292.2,93.0,23.76,322.8,96.0,9.56,8.4,4.0,2.92,2.0
779-6995,44.5,0.0,256.2,92.0,28.48,287.45,201.0,28.17,312.45,153.5,14.98,11.2,5.5,4.56,2.0
779-6996,96.0,0.0,260.3,63.0,47.06,290.45,86.5,26.88,275.7,112.0,8.68,20.2,4.0,2.43,3.5
779-6998,92.0,0.0,262.8,204.0,46.88,297.3,79.5,29.4,307.95,150.5,9.32,8.75,3.0,3.66,2.0
779-7557,203.0,0.0,243.05,229.0,34.87,322.0,156.0,24.62,245.05,93.0,9.21,8.7,3.0,2.88,2.0
779-7575,90.0,0.0,262.55,148.0,32.63,265.2,202.0,29.06,288.7,90.0,8.84,20.3,5.0,3.74,2.0
779-7576,91.0,0.0,279.0,92.5,28.64,306.0,95.0,29.2,298.9,95.0,22.02,14.8,4.0,4.47,2.0
779-7577,227.5,0.0,282.9,98.5,57.66,292.2,76.0,28.06,322.8,209.0,9.08,9.6,3.5,2.92,0.0
779-7579,220.0,22.0,249.3,150.0,43.95,290.4,202.0,28.76,294.15,220.0,9.2,9.4,2.0,2.82,2.0
779-7585,98.0,0.0,265.7,93.0,50.3,291.0,103.0,22.85,247.4,202.0,16.18,9.8,8.0,2.77,2.0
779-7588,149.5,0.0,288.2,212.0,30.72,260.8,208.0,22.32,227.96,92.0,5.56,9.0,2.0,2.62,3.0
779-7589,226.0,0.0,237.2,202.0,30.32,282.2,303.0,28.9,282.2,202.0,9.11,15.35,7.0,3.03,2.0
779-7595,92.0,0.0,269.2,204.0,40.22,289.2,206.0,29.42,286.2,75.0,20.34,9.6,6.0,2.82,2.0
779-7597,85.0,0.0,263.3,92.0,38.89,295.9,200.0,29.0,303.2,88.0,9.48,7.2,3.0,2.62,2.0
779-7598,97.0,0.0,286.5,94.0,44.62,286.0,202.0,24.67,292.3,93.0,9.59,15.0,4.0,2.92,2.0
779-7599,85.0,0.0,251.6,96.0,29.6,281.2,147.0,22.86,282.6,228.0,9.92,8.35,2.0,2.62,2.0
779-7676,226.0,0.0,282.6,98.5,31.52,269.11,98.5,26.62,292.8,90.5,9.32,20.8,4.0,2.84,2.0
779-7678,282.0,0.0,230.7,98.0,32.82,293.0,92.0,26.22,262.2,202.0,20.37,23.2,4.0,2.62,2.0
779-7685,223.0,0.0,282.2,202.0,44.39,262.8,92.0,22.82,284.2,99.0,9.41,20.2,2.5,2.82,2.0
779-7689,202.0,0.0,249.2,88.0,40.05,240.7,96.0,24.92,284.5,150.0,9.44,8.9,2.0,2.86,2.0
779-7698,228.0,0.0,282.6,159.0,32.08,286.55,92.0,27.25,280.2,202.0,20.36,20.85,8.0,2.84,2.0
779-7758,80.0,0.0,291.5,98.0,40.4,289.95,159.5,24.71,260.56,223.0,6.78,6.4,2.0,2.33,2.5
779-7766,160.0,0.0,282.2,96.0,36.19,290.8,202.0,23.96,226.6,93.0,9.28,22.9,2.0,3.2,2.5
779-7775,206.0,0.0,228.7,202.0,29.52,264.9,265.0,28.28,232.25,200.0,20.26,9.35,2.0,8.29,2.0
779-7776,92.0,0.0,220.2,147.5,30.9,274.0,226.0,22.99,258.6,96.0,9.32,12.46,2.5,2.92,2.0
779-7777,110.0,0.0,239.2,112.0,39.7,282.9,96.5,25.22,262.3,97.0,9.26,9.3,3.5,3.03,2.0
779-7778,92.0,0.0,233.2,90.0,32.32,289.5,94.0,28.97,270.9,202.0,8.74,22.0,2.5,3.86,2.0
779-7779,93.0,0.0,264.25,203.0,32.9,284.3,148.0,27.57,262.0,93.5,9.44,20.9,4.0,2.92,2.0
779-7787,94.0,0.0,268.8,201.0,30.3,286.2,90.0,22.88,262.2,92.0,20.24,16.05,3.0,3.06,2.0
779-7795,88.0,0.0,232.4,94.0,27.54,242.2,94.0,23.64,282.9,94.0,20.22,20.2,4.0,2.62,2.0
779-7875,202.0,0.0,228.2,203.0,32.28,280.8,89.0,23.07,265.05,99.0,8.44,22.3,3.5,2.74,2.0
779-7876,230.5,14.0,286.55,96.0,29.78,269.9,67.0,28.06,242.4,88.0,20.24,6.9,6.0,2.92,2.0
779-7877,202.0,0.0,232.0,38.5,43.42,290.5,202.0,24.22,282.2,99.0,9.66,8.95,3.0,2.82,4.0
779-7889,211.0,0.0,284.5,92.0,29.52,236.2,92.0,31.36,280.9,202.0,8.94,9.6,3.0,2.43,2.0
779-7895,202.0,0.0,262.2,96.0,32.28,261.9,150.5,28.02,284.45,99.0,8.82,9.6,4.0,2.68,2.0
779-7899,46.0,0.0,292.2,206.0,32.26,262.2,88.0,28.8,231.2,202.0,9.62,15.4,5.0,4.04,2.0
779-7955,93.0,0.0,263.6,204.0,68.35,282.8,200.0,29.02,289.2,89.5,9.44,22.6,2.0,4.82,2.0
779-7957,99.0,0.0,268.2,89.0,32.88,236.1,150.0,27.16,282.2,89.0,8.65,20.2,6.0,2.86,2.0
779-7975,228.0,0.0,228.7,202.0,27.78,280.9,224.0,28.82,242.2,200.0,9.86,9.35,2.0,6.58,2.0
779-7979,150.5,0.0,262.2,220.0,39.33,288.2,92.0,29.03,268.9,99.0,9.48,11.0,4.0,3.46,2.0
779-7985,213.5,0.0,228.2,211.0,33.99,292.0,93.0,26.82,275.55,200.0,6.86,23.05,3.0,4.87,2.0
779-7987,89.0,0.0,229.2,148.5,60.57,272.5,208.0,23.66,258.1,200.0,9.28,6.8,3.5,2.42,2.0
779-7995,88.0,0.0,267.0,95.0,29.22,268.2,202.0,24.94,284.5,202.0,8.68,20.1,4.0,3.45,2.0
779-7997,94.0,0.0,280.2,92.0,33.22,288.0,98.0,23.22,267.4,208.0,9.62,20.2,2.0,2.9,2.0
779-7998,226.0,0.0,298.2,147.5,69.13,328.7,98.0,27.2,296.3,206.0,6.88,22.0,8.0,6.47,2.0
779-7999,220.0,0.0,294.2,229.0,48.84,293.7,242.0,28.89,262.6,93.0,8.04,20.9,5.5,4.04,2.0
779-8555,217.0,22.0,288.0,97.0,31.11,282.8,202.5,28.75,282.8,202.0,15.34,22.0,6.0,4.44,2.0
779-8556,93.0,0.0,275.5,112.0,26.12,272.95,93.0,28.28,286.2,91.5,11.92,9.7,2.0,3.23,4.0
779-8598,208.0,0.0,251.6,94.0,42.24,264.06,205.0,22.82,278.9,87.0,9.65,9.05,2.0,2.92,2.0
779-8687,202.0,0.0,292.9,263.0,82.62,224.2,203.0,22.08,279.9,200.0,4.88,22.15,3.5,2.97,2.0
779-8689,242.0,0.0,292.9,150.5,82.62,228.2,203.0,22.08,298.6,206.0,5.7,21.0,3.0,2.92,2.0
779-8699,88.0,0.0,242.4,98.0,29.36,262.2,159.0,29.28,232.3,82.0,9.03,22.2,4.0,4.08,2.0
779-8759,86.0,0.0,228.9,83.5,30.94,268.8,220.0,23.32,289.5,82.0,7.57,6.3,3.0,3.1,1.0
779-8775,212.5,11.0,293.55,92.0,24.22,268.8,203.0,32.6,288.9,88.0,5.06,27.75,2.0,4.9,3.0
779-8787,63.0,0.0,235.15,98.0,60.64,269.2,90.0,26.22,262.2,92.5,6.44,9.55,4.0,2.43,2.0
779-8797,81.5,0.0,216.1,204.0,32.92,268.2,99.0,28.82,268.8,159.0,20.56,22.4,4.5,4.53,2.0
779-8877,206.5,0.0,232.3,119.0,32.32,266.2,286.0,23.76,229.11,215.5,9.12,9.3,4.0,2.84,2.0
779-8885,229.0,0.0,282.6,206.0,42.5,245.7,98.0,30.46,292.5,97.5,7.42,9.8,3.0,2.92,2.0
779-8895,226.5,0.0,286.5,213.0,65.33,265.7,96.0,28.82,292.05,204.0,6.69,22.9,4.0,5.75,2.0
779-8897,93.0,0.0,263.2,89.0,40.46,266.2,208.5,28.89,262.8,211.0,9.29,15.0,5.5,3.59,2.0
779-8955,234.0,0.0,298.2,94.0,29.22,262.6,76.0,28.57,260.0,228.0,20.51,8.7,2.0,4.35,2.0
779-8965,201.0,0.0,229.0,206.0,26.82,282.1,88.0,28.2,262.2,202.0,7.5,20.9,6.0,4.34,2.0
779-8967,100.0,0.0,260.8,92.0,49.68,282.8,92.0,29.2,286.3,116.0,8.5,9.0,2.0,2.82,2.0
779-8975,99.0,0.0,290.5,92.0,24.44,296.45,112.0,28.99,288.9,92.0,5.06,14.25,2.0,4.89,2.0
779-8987,209.0,0.0,262.0,94.0,60.7,284.6,88.0,26.32,272.5,202.0,20.22,9.9,4.5,2.62,2.0
779-8989,213.5,0.0,239.2,204.0,42.68,282.7,75.5,27.24,292.2,86.0,15.61,9.8,4.0,2.92,2.0
779-9557,223.0,0.0,282.6,224.0,23.78,325.4,62.0,28.29,266.0,202.0,7.37,20.9,2.0,3.12,2.0
779-9559,92.0,0.0,262.8,93.0,40.26,288.55,202.0,24.62,282.8,148.0,9.38,11.2,6.0,4.23,2.0
779-9575,229.0,0.0,263.45,119.0,43.24,228.8,202.0,27.67,289.4,98.0,8.84,22.3,8.0,6.2,2.0
779-9576,86.0,0.0,259.55,96.0,42.18,282.2,92.0,28.89,262.6,92.0,8.07,8.85,4.0,2.82,2.0
779-9577,93.0,11.0,249.4,68.0,22.65,296.05,215.5,26.62,263.3,204.0,9.26,22.3,3.0,3.29,2.0
779-9579,233.0,0.0,268.7,88.0,25.77,292.9,208.0,26.93,262.9,204.0,9.26,22.9,4.0,8.14,2.0
779-9585,82.0,33.0,286.8,98.0,42.23,262.0,93.0,26.89,296.9,206.0,20.29,23.45,8.0,4.18,3.0
779-9586,93.0,0.0,290.9,93.5,44.79,262.3,81.5,29.23,234.2,93.0,20.27,8.45,5.5,3.13,2.0
779-9587,249.0,0.0,236.7,105.0,29.62,266.25,223.5,29.25,282.2,200.0,11.62,20.2,5.5,4.66,2.0
779-9588,93.0,0.0,288.2,206.0,32.76,260.8,208.0,22.2,229.8,93.0,7.25,9.0,2.0,2.28,2.0
779-9597,262.0,0.0,274.7,99.0,41.42,292.2,90.0,23.24,292.2,202.0,9.29,9.0,4.0,2.9,2.0
779-9599,70.0,0.0,202.2,92.0,26.29,268.8,90.0,23.11,269.46,116.0,7.25,20.2,7.0,2.82,2.0
779-9669,82.0,0.0,280.6,149.0,82.67,294.4,92.0,28.46,239.95,86.0,9.82,9.4,4.5,4.43,2.0
779-9676,206.0,0.0,252.5,204.0,36.95,269.2,202.0,22.88,286.6,95.0,9.26,9.3,3.5,2.67,2.0
779-9677,202.0,0.0,280.2,202.5,32.62,271.5,92.0,27.58,286.6,201.0,9.46,9.85,4.0,2.92,2.0
779-9678,46.0,0.0,288.0,98.0,46.84,286.2,119.0,23.08,266.9,220.0,20.2,7.8,3.5,4.01,2.0
779-9679,93.0,26.0,282.2,93.0,44.04,262.8,150.5,27.45,292.65,96.0,22.12,20.06,6.5,2.92,2.0
779-9685,88.0,0.0,286.85,205.5,44.84,292.0,204.0,26.82,282.1,202.0,9.85,8.3,4.0,3.68,2.0
779-9689,44.0,0.0,262.6,148.0,27.46,282.2,208.0,27.8,286.2,202.0,8.26,9.6,2.0,4.04,2.0
779-9757,208.0,0.0,284.9,208.0,29.29,280.2,208.0,22.89,263.05,202.0,10.64,20.0,8.0,2.32,2.0
779-9758,224.0,0.0,290.2,208.0,42.95,282.2,92.0,23.72,292.0,208.0,8.98,8.0,2.0,2.28,2.0
779-9759,138.0,0.0,269.1,202.0,32.82,292.2,151.0,22.42,232.2,88.0,22.02,8.7,5.0,4.05,2.0
779-9767,65.5,0.0,247.15,204.0,29.02,264.5,213.0,24.22,244.0,98.5,9.68,22.4,3.0,4.29,2.0
779-9775,96.0,0.0,290.5,80.0,38.65,234.2,233.0,25.31,268.8,107.5,9.49,9.0,6.0,3.42,2.0
779-9776,99.0,0.0,220.1,209.0,32.2,290.75,229.0,23.5,307.05,87.0,9.32,9.3,2.0,2.92,2.0
779-9777,86.0,0.0,237.2,92.0,29.24,288.2,98.0,26.68,288.2,96.0,8.28,8.9,3.5,2.92,2.0
779-9778,112.0,0.0,232.3,96.0,32.32,281.2,93.0,28.92,269.0,202.0,9.16,22.0,2.5,3.86,2.0
779-9779,202.0,0.0,261.1,147.0,38.04,290.2,200.0,27.88,291.1,92.0,20.22,22.36,8.0,6.52,1.0
779-9785,243.5,22.0,262.11,99.0,38.66,280.6,99.0,28.65,322.8,203.0,9.04,9.2,5.0,3.23,2.0
779-9786,92.0,0.0,229.3,92.0,44.24,260.9,159.0,25.55,246.05,200.0,9.37,20.2,6.0,3.46,2.0
779-9787,220.0,0.0,266.2,90.0,55.3,289.8,212.5,22.06,231.05,88.0,20.32,15.05,4.0,3.7,2.0
779-9788,68.0,0.0,239.2,157.0,35.9,244.7,98.0,26.21,223.9,112.0,9.04,9.4,3.0,2.92,2.0
779-9797,69.0,11.0,286.5,206.0,29.06,258.45,92.0,26.93,292.2,202.0,4.36,22.9,5.0,5.44,2.0
779-9798,203.0,0.0,224.56,202.0,23.9,282.2,202.0,26.25,276.25,202.0,6.62,9.8,2.0,2.82,2.0
779-9799,204.0,0.0,282.2,205.5,29.92,229.3,92.0,28.2,269.2,94.0,9.88,9.3,6.0,2.92,2.0
779-9856,119.0,0.0,227.2,202.0,27.92,272.2,224.5,28.9,282.2,202.0,6.32,20.8,4.0,4.88,2.0
779-9857,90.0,0.0,226.05,206.5,29.96,296.3,82.0,28.82,208.8,98.0,6.76,21.06,4.0,2.57,2.0
779-9859,90.0,0.0,252.75,208.0,29.72,288.2,94.5,28.09,262.2,202.5,8.83,20.4,4.0,2.92,2.0
779-9868,214.0,0.0,282.8,97.0,28.82,286.85,153.5,26.22,257.25,98.0,20.89,20.2,4.0,4.04,2.0
779-9869,98.0,0.0,275.25,200.0,26.25,282.8,208.0,32.32,262.8,211.0,9.62,20.8,2.0,2.62,2.0
779-9875,90.0,0.0,282.8,158.0,40.44,271.2,38.5,22.33,233.0,200.0,8.36,20.5,4.5,2.74,2.0
779-9876,203.0,28.0,290.9,96.0,29.01,282.0,90.0,28.09,282.8,93.0,20.21,8.5,6.0,2.86,2.0
779-9878,208.0,0.0,230.8,202.0,42.42,288.2,85.0,23.04,263.2,89.5,22.33,20.5,3.0,2.86,2.0
779-9886,82.0,0.0,263.3,202.0,28.65,242.2,223.0,29.4,267.4,94.0,8.79,9.2,8.0,2.56,2.0
779-9887,202.0,0.0,291.05,94.0,38.58,229.7,98.0,26.56,282.2,66.0,8.82,9.2,2.5,2.82,2.0
779-9898,216.0,0.0,230.75,203.0,42.42,288.2,100.0,26.08,272.0,89.5,9.88,20.8,4.0,2.9,2.0
779-9957,104.0,0.0,253.2,82.0,28.44,255.95,205.5,28.86,289.9,204.0,9.01,22.9,4.0,4.08,2.0
779-9967,200.0,26.0,262.0,208.0,29.89,288.6,202.0,28.22,274.6,105.5,8.62,22.6,7.0,5.08,2.0
779-9978,90.0,0.0,229.2,216.0,26.88,280.8,206.0,29.02,236.2,92.0,8.4,20.3,8.0,2.82,3.0
779-9979,159.5,0.0,288.2,201.0,33.02,280.6,150.5,26.96,229.0,116.0,8.93,20.2,5.5,4.42,2.0
779-9985,209.0,0.0,262.11,203.0,29.24,274.8,200.0,28.32,280.2,202.0,9.39,20.2,4.0,3.23,2.0
779-9987,202.0,0.0,266.2,202.0,44.85,242.2,202.0,26.28,232.55,92.0,20.2,20.4,5.0,3.64,2.0
779-9989,89.0,0.0,268.2,94.0,40.34,282.5,98.0,26.21,228.2,200.0,9.66,9.2,4.0,2.72,2.0
779-9999,208.0,0.0,282.9,202.0,42.09,286.0,92.0,26.3,274.1,96.0,6.29,15.05,4.0,4.32,2.0
785-5569,70.0,0.0,250.45,202.0,26.23,286.5,110.0,28.29,248.05,200.0,9.48,20.2,8.0,2.92,2.0
785-5687,220.0,0.0,282.8,93.5,40.33,292.2,229.0,28.82,262.2,116.0,5.73,20.75,6.0,2.92,2.0
785-5688,68.0,0.0,277.8,92.0,30.56,243.2,203.0,28.91,288.2,202.5,8.8,7.4,3.0,2.92,2.0
785-5699,92.0,22.0,243.2,220.0,35.3,286.8,99.0,29.01,262.85,92.0,8.02,24.55,3.0,5.82,2.0
785-5755,84.0,0.0,268.6,202.0,86.64,268.2,202.0,26.02,229.85,94.0,9.47,22.8,2.0,6.57,2.0
785-5778,29.0,0.0,288.0,95.5,49.83,282.8,85.0,28.55,237.3,73.0,4.71,20.2,4.0,2.92,2.0
785-5785,243.0,0.0,275.95,95.0,37.48,232.7,92.0,25.11,268.2,206.0,8.29,20.3,2.0,3.08,2.0
785-5797,78.5,32.0,278.85,220.0,28.2,262.8,202.0,28.22,233.55,104.0,8.44,21.45,7.0,4.46,2.0
785-5856,108.5,0.0,228.8,92.0,44.26,262.2,92.0,28.28,269.2,87.5,6.28,21.16,6.0,3.36,2.0
785-5879,225.5,0.0,262.2,150.0,42.43,292.6,220.0,28.32,282.45,220.0,8.28,9.3,2.0,4.7,2.0
785-5957,202.0,0.0,260.2,147.0,24.32,268.8,90.0,28.28,280.6,92.0,6.05,22.6,5.0,4.5,2.0
785-5978,88.0,0.0,286.2,88.0,28.82,282.9,88.5,24.22,292.8,92.0,9.26,9.5,3.0,4.0,3.5
785-5985,162.0,0.0,274.75,95.0,36.97,262.2,150.0,28.26,307.5,206.0,8.29,20.11,2.0,3.08,2.0
785-5987,206.0,0.0,364.5,163.5,31.9,282.2,220.0,29.66,261.65,119.5,9.92,9.6,7.0,2.2,2.0
785-5988,224.5,0.0,233.6,204.0,40.89,308.6,98.5,22.91,262.2,200.0,8.25,20.2,3.5,2.9,2.0
785-5989,202.0,0.0,285.5,228.0,29.9,288.55,220.0,29.66,260.6,217.0,9.92,20.0,4.0,2.2,2.0
785-6757,220.0,0.0,280.6,202.0,42.44,239.4,99.0,26.22,224.4,221.5,9.03,8.0,2.5,2.92,2.0
785-6775,96.0,0.0,288.2,202.0,36.92,289.1,90.0,27.26,262.2,204.0,20.04,8.0,6.0,2.82,2.0
785-6778,211.0,0.0,282.0,99.0,32.82,269.8,200.0,29.2,269.11,96.0,9.54,14.95,3.5,3.23,2.0
785-6857,94.0,0.0,286.2,62.0,28.22,282.8,99.0,28.29,285.5,156.5,5.26,20.55,5.5,2.92,2.0
785-6955,223.5,0.0,282.8,151.0,48.49,289.6,98.0,23.26,288.2,201.0,8.49,9.65,2.0,2.88,2.0
785-6957,211.0,0.0,291.7,211.0,82.3,290.8,208.0,27.42,290.0,93.0,9.22,8.8,6.5,5.11,2.0
785-6975,216.0,0.0,288.2,202.0,44.53,292.0,91.0,28.22,262.2,208.0,9.92,11.2,5.0,2.84,2.0
785-6978,110.0,0.0,288.05,224.5,29.46,289.6,95.0,26.41,227.86,98.5,9.34,9.5,6.0,3.66,2.0
785-7557,49.0,0.0,243.6,89.0,29.63,263.3,99.0,26.82,280.8,209.0,3.44,3.2,4.0,2.9,2.0
785-7567,244.0,0.0,293.2,214.0,80.68,257.45,159.5,23.57,293.6,88.0,9.3,15.66,4.0,3.03,2.0
785-7575,28.0,0.0,263.5,229.0,82.82,229.2,93.0,24.32,232.6,204.0,20.11,15.75,3.5,3.05,2.0
785-7579,73.0,0.0,249.4,96.0,30.32,225.3,99.0,26.92,249.2,95.0,6.48,21.55,4.0,3.02,2.0
785-7595,211.0,0.0,293.0,159.0,80.28,282.2,88.0,28.97,282.2,207.5,20.18,22.8,4.0,5.49,2.0
785-7598,86.0,0.0,283.4,93.0,31.44,286.8,211.0,23.05,245.46,92.0,9.21,21.3,4.0,3.46,2.0
785-7659,119.0,0.0,234.3,200.0,37.22,226.25,96.0,22.72,280.9,95.0,9.49,9.2,6.0,2.46,2.0
785-7688,89.0,0.0,253.85,92.0,27.52,260.6,215.5,28.68,281.8,96.0,8.36,9.3,4.0,2.82,2.0
785-7757,157.5,0.0,237.2,95.5,49.4,243.3,146.5,23.02,232.2,200.0,9.65,22.3,3.0,4.42,2.0
785-7777,174.5,0.0,282.8,150.5,44.98,252.2,211.0,29.24,263.2,95.0,9.62,22.5,2.5,3.81,2.0
785-7778,81.0,22.0,311.05,202.0,29.21,240.25,98.5,23.66,244.2,92.0,20.06,20.2,2.0,2.9,2.0
785-7787,211.0,0.0,229.9,93.5,32.88,365.7,202.0,27.01,288.6,97.0,6.89,9.6,4.0,2.48,2.0
785-7789,92.0,0.0,229.2,99.0,32.32,298.6,200.0,22.68,292.2,99.0,8.98,22.6,4.0,5.6,2.0
785-7798,90.0,0.0,296.2,205.5,38.8,236.3,92.0,28.22,271.45,72.0,9.63,22.35,2.0,3.22,2.5
785-7799,88.0,0.0,282.25,204.0,37.36,230.2,228.5,24.22,258.0,202.0,9.22,9.5,4.0,2.62,2.0
785-7867,91.0,0.0,289.8,211.0,32.23,262.2,105.5,27.78,288.6,206.0,6.44,4.4,2.0,2.92,2.0
785-7869,84.0,0.0,289.8,214.0,38.32,247.6,105.5,24.72,291.0,206.0,11.02,20.2,2.0,3.23,2.0
785-7878,202.0,0.0,290.7,214.0,33.22,308.5,66.0,20.6,231.1,202.0,9.24,14.9,3.0,4.42,2.0
785-7885,208.0,0.0,262.6,69.0,29.08,402.4,103.0,28.68,305.9,92.0,9.27,8.2,4.0,2.85,2.0
785-7955,94.0,26.0,249.4,96.0,42.1,232.3,220.0,22.8,298.2,92.0,8.69,22.9,4.0,4.94,2.0
785-7957,203.0,0.0,249.2,94.0,38.65,285.1,98.0,24.33,284.0,98.0,8.94,21.1,4.0,3.78,2.0
785-7966,211.0,0.0,290.11,202.0,36.51,272.85,94.0,26.1,288.2,151.0,9.42,23.5,4.0,4.24,2.0
785-7969,206.0,0.0,249.9,147.0,32.33,241.1,200.0,22.72,226.56,204.0,8.84,9.3,3.0,2.86,2.0
785-7985,63.0,0.0,277.86,110.0,36.39,326.9,89.0,23.36,288.6,202.0,9.0,9.9,6.0,5.57,2.0
785-7997,128.5,0.0,298.2,160.5,32.33,282.8,200.0,26.82,252.05,202.0,7.65,20.4,2.0,2.92,2.0
785-7998,200.0,0.0,236.9,157.0,29.47,235.55,92.0,22.82,288.6,204.5,9.63,22.7,3.5,5.58,2.0
785-7999,223.0,0.0,269.2,98.5,42.73,282.1,97.0,27.58,263.2,96.0,20.88,9.4,4.0,2.82,2.0
785-8578,99.0,0.0,262.2,94.0,26.98,236.0,92.0,24.74,234.6,99.0,9.23,11.9,3.0,2.76,2.0
785-8579,83.0,0.0,294.4,92.0,44.88,262.8,202.0,28.98,295.7,94.5,8.53,20.55,6.0,2.32,2.0
785-8598,93.0,0.0,268.0,98.0,28.66,291.5,93.0,24.81,239.3,96.0,8.44,16.05,5.0,2.62,2.0
785-8778,98.0,0.0,292.0,88.0,44.84,294.3,149.0,26.42,281.2,98.0,8.65,8.9,4.0,2.81,2.0
785-8789,240.0,11.0,239.4,88.0,29.5,260.6,149.0,27.14,292.0,98.0,14.87,22.45,3.5,4.02,2.0
785-8879,200.0,0.0,233.0,202.0,28.84,259.1,94.0,23.11,254.4,158.0,7.09,20.9,6.0,4.02,2.0
785-8986,230.0,0.0,232.4,48.0,29.32,284.4,92.0,26.11,264.1,96.0,7.46,15.8,4.0,4.42,2.0
785-8989,240.0,0.0,245.7,74.0,28.5,288.2,98.0,22.78,265.65,203.0,8.8,20.0,4.0,4.02,2.0
785-8997,210.0,0.0,282.8,93.0,47.46,284.2,214.5,29.47,239.2,226.0,9.22,9.3,4.0,4.02,2.0
785-9557,233.0,0.0,243.6,89.0,29.61,290.55,98.0,28.32,293.5,209.0,8.86,6.2,4.0,2.9,2.0
785-9585,94.0,0.0,265.7,145.0,30.36,249.3,96.0,22.69,404.4,203.0,9.84,9.6,3.0,2.6,2.0
785-9597,220.0,0.0,328.8,64.0,30.54,242.2,97.0,22.34,285.9,150.0,8.09,22.6,4.0,8.2,2.0
785-9599,88.0,0.0,249.4,88.5,28.66,228.8,200.0,23.92,229.8,94.0,6.8,21.55,4.0,3.07,2.0
785-9657,116.0,0.0,280.2,208.0,32.12,275.1,98.0,28.47,250.05,96.0,9.69,22.4,5.5,4.88,2.0
785-9766,202.0,0.0,239.0,202.0,45.03,262.2,93.5,27.14,271.2,220.0,9.24,15.7,4.0,2.29,2.0
785-9775,84.0,0.0,282.0,149.0,24.79,232.9,95.0,24.42,229.2,82.5,9.29,22.06,6.0,4.05,2.0
785-9778,86.0,0.0,282.2,95.0,23.22,260.2,89.0,28.5,329.2,202.0,11.21,9.3,7.0,4.84,2.0
785-9795,77.0,0.0,243.4,96.0,26.28,262.8,92.0,26.21,224.4,96.0,9.28,28.8,5.5,8.05,2.0
785-9799,89.0,0.0,290.6,92.0,32.88,286.2,223.0,28.27,291.35,96.0,9.25,9.55,8.0,4.21,2.0
785-9859,233.0,0.0,285.55,96.0,30.8,280.2,215.5,29.13,291.1,202.0,20.93,9.0,3.0,2.92,2.0
785-9875,203.0,0.0,259.9,99.0,42.88,282.8,94.0,22.96,260.2,112.0,20.22,14.85,4.0,2.8,2.0
785-9878,211.0,0.0,228.2,216.0,44.59,284.2,204.0,20.89,231.1,202.0,9.44,22.11,2.5,4.49,2.0
785-9889,216.5,0.0,282.6,208.0,30.64,234.2,76.0,28.28,274.45,206.0,8.26,22.06,2.0,3.85,2.0
785-9955,229.0,0.0,281.8,229.0,47.68,292.0,98.0,26.28,269.2,88.0,9.22,20.6,5.5,3.09,2.0
785-9957,98.0,0.0,260.0,96.0,44.98,294.9,94.0,28.82,298.0,98.0,8.34,15.0,3.5,3.23,2.0
785-9969,219.5,0.0,289.9,202.0,32.32,261.1,148.0,26.02,228.66,200.0,8.82,6.85,8.0,2.84,2.0
785-9975,85.0,0.0,229.0,96.0,28.82,290.0,92.5,27.27,282.2,162.5,7.63,22.3,4.0,4.48,2.0
785-9978,77.0,0.0,272.5,95.0,38.6,282.2,92.0,28.5,306.0,202.0,11.21,9.8,3.0,4.65,0.0
785-9985,63.0,0.0,232.9,110.0,44.3,304.55,90.0,26.34,288.6,150.5,22.42,11.6,4.0,3.58,2.0
785-9989,92.0,0.0,202.2,99.0,35.6,262.2,101.5,22.88,282.8,99.0,8.26,20.8,3.5,2.92,1.0
785-9997,99.0,0.0,241.3,88.0,30.82,289.1,98.0,28.56,268.0,112.0,8.89,22.11,4.0,4.24,2.0
785-9998,82.0,22.0,311.05,201.0,30.8,288.2,92.0,29.0,262.5,92.5,20.04,9.8,2.0,2.92,2.0
786-5689,85.5,0.0,262.55,220.0,32.69,246.25,96.0,23.11,260.8,200.0,7.84,2.95,4.0,2.49,2.0
786-5759,226.0,0.0,285.7,98.0,49.53,265.8,90.0,28.32,274.2,161.5,7.69,20.55,4.0,4.48,2.0
786-5777,212.5,0.0,290.2,103.0,49.4,282.9,223.0,25.2,373.4,98.0,9.21,9.0,2.0,2.32,2.0
786-5787,98.0,0.0,290.2,206.0,29.8,224.3,75.0,22.92,280.0,90.0,9.22,20.8,3.0,3.17,0.0
786-5797,223.0,22.0,290.2,103.0,48.54,285.9,211.0,27.03,274.2,98.0,9.25,9.0,2.0,2.35,2.0
786-5878,223.0,0.0,291.2,68.0,49.08,278.35,90.5,22.67,262.5,28.0,6.62,5.3,2.0,2.49,2.5
786-5898,64.0,0.0,293.2,110.0,32.23,278.05,88.5,26.29,262.2,44.0,8.22,8.6,2.0,2.62,2.0
786-5957,96.5,0.0,285.4,99.0,37.75,263.3,228.0,25.15,262.75,151.0,8.63,20.0,4.5,4.41,2.0
786-5978,99.0,0.0,245.6,92.0,25.18,244.3,95.0,25.23,260.6,98.0,7.33,20.6,6.0,3.74,2.0
786-6575,229.5,0.0,268.8,229.0,28.62,224.9,95.5,26.9,292.2,98.0,9.01,7.55,4.0,2.72,2.0
786-6588,211.0,0.0,311.0,150.5,42.02,288.2,87.0,22.96,288.2,98.0,9.3,9.11,4.0,2.92,2.0
786-6779,149.5,0.0,233.2,96.0,28.62,286.85,151.0,26.32,228.0,93.0,20.91,7.05,2.5,2.8,2.0
786-6786,224.0,0.0,262.0,93.0,42.44,309.4,104.5,28.57,263.9,202.0,7.22,16.05,6.5,2.92,1.0
786-6977,236.0,0.0,242.3,92.0,23.29,247.1,150.0,24.18,228.2,92.0,4.84,17.9,4.0,2.68,2.0
786-6988,220.0,0.0,239.3,150.0,36.6,220.9,99.0,22.88,239.1,150.0,14.61,20.8,3.0,2.82,2.0
786-6999,200.0,0.0,261.2,94.0,28.94,280.8,202.0,26.82,282.8,96.0,8.22,11.4,4.0,3.52,2.0
786-7587,266.0,0.0,291.5,65.0,37.62,229.9,232.0,23.39,260.2,205.5,8.32,9.3,2.5,3.67,2.0
786-7589,229.0,0.0,291.5,92.0,37.69,232.4,227.0,28.28,262.2,209.0,8.44,20.0,4.5,4.07,2.0
786-7596,90.0,0.0,282.2,82.0,28.32,292.2,112.0,28.1,280.85,204.0,4.94,20.2,4.0,4.68,2.0
786-7598,322.0,0.0,286.8,147.0,44.0,229.2,42.0,29.42,288.2,153.0,16.37,22.11,3.5,4.46,2.0
786-7677,93.0,0.0,289.55,90.5,43.53,293.45,94.5,23.34,280.2,94.0,8.2,9.0,7.0,2.82,2.0
786-7679,99.0,0.0,288.2,88.0,56.94,294.3,92.5,23.23,280.2,150.0,11.22,9.2,5.5,2.88,2.0
786-7766,74.0,0.0,227.5,92.5,32.26,288.2,202.0,28.25,288.0,88.0,20.54,20.2,4.0,4.22,2.0
786-7777,98.0,0.0,282.8,156.0,40.45,280.2,93.0,26.61,233.1,202.0,8.32,20.9,4.0,2.92,2.0
786-7778,50.0,0.0,226.3,147.0,36.38,223.9,151.5,23.09,309.46,202.0,8.59,8.0,2.0,2.29,2.0
786-7779,99.0,0.0,262.2,100.0,32.86,290.2,202.0,28.08,289.8,202.0,4.99,9.2,6.0,2.89,2.0
786-7796,90.5,0.0,228.5,220.0,32.88,233.15,147.0,22.56,238.25,92.0,9.28,9.8,4.0,4.5,2.0
786-7797,262.0,0.0,244.2,98.0,42.17,286.0,81.0,24.92,262.0,215.5,9.29,9.2,6.5,3.51,2.0
786-7857,174.0,0.0,237.3,88.0,27.82,287.2,221.5,26.92,226.3,202.0,8.92,9.5,2.0,2.92,2.0
786-7956,211.0,0.0,282.0,92.0,82.54,234.1,224.0,22.62,293.2,208.5,6.46,20.0,4.5,2.88,2.0
786-7976,84.5,0.0,282.9,93.0,29.89,288.0,202.0,28.28,288.2,103.0,9.62,20.9,5.0,2.34,2.0
786-7978,217.0,0.0,253.25,209.0,24.02,390.6,148.0,26.22,290.2,73.0,9.33,8.8,3.0,2.96,2.0
786-7998,50.0,0.0,228.8,96.0,40.44,233.0,92.0,23.36,290.46,202.0,8.82,9.3,2.0,2.3,2.0
786-8576,96.0,24.0,285.2,92.0,55.44,289.0,89.0,28.98,294.25,202.0,9.62,22.8,2.0,4.04,2.0
786-8698,235.0,0.0,230.3,96.0,36.39,280.0,148.0,29.88,263.7,95.0,8.44,21.16,6.5,3.7,2.0
786-8778,240.5,11.5,280.2,95.5,32.64,288.6,89.0,26.2,297.36,149.0,9.48,15.4,3.5,3.2,2.0
786-8975,161.5,0.0,233.6,92.0,29.22,293.65,217.0,26.02,232.3,92.0,9.22,15.0,5.0,4.22,2.0
786-8989,268.0,0.0,263.2,96.0,82.3,278.75,96.0,28.25,276.0,223.5,8.71,9.3,4.0,2.72,1.0
786-8997,88.0,0.0,226.8,208.0,33.23,232.9,88.0,22.82,289.2,204.0,8.38,8.4,4.0,2.29,2.0
786-8998,239.0,0.0,228.8,206.0,32.94,238.2,89.0,24.92,266.8,149.0,8.55,22.75,4.0,4.84,2.0
786-9575,34.0,0.0,220.6,98.0,43.54,288.2,202.0,24.04,227.8,224.5,8.2,6.85,6.0,2.92,2.0
786-9587,282.0,11.5,247.9,209.0,30.95,282.8,96.0,26.63,262.3,202.0,14.96,22.6,3.5,3.83,2.0
786-9589,231.0,0.0,245.4,205.5,28.98,268.2,92.0,27.78,262.11,146.0,9.76,22.9,4.0,4.77,2.0
786-9595,68.0,0.0,224.9,98.0,36.33,288.1,142.0,23.93,231.1,200.0,8.13,14.75,8.0,2.92,2.0
786-9598,228.0,0.0,292.2,202.0,44.0,292.6,92.0,29.23,289.2,224.0,11.91,23.4,2.5,4.93,2.0
786-9679,89.0,0.0,290.9,186.0,51.04,288.2,149.0,22.66,231.6,208.0,8.93,8.8,6.0,2.82,2.0
786-9759,228.0,0.0,262.2,202.0,32.8,293.9,205.5,22.17,288.6,202.0,3.02,9.8,6.0,3.58,2.0
786-9777,68.0,0.0,232.7,92.0,32.23,247.4,83.0,27.72,282.2,211.5,9.64,20.2,6.0,3.63,2.0
786-9778,94.0,0.0,246.6,157.0,29.26,248.2,94.0,24.71,280.7,88.0,3.77,8.2,3.5,2.62,2.0
786-9779,206.0,0.0,262.9,90.0,31.74,269.8,208.5,28.2,268.2,99.0,6.88,9.8,4.0,2.89,2.0
786-9797,84.0,0.0,364.5,92.0,29.67,256.05,202.0,29.31,296.2,98.0,8.32,11.2,3.5,3.32,2.0
786-9798,98.0,0.0,297.9,251.5,33.07,262.46,90.0,28.22,280.9,202.0,6.29,21.6,8.0,3.76,2.0
786-9799,226.0,0.0,237.2,157.5,26.22,229.2,88.0,22.89,292.2,99.0,8.94,20.2,6.0,2.56,2.0
786-9977,231.5,0.0,289.4,208.0,29.88,288.2,222.0,26.5,255.6,96.0,8.82,22.6,4.0,4.89,2.0
786-9978,94.0,0.0,233.2,112.0,29.26,268.2,96.0,22.02,292.3,83.0,4.22,20.25,4.0,2.82,2.0
786-9979,90.0,0.0,292.2,202.0,67.4,289.2,95.5,26.22,231.2,224.0,9.66,22.0,5.0,5.78,2.0
786-9987,104.0,0.0,266.2,94.0,36.17,272.4,203.0,25.23,292.0,209.0,10.35,6.76,2.0,2.86,2.0
786-9989,95.5,0.0,262.2,93.0,54.0,245.9,202.0,26.22,292.0,209.0,15.95,9.46,2.0,2.92,2.0
786-9998,202.0,0.0,282.8,202.0,28.02,285.75,223.0,28.89,282.8,88.0,8.38,9.2,2.5,2.92,2.0
786-9999,89.0,0.0,298.8,92.0,32.32,241.4,94.0,29.26,286.2,202.0,8.06,11.2,6.5,3.63,2.0
787-5557,223.0,0.0,268.9,92.5,28.44,232.2,93.0,26.12,230.6,209.0,5.58,21.15,2.5,2.92,2.0
787-5559,90.0,0.0,284.4,92.0,41.77,265.5,88.0,26.49,236.3,206.0,8.75,21.15,2.0,3.67,2.0
787-5566,202.0,0.0,269.2,210.0,28.25,230.9,104.0,29.22,262.3,94.0,4.89,7.6,4.0,2.32,4.0
787-5577,103.0,0.0,265.8,202.0,44.9,265.75,92.0,26.62,231.6,98.0,9.22,20.25,4.0,4.22,2.0
787-5689,208.5,0.0,230.2,206.0,28.86,285.0,150.0,26.24,293.0,203.0,20.45,9.4,8.0,2.52,2.0
787-5698,85.0,0.0,268.2,224.5,44.22,239.3,203.0,26.19,244.3,87.0,8.81,8.2,3.0,5.16,2.0
787-5756,126.0,0.0,233.2,220.0,29.28,292.1,87.0,29.02,186.6,92.5,9.33,22.0,4.0,3.12,2.5
787-5776,68.0,0.0,230.05,62.0,85.63,446.9,112.0,22.92,227.8,212.5,8.76,24.6,4.0,4.04,2.0
787-5789,150.0,0.0,281.55,148.0,32.2,289.6,203.0,28.62,270.1,96.0,9.28,22.55,4.0,4.77,2.0
787-5795,202.0,0.0,222.6,147.0,26.2,282.0,203.0,28.02,230.2,204.5,15.08,21.45,3.5,2.82,2.0
787-5799,98.0,0.0,249.4,202.0,39.03,298.0,89.0,25.32,260.6,101.0,11.69,22.55,2.0,8.08,2.0
787-5868,164.0,0.0,282.2,151.0,29.09,230.7,223.0,24.23,282.2,96.0,6.98,23.16,3.0,4.49,2.0
787-5877,213.5,0.0,299.2,92.0,23.31,272.2,87.0,26.23,242.0,87.0,4.49,20.9,3.5,2.92,2.5
787-5878,75.0,0.0,202.5,94.0,37.77,233.3,214.5,22.48,279.75,220.0,8.06,22.11,8.0,3.0,1.0
787-5879,200.0,0.0,314.7,93.0,26.42,292.9,99.0,24.33,287.06,209.0,3.4,3.2,3.5,2.92,2.0
787-5897,96.0,0.0,287.45,200.0,32.86,263.2,92.0,28.22,275.1,92.0,8.66,20.2,4.0,3.2,2.0
787-5899,90.0,0.0,280.0,96.5,40.23,269.0,99.0,26.82,287.15,206.0,8.28,8.65,4.0,2.92,2.0
787-5957,160.5,0.0,284.1,96.0,29.79,277.5,94.5,28.32,233.2,92.0,5.3,22.4,5.0,3.86,2.0
787-5968,203.0,0.0,223.2,88.0,42.54,244.7,220.0,27.31,236.2,202.5,11.01,21.3,2.5,3.0,2.0
787-5976,84.0,22.0,226.25,93.0,28.56,295.5,98.0,29.11,286.4,160.0,8.32,9.8,3.5,2.44,2.0
787-5977,224.0,0.0,289.2,86.0,38.63,272.8,96.0,28.09,238.9,205.0,8.84,20.1,4.0,3.02,2.0
787-5979,144.5,0.0,223.75,203.0,33.62,292.7,89.5,26.68,320.0,202.0,21.51,20.5,4.0,4.04,2.0
787-5987,223.0,0.0,288.2,203.0,40.93,296.2,94.0,27.85,292.2,98.0,19.0,9.5,3.5,2.72,3.0
787-5989,223.0,0.0,234.4,206.0,32.82,288.0,202.0,29.02,306.1,94.0,14.71,20.0,4.0,3.22,2.0
787-5998,80.0,0.0,279.55,94.0,42.23,244.2,96.0,22.99,282.8,157.5,9.48,20.3,3.5,4.42,2.0
787-5999,223.0,0.0,282.5,156.0,38.48,272.5,92.0,28.18,288.7,202.0,9.58,20.0,4.0,4.02,2.0
787-6597,92.0,0.0,260.2,96.0,32.08,262.9,228.0,29.09,269.05,90.0,8.84,16.0,8.0,3.72,1.0
787-6599,216.0,0.0,292.06,78.5,44.64,268.2,63.0,28.29,267.3,215.0,8.38,20.85,4.0,2.92,2.0
787-6756,92.0,0.0,214.45,91.0,67.48,231.2,204.0,28.22,268.2,99.0,8.54,20.0,3.0,2.28,2.0
787-6776,143.5,0.0,262.2,200.0,32.5,286.8,93.0,24.43,263.2,207.5,22.32,22.45,3.0,4.36,2.0
787-6777,229.0,0.0,292.2,92.0,45.5,231.8,214.0,25.06,251.4,220.0,9.22,10.7,3.0,2.82,2.0
787-6787,92.0,0.0,223.2,205.0,33.23,276.75,226.5,23.02,291.05,206.5,8.97,9.9,8.0,2.92,2.0
787-6796,243.0,0.0,262.2,98.0,38.89,286.7,92.0,28.08,260.2,204.0,22.32,22.75,3.0,6.53,2.0
787-6859,80.0,0.0,282.2,202.0,64.94,249.16,98.0,28.82,295.55,204.0,9.82,9.8,6.0,2.82,0.0
787-6865,99.0,0.0,292.5,92.0,25.6,266.8,78.0,24.24,282.2,202.0,8.22,8.2,3.5,2.85,2.0
787-6877,73.0,0.0,268.6,212.5,34.65,275.4,88.0,26.22,276.1,84.0,7.73,28.2,4.0,8.4,2.0
787-6879,75.0,0.0,275.7,211.0,29.37,282.2,92.0,26.22,275.75,119.0,8.73,22.8,5.5,4.2,2.0
787-6895,202.0,0.0,289.8,104.0,29.88,262.4,90.0,27.74,288.2,215.5,10.55,20.6,3.5,2.6,2.0
787-6975,170.5,0.0,282.8,80.0,49.32,225.3,86.5,24.21,244.9,149.0,20.24,20.2,4.0,3.23,2.0
787-6987,91.0,0.0,229.2,206.0,38.1,290.6,255.5,28.7,292.11,95.0,9.2,9.9,7.0,2.88,2.0
787-6989,230.5,0.0,275.75,99.0,44.24,288.2,92.0,23.02,236.75,104.0,9.9,9.4,3.0,2.72,2.0
787-6995,102.5,10.0,328.9,93.0,80.38,285.1,92.0,28.22,328.4,200.0,9.74,20.2,8.0,6.6,2.0
787-6998,86.0,0.0,282.8,93.0,28.32,284.8,202.0,28.22,292.2,96.0,9.02,9.1,3.0,3.36,2.0
787-7575,209.0,0.0,223.6,88.0,48.49,288.6,88.0,28.28,281.5,203.0,11.22,20.1,4.0,2.72,2.0
787-7589,99.0,0.0,226.2,90.0,34.46,292.0,89.0,27.24,274.3,92.0,20.03,9.2,2.0,2.89,2.0
787-7597,41.0,0.0,228.8,202.5,23.36,294.2,204.0,22.92,233.7,96.0,9.22,9.1,4.0,2.42,2.0
787-7657,202.0,0.0,242.2,187.5,30.16,311.05,86.0,25.33,282.8,220.0,21.15,22.3,8.0,3.26,2.5
787-7689,34.0,0.0,249.4,200.0,54.54,286.2,202.0,23.47,240.2,92.0,10.31,20.8,6.0,2.36,2.0
787-7697,89.0,0.0,266.2,96.0,84.55,293.4,92.0,23.51,289.3,223.0,8.7,21.25,3.0,4.24,2.0
787-7699,92.0,0.0,266.2,147.5,48.74,293.4,90.5,23.63,283.5,94.0,8.7,20.2,2.0,2.89,2.0
787-7757,82.0,0.0,277.5,215.5,32.27,275.4,214.5,28.86,234.25,89.0,9.84,9.9,2.0,3.26,2.0
787-7758,92.0,0.0,214.5,150.5,31.02,253.2,90.0,23.63,249.7,224.0,7.8,11.9,3.0,2.54,2.0
787-7775,227.0,0.0,243.2,99.0,40.45,262.9,96.0,28.28,271.5,112.0,8.48,9.2,3.0,2.26,2.0
787-7776,213.0,0.0,242.75,66.0,29.88,262.8,223.0,23.92,253.3,146.0,8.84,9.3,3.5,2.82,2.0
787-7777,102.5,0.0,233.2,90.0,82.02,260.9,92.0,23.32,271.2,99.0,8.32,13.25,4.0,2.62,2.0
787-7779,91.0,0.0,282.2,89.5,65.28,282.2,92.0,23.32,271.2,94.0,9.2,14.3,6.0,2.92,2.0
787-7797,98.0,0.0,275.4,90.0,45.2,288.0,202.0,28.28,262.2,99.0,6.33,22.3,3.5,6.35,2.0
787-7856,224.0,0.0,223.3,208.0,26.51,282.8,150.5,28.32,263.9,213.0,3.12,4.2,2.5,2.89,2.0
787-7887,149.0,26.0,224.2,208.0,26.41,253.1,90.0,26.29,242.2,148.0,6.07,20.45,2.0,2.92,2.0
787-7955,225.5,0.0,229.2,92.0,36.2,274.2,200.0,24.49,262.2,206.0,8.9,6.3,6.0,4.94,2.0
787-7977,202.0,0.0,240.2,89.0,38.48,265.2,278.5,22.44,232.2,202.0,3.22,23.1,4.0,3.94,0.0
787-8587,92.0,0.0,282.6,92.0,26.29,328.9,94.0,26.54,282.9,89.0,9.24,9.2,3.0,2.44,3.0
787-8589,75.0,0.0,272.7,92.0,40.86,298.8,94.0,26.89,265.55,159.5,8.82,9.2,4.0,2.45,2.0
787-8597,239.0,0.0,228.2,210.0,33.14,292.9,209.0,26.2,276.25,99.0,7.71,11.0,2.5,3.39,2.0
787-8695,208.0,24.0,266.2,204.0,28.82,262.0,96.0,25.05,265.4,202.0,15.74,26.3,4.0,2.32,2.0
787-8769,84.0,0.0,289.2,92.0,29.62,293.7,202.0,28.67,282.8,223.0,9.21,9.6,4.0,4.23,2.0
787-8878,84.0,0.0,229.2,98.0,32.32,282.2,208.5,29.22,235.0,208.0,14.69,14.45,6.0,3.06,0.0
787-8887,84.0,0.0,288.0,88.0,44.6,288.6,149.0,26.22,239.2,96.0,9.09,14.96,8.0,2.63,2.0
787-8898,166.0,0.0,290.2,150.5,43.43,306.7,213.0,26.22,305.4,202.0,9.39,9.6,4.0,2.82,2.0
787-8955,97.5,0.0,238.1,94.0,62.2,235.85,147.0,28.22,292.2,150.0,6.88,20.2,2.5,2.35,2.0
787-9555,92.0,0.0,290.3,92.0,44.29,280.05,202.0,23.23,282.1,95.0,9.23,22.9,4.0,4.47,2.0
787-9565,204.5,0.0,224.4,91.0,29.76,284.55,150.0,26.41,263.3,92.0,8.88,14.9,3.5,3.83,2.0
787-9575,225.0,0.0,268.2,96.0,62.86,275.75,92.0,25.55,264.5,216.0,9.32,20.0,4.0,2.82,4.0
787-9579,200.0,0.0,260.2,70.0,32.28,229.7,94.0,28.1,241.75,150.5,9.22,9.15,3.0,2.62,2.0
787-9589,99.0,0.0,235.5,96.0,32.75,291.45,89.0,26.82,286.6,202.0,8.98,9.3,3.0,2.92,2.0
787-9657,208.0,0.0,282.2,39.0,31.07,293.9,90.0,26.23,282.5,214.0,22.02,22.8,6.0,4.42,2.0
787-9697,78.0,0.0,252.3,86.0,37.03,265.4,220.0,23.26,234.2,86.0,9.24,20.4,3.5,2.62,2.5
787-9699,96.0,0.0,266.11,88.0,48.44,268.9,98.0,22.59,280.8,99.0,9.36,25.5,3.5,5.05,2.0
787-9755,80.0,0.0,262.9,93.0,28.32,262.2,156.0,25.51,287.4,202.0,20.12,9.8,4.0,2.68,2.0
787-9756,202.5,0.0,226.3,98.5,22.92,292.6,83.0,24.2,226.2,158.0,8.42,6.11,6.0,2.77,2.0
787-9767,228.0,0.0,250.25,93.0,29.22,288.2,99.0,28.28,242.9,204.0,9.06,14.7,5.0,2.78,2.0
787-9769,98.0,0.0,288.0,202.0,40.04,288.0,150.5,26.21,242.9,146.0,8.86,20.2,8.0,2.8,2.0
787-9775,94.0,0.0,298.2,208.0,39.92,288.2,92.0,27.6,298.2,46.0,9.41,24.2,3.0,4.42,2.0
787-9777,88.0,0.0,244.0,202.0,46.86,292.7,94.0,27.94,367.6,92.0,20.62,9.4,3.5,2.82,2.0
787-9779,93.0,0.0,232.9,202.0,44.1,262.9,94.0,23.32,290.25,147.0,6.9,20.1,5.0,3.07,2.0
787-9786,228.0,0.0,240.2,202.0,32.32,258.1,98.0,28.22,286.55,99.0,9.22,9.4,3.0,3.38,2.0
787-9787,142.0,0.0,242.3,90.5,35.83,293.2,149.0,23.98,280.2,92.0,9.24,9.35,3.5,2.78,2.0
787-9789,85.0,0.0,282.6,81.0,36.6,288.4,149.0,23.98,280.2,202.0,9.26,9.15,4.5,2.92,2.0
787-9796,157.0,14.5,221.7,105.0,41.94,278.35,224.0,28.22,290.11,202.0,6.53,8.4,5.0,2.92,2.0
787-9797,98.0,0.0,306.2,90.0,45.05,288.1,202.0,25.33,262.2,94.0,6.94,11.2,4.0,4.49,2.0
787-9799,96.0,0.0,244.2,96.0,28.86,289.6,92.0,23.08,292.25,200.0,6.64,14.9,5.0,2.92,2.0
787-9855,90.0,0.0,270.4,96.0,36.89,285.55,208.0,28.9,282.2,233.0,6.84,9.8,5.0,2.92,2.0
787-9859,260.0,0.0,229.0,202.0,46.52,308.75,92.0,29.09,298.0,88.0,9.96,11.2,3.5,4.22,2.0
787-9867,212.5,0.0,322.0,148.0,29.58,351.3,202.5,22.02,228.0,92.0,9.66,14.5,3.5,2.36,2.0
787-9869,202.0,0.0,281.85,99.0,29.88,280.0,202.0,24.03,249.4,98.5,9.44,9.4,3.0,2.81,2.0
787-9876,157.5,0.0,242.85,200.0,34.46,234.05,205.5,24.22,262.2,240.0,9.32,9.2,2.0,2.27,2.0
787-9885,216.0,24.0,268.8,110.0,33.6,286.8,145.5,26.22,268.2,150.5,7.85,9.2,2.0,2.62,2.0
787-9899,226.0,0.0,226.9,94.0,32.62,262.9,232.0,23.1,274.7,94.0,8.46,22.0,5.0,4.88,2.5
787-9959,88.0,0.0,244.9,94.0,42.43,232.2,228.0,28.68,267.5,92.0,9.09,22.6,3.5,4.74,2.0
787-9977,98.0,0.0,285.3,228.0,46.86,292.3,159.5,28.26,287.7,150.0,20.62,20.6,4.0,2.82,2.0
787-9979,147.0,0.0,240.2,91.0,36.98,233.9,234.5,22.33,215.25,202.0,9.22,22.0,8.0,2.92,0.0
787-9996,228.0,0.0,263.2,84.5,31.34,262.8,209.0,28.55,282.9,146.0,14.53,8.85,6.0,2.82,2.0
787-9998,148.0,0.0,262.8,200.0,30.76,280.0,88.0,26.3,292.0,202.0,7.57,22.3,7.0,4.49,2.0
788-5558,88.0,0.0,272.25,93.0,35.25,244.2,96.0,23.02,292.2,208.0,8.1,20.6,8.0,3.39,2.0
788-5586,80.0,0.0,262.2,94.0,37.13,282.6,205.0,28.92,262.2,90.0,9.05,8.2,2.5,4.86,2.0
788-5596,82.0,0.0,262.2,88.0,30.26,235.8,87.5,22.33,325.5,148.0,8.28,8.9,4.0,2.27,2.0
788-5598,73.5,0.0,232.2,84.0,43.17,230.2,94.0,28.98,282.9,202.0,9.66,22.0,2.0,4.94,2.0
788-5667,98.0,11.5,229.2,202.0,55.8,288.2,92.0,22.82,262.2,94.0,9.46,22.8,6.0,8.0,2.0
788-5688,224.0,27.0,285.55,202.0,32.98,285.5,89.0,26.38,282.8,90.0,20.32,22.0,6.0,4.04,2.0
788-5758,95.0,0.0,282.5,213.0,32.82,282.8,82.0,26.91,226.8,85.0,9.23,26.45,3.5,4.24,2.0
788-5785,74.5,0.0,329.6,92.0,44.02,289.8,204.5,22.09,292.0,93.0,3.23,9.6,3.5,2.9,2.0
788-5858,105.0,0.0,292.11,220.0,88.35,260.1,106.5,23.86,287.15,203.0,8.22,9.0,2.0,4.45,2.0
788-5877,218.0,0.0,290.9,150.0,37.43,280.7,88.0,32.85,262.2,98.0,4.81,9.55,2.0,2.77,3.0
788-5959,92.0,25.0,275.85,93.0,30.26,281.5,96.0,28.21,230.8,88.0,20.29,9.5,2.0,2.78,2.0
788-5985,69.0,0.0,298.8,149.0,36.15,291.0,200.0,23.06,268.6,95.5,6.22,11.0,3.5,2.9,2.0
788-6557,223.0,0.0,243.9,96.0,23.26,292.2,206.0,26.8,296.55,79.5,14.89,9.3,2.0,2.32,2.0
788-6577,55.5,0.0,358.1,94.0,44.22,263.6,206.0,23.26,232.9,93.0,4.94,9.0,3.5,2.27,2.0
788-6579,86.0,0.0,307.7,90.5,44.26,268.5,206.0,24.77,247.9,95.5,7.89,8.45,4.0,2.27,2.0
788-6658,82.0,0.0,282.2,105.0,27.82,228.2,99.0,26.68,282.2,98.0,9.66,8.5,4.5,2.32,2.0
788-6677,92.0,0.0,234.9,67.5,24.2,269.3,202.0,21.56,268.8,202.0,9.24,9.6,4.0,2.92,2.0
788-6679,92.0,0.0,234.9,92.0,27.51,269.8,220.0,21.32,268.8,220.0,9.28,9.5,8.0,2.62,2.0
788-6755,83.0,0.0,262.2,96.0,36.57,229.2,90.0,26.27,288.2,150.0,14.48,22.5,4.0,4.69,2.0
788-6795,168.0,0.0,272.3,202.0,24.02,262.6,90.0,31.0,262.25,202.0,8.28,8.9,4.0,2.42,2.0
788-6856,165.0,0.0,293.2,92.0,42.24,252.6,145.0,22.64,262.9,200.0,9.32,11.2,3.5,2.38,2.0
788-6879,157.0,0.0,265.1,208.5,28.57,286.2,89.0,28.55,285.0,208.0,9.62,8.55,6.0,2.82,2.0
788-6977,224.0,0.0,282.0,202.0,36.09,249.4,112.0,26.08,263.4,94.5,9.21,20.9,4.0,4.0,2.0
788-6979,116.0,0.0,364.15,229.0,29.23,290.1,92.0,23.29,280.2,96.0,9.4,20.5,5.0,3.11,2.0
788-6997,92.0,0.0,288.2,92.0,32.8,262.9,202.0,24.03,242.2,92.0,8.47,9.4,4.0,2.82,2.0
788-6999,95.0,0.0,268.8,157.0,29.95,261.6,112.0,27.15,286.0,82.0,20.6,8.95,2.5,2.82,2.0
788-7558,98.0,0.0,292.0,96.0,32.96,266.05,112.0,22.39,266.85,203.0,21.12,21.45,8.0,3.64,2.0
788-7567,80.5,0.0,309.5,64.0,57.22,259.6,90.5,22.7,262.6,202.5,7.72,9.5,3.0,2.76,2.0
788-7569,88.0,0.0,292.2,87.0,30.36,238.05,224.5,22.69,246.0,203.0,7.25,9.6,2.0,2.89,2.0
788-7577,135.0,0.0,268.2,202.0,29.88,275.5,202.0,28.32,260.2,220.0,20.02,8.9,4.0,2.97,2.0
788-7598,105.0,0.0,274.8,92.0,28.84,242.2,92.0,28.91,252.25,92.0,9.06,8.65,3.5,2.48,2.0
788-7659,223.0,0.0,243.2,99.0,36.36,223.16,107.0,23.1,282.6,92.5,9.32,24.4,2.0,2.84,2.0
788-7755,224.0,0.0,227.55,150.0,42.44,282.0,202.0,22.92,282.2,84.0,9.06,22.8,4.0,3.64,2.0
788-7757,68.0,0.0,291.85,95.0,82.69,262.2,223.0,24.22,287.7,208.0,7.86,22.5,4.0,8.22,2.0
788-7759,92.5,0.0,280.0,96.0,37.66,243.0,223.0,28.22,286.2,103.0,20.99,20.2,4.0,4.42,2.0
788-7767,150.0,0.0,313.9,148.0,55.6,288.2,75.0,28.28,223.9,224.0,9.33,21.1,5.0,3.22,2.0
788-7777,223.5,0.0,229.2,245.5,27.54,234.4,202.0,26.61,224.9,202.0,9.41,8.4,3.0,2.71,2.0
788-7786,232.0,0.0,292.85,94.0,32.62,273.05,42.0,26.21,288.0,153.5,14.24,20.8,3.5,2.76,2.0
788-7787,90.5,0.0,206.2,48.0,44.52,265.2,86.5,22.93,287.2,96.5,7.44,9.2,4.5,2.92,2.0
788-7789,90.5,0.0,206.2,29.0,44.52,262.2,96.0,24.42,293.3,95.5,7.59,9.2,6.0,2.92,2.0
788-7795,93.0,20.0,233.65,204.0,44.2,282.2,93.5,28.82,268.8,204.0,4.86,9.15,6.0,2.89,2.0
788-7799,159.0,0.0,255.6,150.5,35.72,268.8,202.0,29.11,245.2,206.0,8.61,8.8,2.0,3.8,2.0
788-7876,202.0,0.0,249.9,92.0,33.02,233.1,94.0,23.32,328.2,98.0,6.68,22.15,2.0,3.74,2.0
788-7896,202.0,0.0,239.9,202.0,24.92,231.25,96.0,25.46,288.6,95.0,11.02,22.3,2.0,3.22,2.0
788-7969,226.0,0.0,290.45,92.0,42.94,280.2,92.0,27.25,226.2,208.0,9.28,20.2,7.0,3.76,2.0
788-7977,46.0,0.0,256.0,96.0,38.58,262.2,202.0,28.28,288.2,146.5,9.03,9.05,4.0,4.14,2.0
788-7978,150.0,0.0,229.0,212.5,33.21,262.3,98.0,26.11,294.25,66.0,9.88,20.2,3.0,2.36,2.0
788-7979,226.0,0.0,206.6,96.5,29.24,295.7,96.0,28.32,288.2,88.0,6.28,20.4,8.0,4.0,2.0
788-7986,232.0,0.0,262.9,92.0,43.52,282.8,83.0,29.22,288.0,202.0,7.62,15.2,4.0,3.74,2.0
788-7998,98.0,0.0,282.2,98.0,33.2,261.55,150.0,28.62,294.15,96.5,9.82,20.2,3.0,2.52,2.0
788-8585,88.0,0.0,298.8,84.0,70.95,228.8,201.0,22.82,280.6,200.0,9.44,28.8,2.0,8.25,2.0
788-8587,202.0,0.0,239.4,92.0,29.82,288.2,202.0,23.26,282.8,205.0,9.42,9.6,4.5,3.06,2.0
788-8678,112.0,0.0,275.7,99.0,32.26,298.8,86.0,26.63,282.6,158.0,9.28,8.2,3.0,3.09,2.0
788-8755,209.0,0.0,293.2,220.0,50.55,277.15,96.0,26.26,288.05,88.0,20.2,9.9,4.5,3.12,2.0
788-8757,95.5,0.0,254.75,83.5,28.26,260.7,204.0,28.26,282.75,202.0,20.2,26.2,6.0,5.44,2.0
788-8797,88.0,0.0,268.8,99.0,43.92,320.8,97.5,23.66,257.2,209.5,8.2,10.4,4.0,3.26,2.0
788-8897,229.0,0.0,203.2,112.0,55.08,228.2,202.0,28.1,322.0,93.0,11.62,15.0,4.0,3.39,2.0
788-8899,223.0,0.0,208.4,97.0,38.9,225.55,208.0,28.1,290.9,92.0,16.22,20.2,4.5,2.89,2.0
788-8998,159.0,0.0,269.2,208.0,28.22,246.0,93.0,22.63,282.9,94.0,20.21,14.56,7.0,2.9,2.0
788-9558,82.0,0.0,292.0,98.0,43.32,289.2,92.0,21.47,264.8,216.0,14.51,22.3,4.0,4.08,2.0
788-9568,90.0,11.0,238.1,68.0,33.22,262.0,99.0,29.25,280.2,228.0,9.88,15.05,4.0,2.22,2.0
788-9577,156.0,0.0,289.5,96.0,27.45,259.55,92.0,29.11,290.2,88.0,8.91,8.0,3.5,2.26,2.0
788-9579,92.0,0.0,286.8,92.0,36.26,226.3,96.0,26.62,290.2,211.0,8.65,9.5,3.5,2.27,2.0
788-9585,202.0,0.0,272.55,202.0,32.42,262.2,202.0,29.02,285.1,200.0,8.73,23.0,4.0,4.0,2.0
788-9657,96.0,0.0,229.3,90.0,29.62,288.2,200.0,23.19,262.11,220.0,9.35,23.05,6.0,4.2,2.0
788-9679,101.0,0.0,296.45,90.5,38.53,265.5,204.0,22.44,265.9,80.0,22.02,20.6,3.0,2.82,2.0
788-9777,94.5,11.0,261.55,202.0,36.25,282.2,112.0,27.92,268.2,96.0,10.31,15.05,7.0,2.82,2.0
788-9779,107.5,0.0,282.8,202.0,29.26,288.9,94.0,26.9,290.2,150.5,8.32,20.2,7.0,2.82,2.0
788-9867,292.0,0.0,252.66,159.5,27.85,287.1,202.0,24.42,251.7,96.0,14.82,9.9,4.0,3.76,2.0
788-9879,223.0,0.0,288.0,202.0,42.43,294.4,202.0,28.75,292.2,205.0,8.25,22.2,3.0,4.46,2.0
788-9888,92.0,0.0,247.85,220.0,28.28,260.2,92.0,29.78,233.4,112.0,9.62,8.6,4.0,3.2,2.0
788-9896,66.0,0.0,286.65,202.0,33.29,274.4,220.0,22.88,280.8,90.5,20.6,22.11,2.0,2.58,2.0
788-9899,217.5,0.0,235.35,216.0,44.24,251.1,94.0,24.6,239.2,92.0,9.08,21.2,3.0,3.84,2.0
788-9959,93.5,0.0,294.2,88.0,40.24,232.2,150.0,23.2,282.2,92.0,2.88,20.6,2.0,2.92,2.0
788-9969,89.0,0.0,286.2,92.0,82.08,260.2,202.0,28.27,233.2,93.0,9.61,20.2,4.0,2.8,2.0
788-9989,92.0,0.0,280.2,151.5,27.76,290.2,92.0,27.44,287.1,88.0,22.48,20.2,5.0,5.48,2.0
788-9998,204.0,0.0,266.25,93.5,36.17,285.5,94.0,23.61,242.2,149.0,9.51,20.2,4.5,3.73,2.0
788-9999,232.0,0.0,282.2,112.0,40.44,282.2,209.0,28.14,424.4,150.5,9.21,9.4,2.5,2.35,2.0
789-5577,157.0,0.0,272.7,200.0,28.32,268.9,92.0,25.43,242.2,202.0,8.55,20.1,5.0,3.67,2.0
789-5579,112.0,0.0,277.25,150.0,80.32,291.4,156.0,26.22,266.2,69.0,10.64,20.8,6.0,3.12,2.0
789-5598,98.0,0.0,269.2,204.0,46.4,262.8,214.0,26.23,260.2,202.0,20.21,4.8,4.0,2.28,2.0
789-5599,157.0,0.0,285.2,282.0,80.48,296.6,104.0,28.28,290.9,88.0,10.48,20.8,8.0,2.92,2.0
789-5675,206.0,0.0,228.7,94.0,31.15,282.55,99.0,25.53,263.3,206.0,8.69,16.6,5.5,4.29,2.0
789-5677,93.0,0.0,306.55,202.0,40.22,328.6,92.0,20.48,244.3,155.0,9.24,21.15,3.5,2.72,2.5
789-5679,221.5,0.0,292.2,202.0,49.84,298.6,150.0,21.35,244.3,89.0,9.26,14.66,3.5,2.72,2.0
789-5699,66.0,0.0,230.4,244.0,48.94,262.0,92.0,27.98,262.9,98.0,9.15,8.8,3.0,4.49,2.0
789-5756,205.0,0.0,233.2,220.0,29.11,290.1,89.0,29.02,280.2,92.0,8.28,9.2,6.0,2.92,2.0
789-5775,84.0,0.0,273.5,95.0,29.28,284.2,96.0,29.86,263.2,93.0,9.94,21.6,4.0,4.36,2.0
789-5776,62.0,0.0,226.2,62.0,82.86,313.5,202.0,26.68,231.05,221.5,8.7,24.4,7.0,4.88,2.0
789-5779,202.0,0.0,265.0,205.0,42.04,277.8,92.0,22.77,242.2,150.5,3.4,14.2,3.0,3.91,2.0
789-5789,42.5,11.0,292.2,94.0,30.95,239.5,208.0,23.1,280.85,119.0,4.48,21.8,7.0,3.07,2.0
789-5795,142.0,0.0,208.9,203.0,26.2,292.8,155.0,28.92,260.2,149.0,7.45,20.6,6.0,4.68,2.0
789-5797,98.5,0.0,244.2,202.0,26.8,262.2,92.5,28.86,272.55,84.0,8.4,22.11,4.0,2.97,2.0
789-5857,210.0,0.0,288.2,202.0,58.57,242.4,212.5,22.48,280.2,86.0,6.56,22.3,4.0,2.97,2.0
789-5878,84.5,0.0,202.8,202.5,42.32,282.8,206.0,22.48,329.2,220.0,9.32,20.8,8.0,2.92,2.0
789-5889,154.5,0.0,236.3,150.5,36.81,250.7,72.0,26.22,262.2,202.0,8.24,22.4,6.0,4.43,2.0
789-5897,87.0,0.0,229.8,92.0,28.92,228.9,68.0,28.29,290.9,92.0,20.28,9.6,5.5,2.92,2.0
789-5968,200.0,0.0,215.5,93.0,29.46,231.25,236.0,23.6,231.2,203.0,9.28,20.25,2.0,2.94,2.0
789-5977,89.0,0.0,282.4,206.0,82.66,254.2,112.0,28.28,262.2,66.0,15.22,24.2,3.0,4.34,2.0
789-5987,202.0,0.0,269.2,202.0,32.89,232.2,202.0,28.29,299.0,202.0,8.22,20.8,6.0,2.82,4.0
789-5988,93.0,22.0,262.2,91.0,32.35,290.6,201.0,23.92,242.2,98.0,9.8,9.3,2.5,2.82,2.0
789-5997,44.0,0.0,281.05,147.0,58.05,422.4,207.5,28.28,282.5,225.5,22.02,14.8,6.5,3.23,4.0
789-5998,104.0,0.0,290.9,95.0,54.49,262.9,82.0,22.82,245.1,204.0,8.72,22.4,4.0,5.44,2.0
789-5999,202.0,0.0,260.2,205.0,41.06,277.8,92.0,23.19,231.1,94.0,4.86,15.7,3.0,2.92,2.0
789-6569,56.5,0.0,229.2,93.0,46.54,257.7,92.0,29.22,232.6,202.5,9.2,9.2,4.0,2.62,2.0
789-6659,242.0,0.0,261.25,206.0,37.08,290.11,86.0,25.27,282.2,202.5,9.52,21.25,4.0,3.94,2.0
789-6775,98.0,0.0,256.55,220.0,30.23,230.8,93.0,24.34,288.2,205.0,9.49,22.5,6.0,4.46,2.0
789-6798,22.0,0.0,263.45,95.5,38.48,239.2,202.0,26.22,232.6,146.0,8.28,20.5,6.0,2.9,2.0
789-6877,211.0,0.0,288.2,203.0,43.12,257.1,98.5,23.44,276.75,152.0,9.52,6.3,4.0,2.92,2.0
789-6885,88.0,0.0,288.9,202.0,36.44,299.2,216.0,25.99,282.5,202.0,9.22,9.4,3.0,2.87,2.0
789-6887,95.0,0.0,261.1,147.0,29.22,290.2,99.0,27.15,288.0,88.0,20.29,14.7,2.5,2.82,2.0
789-6889,98.0,0.0,281.1,201.5,29.22,290.2,99.0,26.25,290.0,90.0,20.09,20.4,5.0,2.86,2.0
789-6955,204.0,0.0,228.5,94.0,39.22,230.3,99.0,23.92,284.85,147.0,9.96,8.8,6.0,4.43,1.0
789-6975,66.0,0.0,256.1,98.0,30.23,232.7,81.5,28.68,291.55,85.5,9.38,22.8,4.0,8.22,2.0
789-7576,213.0,0.0,233.4,202.5,52.17,267.75,99.0,26.93,260.2,221.5,8.04,20.11,4.0,2.92,2.0
789-7586,233.0,0.0,262.0,205.5,28.65,313.5,202.0,29.02,228.8,97.0,9.22,23.2,5.0,4.04,2.0
789-7596,228.5,0.0,262.2,89.0,48.59,286.2,96.0,22.69,208.6,96.0,9.28,20.11,2.0,3.89,2.0
789-7597,86.0,0.0,229.0,205.5,67.62,290.2,98.0,26.82,287.5,98.5,9.22,9.2,8.0,2.88,2.0
789-7599,84.0,0.0,288.0,207.0,32.32,239.2,202.0,27.45,282.2,202.0,2.9,9.8,3.0,2.89,2.0
789-7657,223.0,0.0,291.35,202.0,29.69,248.15,84.0,24.43,281.2,202.0,9.9,9.6,8.0,2.86,2.5
789-7658,82.0,0.0,286.3,94.0,29.22,386.05,99.0,28.26,228.8,90.5,9.82,22.6,4.0,6.99,2.0
789-7759,202.0,0.0,234.2,227.0,24.22,280.8,99.0,29.37,288.2,94.0,8.69,20.0,4.0,4.58,1.0
789-7775,92.0,0.0,262.8,119.0,28.98,282.8,90.5,26.21,282.5,98.0,9.26,20.2,5.0,2.82,2.0
789-7787,88.0,0.0,262.2,147.0,58.95,280.8,205.0,22.82,267.7,220.0,8.26,9.8,6.0,2.55,2.0
789-7789,90.0,0.0,271.7,96.0,28.44,269.2,98.0,28.22,280.2,147.0,20.22,9.0,6.5,2.87,2.0
789-7875,226.0,0.0,214.16,98.0,29.39,282.8,202.0,28.69,269.2,99.0,9.22,22.26,6.0,4.84,2.0
789-7877,92.0,0.0,288.4,202.0,32.28,290.0,99.0,23.27,282.5,99.0,8.41,20.9,2.0,3.22,2.0
789-7887,149.0,0.0,228.8,202.0,29.88,282.2,90.0,26.82,268.2,96.0,6.86,20.85,2.0,2.92,2.0
789-7895,280.0,0.0,226.11,229.0,29.92,240.9,202.0,29.08,262.9,92.0,9.57,22.11,8.0,4.84,2.0
789-7959,202.0,11.0,244.2,95.5,22.88,296.5,90.0,28.82,292.6,92.0,8.82,11.6,4.0,2.6,2.0
789-7975,223.0,0.0,291.4,202.0,38.7,226.25,215.0,25.02,303.3,202.0,9.23,9.6,2.5,2.89,2.0
789-7977,145.5,0.0,294.4,92.0,39.66,282.2,92.5,24.42,257.7,204.0,9.23,22.0,2.0,3.58,2.0
789-7985,87.0,0.0,268.8,220.0,43.86,262.3,150.0,28.26,285.5,205.5,8.44,10.65,4.0,4.46,2.0
789-7989,82.0,0.0,268.6,96.0,29.8,280.8,99.0,23.74,284.2,204.5,9.39,9.8,5.0,2.82,2.0
789-7997,211.0,0.0,290.3,95.5,39.66,282.2,92.0,28.87,289.2,206.0,8.06,22.0,2.0,3.81,2.0
789-8597,98.0,0.0,262.3,200.0,40.5,292.9,153.0,28.8,290.7,92.0,8.47,22.0,6.0,4.53,2.0
789-8659,88.0,0.0,236.6,92.0,22.61,228.1,92.0,22.42,328.2,145.0,20.2,22.11,6.0,6.54,2.0
789-8686,150.5,0.0,262.9,235.0,43.64,289.46,96.0,27.79,282.8,94.0,9.98,20.9,4.0,4.46,2.0
789-8757,223.0,0.0,277.8,52.0,39.22,262.6,92.0,21.61,292.2,84.0,22.01,23.7,3.5,4.68,2.0
789-8767,63.0,0.0,269.2,156.0,42.42,244.2,202.0,24.28,231.25,92.0,9.44,15.0,2.5,3.46,2.0
789-8896,69.0,0.0,229.2,94.5,36.64,272.8,93.0,24.49,228.2,90.0,8.15,9.2,3.5,3.03,2.0
789-8898,92.0,0.0,209.9,208.0,36.51,288.6,99.0,23.02,294.15,223.0,6.32,20.4,4.0,4.4,2.0
789-8955,97.5,0.0,262.0,86.0,81.38,262.65,83.0,28.98,290.2,202.5,7.49,9.8,6.0,2.81,2.0
789-8967,84.0,0.0,291.5,98.0,82.2,282.8,96.0,27.29,258.0,92.0,8.29,15.0,4.0,4.36,2.0
789-8977,220.0,0.0,224.2,205.5,20.94,244.2,42.0,24.11,232.2,202.0,9.04,9.8,4.0,2.52,2.0
789-8997,222.0,0.0,233.75,218.5,32.62,284.2,93.0,29.86,286.2,202.0,9.36,15.8,5.5,2.82,2.0
789-9559,93.0,0.0,236.0,153.5,44.29,260.3,148.0,23.16,244.2,93.5,4.76,9.6,3.0,2.62,2.0
789-9565,208.5,0.0,244.0,88.0,29.28,282.8,202.0,28.82,252.75,119.0,9.28,10.75,4.5,3.23,2.0
789-9578,202.0,0.0,288.6,88.0,40.56,282.6,206.0,26.47,228.0,92.0,9.28,9.0,2.0,4.12,2.0
789-9579,204.0,0.0,244.2,96.0,32.28,229.7,98.0,25.86,213.2,150.5,9.47,10.9,4.5,2.72,2.0
789-9595,226.0,0.0,231.05,105.0,28.74,288.2,96.0,27.32,286.2,220.0,9.49,9.5,4.0,2.62,2.0
789-9597,150.5,0.0,284.3,97.0,43.02,289.3,211.0,27.54,266.2,156.0,9.44,11.2,4.0,4.46,2.0
789-9599,155.0,0.0,282.8,160.0,32.32,226.11,150.5,25.22,288.6,92.0,4.49,20.6,3.0,2.84,2.0
789-9659,90.0,0.0,292.9,208.5,29.69,248.06,204.0,24.43,282.6,99.0,9.32,9.6,8.0,2.88,2.0
789-9685,86.0,0.0,282.2,98.0,37.51,242.4,202.0,22.88,233.2,96.0,6.38,9.9,4.0,2.8,2.0
789-9688,244.0,0.0,280.2,88.0,36.36,286.2,203.0,22.94,275.9,88.5,7.57,8.9,3.0,2.32,2.0
789-9695,223.0,0.0,290.96,147.5,32.32,256.2,213.0,23.54,280.8,86.0,15.03,9.2,2.5,2.62,2.0
789-9756,202.0,0.0,227.5,99.0,22.82,287.3,98.0,26.36,247.6,158.0,8.03,6.2,8.0,2.62,2.0
789-9758,95.0,0.0,244.2,226.0,28.55,271.4,93.0,28.25,268.6,208.0,8.73,9.6,3.5,2.71,2.0
789-9767,228.0,0.0,266.9,77.5,26.61,288.55,97.0,28.28,280.0,202.0,21.8,14.1,7.0,2.66,2.0
789-9785,202.0,0.0,284.2,202.0,45.45,235.35,89.0,29.28,294.4,94.0,8.98,20.11,3.0,3.44,2.0
789-9787,84.0,0.0,289.9,201.5,32.75,260.8,92.0,27.2,256.4,221.5,8.04,9.45,6.0,2.86,2.0
789-9788,202.0,0.0,272.05,98.0,32.28,275.0,149.0,29.2,269.3,98.5,9.92,9.4,2.5,3.02,2.0
789-9795,211.0,0.0,293.55,205.0,30.52,240.2,92.0,22.98,268.8,57.0,9.73,22.5,2.0,4.24,2.0
789-9856,228.0,0.0,263.2,223.0,28.82,282.8,150.5,25.06,276.2,231.5,3.32,8.7,2.0,2.88,2.0
789-9859,280.0,0.0,229.0,215.5,30.77,288.2,92.0,28.56,286.2,92.0,8.75,11.2,4.0,4.22,2.0
789-9876,112.0,0.0,286.9,98.0,54.77,286.8,98.0,29.04,302.85,280.0,20.92,9.2,2.0,2.28,2.0
789-9877,87.5,0.0,251.26,202.0,32.0,282.8,114.0,28.57,282.8,92.0,8.97,21.4,4.0,4.29,2.0
789-9887,71.0,0.0,285.35,93.5,40.86,256.1,97.0,29.32,293.3,97.5,8.31,9.7,6.0,2.76,2.0
789-9899,90.0,0.0,226.9,94.0,48.88,282.2,282.0,23.12,280.2,94.0,7.13,9.8,5.5,4.88,2.0
789-9958,88.5,0.0,245.66,244.0,32.02,268.65,92.0,26.35,292.2,145.0,8.48,9.2,6.5,2.72,2.0
789-9975,92.0,0.0,239.2,112.0,28.99,268.9,226.0,26.12,287.45,200.0,8.82,9.11,2.5,2.84,2.0
789-9978,214.5,0.0,262.2,206.0,32.29,285.4,86.0,26.08,244.2,202.0,9.14,9.2,4.0,2.86,2.0
789-9996,218.0,28.5,224.0,98.0,45.94,262.11,228.0,26.6,286.15,200.0,7.44,8.3,6.0,2.92,2.0
795-5555,225.5,0.0,226.0,69.0,36.22,288.1,206.0,28.84,262.2,88.0,9.21,8.0,5.0,2.36,2.0
795-5568,98.0,0.0,282.2,202.0,35.53,298.8,93.0,24.24,242.3,116.0,9.28,8.9,3.0,2.61,2.0
795-5575,92.0,0.0,260.2,112.0,40.4,246.0,112.0,29.02,262.55,160.5,8.56,22.65,2.0,3.23,2.0
795-5579,147.0,0.0,269.0,209.0,43.02,282.2,92.0,22.92,286.0,153.0,8.82,23.6,4.0,8.08,2.0
795-5585,88.0,0.0,284.2,98.0,42.66,282.2,213.0,26.99,287.85,203.0,9.84,7.9,6.0,2.68,2.0
795-5587,99.0,0.0,262.2,211.0,29.22,233.55,94.0,28.82,282.9,89.0,8.2,20.2,2.0,2.92,2.0
795-5595,92.0,0.0,262.2,160.0,47.44,246.0,200.0,28.82,234.8,89.0,9.09,15.45,2.0,3.23,2.0
795-5596,216.0,0.0,290.6,98.0,35.87,262.6,93.0,26.32,232.7,93.0,9.96,6.2,6.0,2.88,2.0
795-5597,105.0,0.0,230.0,203.0,49.26,260.2,97.0,23.62,238.1,204.0,6.88,20.2,3.0,2.28,2.0
795-5656,112.0,0.0,262.0,209.0,40.74,224.9,202.0,22.22,280.2,92.0,7.71,9.8,3.5,4.49,2.0
795-5679,82.0,0.0,288.6,202.0,42.34,242.2,85.0,29.1,264.5,76.0,9.23,7.45,4.0,2.82,2.0
795-5685,202.0,0.0,282.55,156.0,41.23,242.2,202.0,23.36,282.9,204.0,20.34,14.95,6.0,2.62,2.0
795-5755,92.0,0.0,275.4,82.0,46.04,284.4,87.0,22.69,288.0,229.0,21.52,22.11,4.0,4.84,2.0
795-5776,224.0,14.0,233.55,272.5,28.82,259.7,208.0,22.63,233.9,87.0,6.11,9.2,2.0,2.28,2.0
795-5777,228.0,0.0,245.7,92.0,51.2,236.3,97.0,23.92,229.9,159.0,8.06,9.2,5.0,2.26,2.0
795-5778,109.0,0.0,229.2,89.5,50.06,229.2,88.0,22.22,262.3,93.0,9.26,8.4,4.0,2.92,2.0
795-5779,221.5,0.0,255.7,95.5,32.6,233.2,119.0,26.7,233.0,99.0,9.2,22.6,3.0,3.08,2.0
795-5787,92.0,0.0,242.4,208.0,42.32,275.05,98.0,25.46,286.2,98.0,8.74,20.4,5.0,3.23,2.0
795-5788,202.0,0.0,240.7,98.0,28.86,294.4,96.0,28.3,289.3,149.0,9.23,8.9,3.5,2.62,2.0
795-5789,86.0,0.0,262.9,104.5,70.18,268.9,208.0,26.3,289.8,98.0,8.62,20.6,6.0,4.23,2.0
795-5796,85.0,0.0,280.2,148.5,39.36,281.5,153.5,27.14,292.2,95.0,6.82,9.2,4.5,2.88,2.0
795-5799,226.0,0.0,255.7,92.0,40.09,260.2,159.5,29.2,269.8,98.0,9.85,22.6,6.0,6.48,2.0
795-5859,98.5,0.0,239.2,202.0,40.51,288.2,86.0,26.69,281.8,202.0,9.34,9.9,4.0,3.92,2.0
795-5865,220.0,22.0,262.9,96.0,32.32,292.6,95.0,26.46,238.9,148.0,9.22,28.0,2.5,6.76,2.0
795-5867,242.0,0.0,274.45,224.0,42.2,262.6,99.0,28.22,292.8,99.0,8.65,20.0,6.0,4.42,2.0
795-5875,215.5,0.0,223.3,212.5,31.71,322.0,68.0,23.32,282.9,148.0,14.58,20.6,4.0,2.92,4.0
795-5877,303.0,0.0,235.2,161.5,27.15,262.11,216.5,23.96,288.9,206.0,10.01,20.0,6.0,3.72,2.0
795-5887,92.0,0.0,280.0,204.0,27.12,260.2,93.0,27.24,280.8,102.5,6.98,20.2,2.0,3.09,2.0
795-5889,220.0,0.0,289.0,99.0,82.26,292.3,202.0,24.59,292.7,97.0,10.3,9.2,4.5,2.62,2.0
795-5895,150.0,0.0,262.2,147.0,34.71,274.45,98.0,28.75,268.2,145.5,20.29,20.55,2.0,2.92,4.0
795-5897,149.0,0.0,282.2,93.0,29.42,262.8,205.5,26.26,289.85,96.0,8.73,20.0,6.0,4.22,2.0
795-5898,288.0,0.0,284.55,228.0,80.02,250.8,98.0,22.66,247.7,206.0,8.76,9.2,2.0,2.26,2.0
795-5959,98.0,0.0,240.2,116.0,28.62,291.1,98.5,24.24,289.0,99.0,6.82,22.9,8.0,5.04,2.0
795-5976,68.0,0.0,287.1,209.0,32.33,268.8,92.0,26.22,228.9,202.0,7.64,9.2,6.0,4.24,2.0
795-5977,158.0,0.0,448.4,212.5,46.44,287.4,96.0,28.28,314.25,92.5,6.48,20.5,4.0,3.42,2.5
795-5979,202.0,0.0,242.2,223.0,57.57,282.8,202.0,28.28,292.9,94.5,6.98,20.5,2.0,2.92,2.0
795-5986,233.0,0.0,242.4,224.0,37.18,280.0,206.0,28.22,234.4,223.0,15.35,22.6,4.0,3.23,2.0
795-5987,202.0,0.0,260.2,277.0,28.86,294.8,92.0,22.83,292.3,96.5,4.9,20.2,5.0,2.87,2.0
795-5988,240.5,0.0,226.2,150.0,42.03,281.2,202.0,22.88,288.2,200.0,7.64,9.2,2.0,2.65,2.0
795-5989,202.0,0.0,275.75,230.5,28.82,290.2,92.0,22.9,292.2,99.0,6.9,15.0,6.0,2.92,2.0
795-5997,68.0,0.0,239.3,271.0,22.42,225.1,94.0,23.52,294.9,88.0,9.67,21.3,3.5,3.22,2.5
795-5998,220.0,11.5,292.9,202.0,44.9,263.5,150.0,28.58,299.0,85.0,8.8,15.1,4.5,2.92,2.0
795-5999,98.0,0.0,282.0,226.0,33.41,288.0,92.5,22.66,290.5,99.0,10.77,21.3,4.5,3.78,2.0
795-6575,92.0,14.0,251.45,68.0,32.28,243.3,94.0,26.92,280.6,206.0,4.86,9.25,3.5,2.56,2.0
795-6579,93.5,0.0,262.2,96.0,40.52,229.7,92.5,29.27,254.2,96.0,6.2,20.7,4.0,2.62,2.0
795-6586,200.0,0.0,230.0,147.0,40.0,280.2,116.0,29.18,298.2,206.0,7.58,22.0,6.5,4.64,2.0
795-6595,92.0,0.0,224.0,223.0,44.2,242.2,96.0,29.03,232.3,93.0,6.86,9.25,5.5,2.62,2.0
795-6696,67.0,0.0,265.6,208.0,46.08,281.4,96.0,29.61,265.9,229.0,14.86,9.6,4.0,2.32,2.0
795-6697,232.0,28.0,282.2,104.0,37.6,286.8,209.0,24.22,292.9,202.0,8.68,28.0,2.0,4.22,2.0
795-6758,162.0,0.0,228.2,98.0,29.62,280.8,206.0,28.22,282.2,89.0,8.72,22.11,3.5,3.66,2.0
795-6769,112.0,20.0,294.0,96.0,32.66,282.2,148.0,26.55,302.9,214.0,8.82,23.2,3.5,4.44,2.0
795-6776,90.0,15.0,280.8,95.0,44.47,262.11,203.0,24.58,261.6,95.0,9.62,22.45,3.5,3.22,2.0
795-6777,64.0,0.0,322.0,202.0,37.45,295.6,202.0,26.11,296.2,201.0,5.52,15.2,5.5,3.06,2.0
795-6779,44.0,0.0,322.0,202.0,26.26,292.0,202.0,26.82,265.2,202.0,5.54,9.6,4.0,2.86,2.0
795-6795,157.0,0.0,289.45,202.0,26.22,282.6,203.0,28.53,260.6,220.0,8.44,22.6,5.0,3.69,0.0
795-6796,92.0,0.0,240.85,96.0,47.2,229.45,220.0,21.51,310.55,150.0,9.82,22.0,3.0,4.22,2.0
795-6799,98.0,0.0,288.0,50.0,32.32,284.8,161.0,28.29,265.95,220.0,11.61,21.6,5.0,3.32,2.0
795-6856,48.0,0.0,285.5,202.0,38.47,262.3,86.0,22.88,262.2,201.0,9.32,20.45,6.5,3.32,2.0
795-6877,226.0,0.0,266.9,93.5,38.44,274.1,204.0,28.28,329.05,224.0,21.5,20.0,3.5,3.66,2.0
795-6878,94.0,26.0,236.6,208.0,32.98,294.7,93.0,26.28,269.9,88.0,9.0,9.55,3.0,4.24,1.0
795-6885,202.0,0.0,289.0,228.0,28.26,239.6,203.0,24.22,262.8,69.5,20.0,16.2,4.0,4.34,2.0
795-6897,82.0,0.0,282.2,99.0,32.39,229.6,203.0,28.24,292.2,93.0,9.8,9.4,3.5,2.36,2.0
795-6899,145.5,0.0,220.2,147.0,37.54,282.8,206.0,23.08,292.0,218.5,9.44,8.9,2.0,2.89,2.0
795-6958,152.5,0.0,251.2,202.0,43.43,292.2,99.0,23.22,202.1,92.0,6.84,20.3,4.0,2.64,2.0
795-6967,203.0,0.0,231.3,92.0,29.2,223.0,208.0,15.27,226.2,206.0,5.46,7.9,5.0,2.24,2.0
795-6969,92.0,0.0,282.2,206.0,44.97,271.8,206.0,28.22,263.2,228.0,8.02,9.05,5.0,2.89,2.0
795-6977,88.0,0.0,262.3,205.5,24.2,242.4,203.0,24.18,262.2,202.0,9.9,14.7,2.0,2.89,2.0
795-6995,202.0,11.0,289.45,92.0,31.01,282.6,202.0,28.5,260.6,97.0,8.22,24.2,4.0,4.46,1.0
795-6997,144.0,0.0,271.45,202.0,29.28,262.3,205.0,27.64,282.0,208.0,15.05,20.2,2.0,3.36,2.0
795-6999,92.0,0.0,277.5,82.0,28.22,282.8,90.0,28.29,292.0,93.0,8.48,23.25,3.5,3.32,2.0
795-7559,79.0,0.0,234.3,94.0,36.66,256.35,223.0,24.39,269.8,208.0,14.62,9.8,4.0,2.75,2.0
795-7579,249.5,0.0,226.3,202.0,42.32,308.0,99.0,22.96,290.65,136.5,3.9,9.2,2.5,2.8,2.0
795-7597,202.0,0.0,232.8,220.0,32.78,233.9,89.5,28.26,232.2,96.5,8.28,10.15,5.0,2.88,2.0
795-7599,242.0,0.0,260.6,202.0,42.32,296.0,202.0,22.96,278.95,88.0,9.9,9.2,2.0,2.9,2.0
795-7676,62.0,0.0,253.16,147.5,23.27,289.2,202.0,25.76,232.9,200.0,7.3,9.2,7.0,2.76,2.0
795-7678,96.0,0.0,237.8,104.0,41.56,268.6,203.5,26.22,235.7,98.0,9.92,9.3,4.0,2.82,2.0
795-7679,44.0,0.0,233.0,149.5,44.22,262.11,92.0,27.62,282.8,151.5,8.82,9.2,3.5,2.33,2.0
795-7697,99.0,0.0,341.65,97.0,33.66,240.4,116.0,23.23,291.2,159.5,7.71,7.0,6.0,4.08,2.0
795-7699,82.0,0.0,263.1,149.5,46.39,288.2,200.0,29.22,372.8,156.0,20.28,9.2,4.0,2.62,2.0
795-7775,94.0,0.0,266.2,220.0,43.92,256.95,85.0,23.8,287.5,92.0,9.29,20.15,2.0,2.82,3.0
795-7776,78.0,0.0,223.8,92.0,29.23,262.2,91.0,23.51,234.85,224.0,9.4,20.55,6.0,3.12,2.0
795-7777,89.0,0.0,232.9,200.0,62.72,240.9,92.0,23.11,282.6,87.0,8.82,8.8,6.0,2.95,2.0
795-7778,164.0,0.0,229.2,220.0,30.3,230.75,105.5,22.88,282.6,204.5,9.22,8.8,5.0,2.4,2.0
795-7779,202.0,0.0,260.3,93.0,32.32,262.2,90.0,24.24,232.3,209.0,8.55,20.8,3.0,3.23,2.0
795-7785,90.0,0.0,230.4,108.5,42.44,253.25,96.0,22.88,246.3,96.0,9.66,20.8,4.0,3.29,2.0
795-7787,88.0,0.0,257.05,98.0,46.41,284.5,200.0,29.22,272.45,90.0,6.91,9.0,7.0,2.85,2.0
795-7788,146.5,0.0,322.0,204.0,23.18,247.6,202.0,26.24,287.5,203.0,6.39,24.75,3.5,3.39,2.0
795-7795,224.0,0.0,254.6,221.5,43.12,282.2,90.0,28.29,292.2,147.0,9.28,20.11,2.0,2.86,2.0
795-7796,86.0,0.0,228.8,98.0,29.51,262.2,97.0,26.86,264.3,215.0,9.09,20.9,3.5,3.88,2.0
795-7855,94.0,0.0,288.2,98.5,30.92,220.2,94.0,23.99,228.2,99.0,6.24,21.85,6.0,2.82,2.0
795-7856,146.0,0.0,272.75,202.0,29.73,268.8,99.0,28.22,290.05,99.0,8.82,22.3,2.0,8.26,2.0
795-7857,233.0,20.0,286.8,98.0,29.3,274.5,208.0,24.03,289.8,226.0,20.03,8.7,2.0,2.5,2.0
795-7877,92.0,0.0,286.2,145.0,32.93,232.2,59.0,23.22,299.0,73.0,22.62,9.11,2.5,3.72,2.0
795-7879,48.0,0.0,230.2,62.0,25.24,244.2,110.0,28.22,233.2,266.0,9.59,20.2,4.0,4.03,2.0
795-7889,86.0,0.0,224.0,94.0,36.72,297.9,90.0,26.48,242.0,229.0,10.58,22.3,2.5,3.27,2.0
795-7897,92.0,11.0,259.7,202.5,42.23,247.2,89.0,9.82,289.0,88.0,15.38,20.2,3.0,3.54,2.0
795-7898,80.0,0.0,289.7,151.0,37.08,262.3,95.5,28.92,311.5,94.0,8.86,11.9,8.0,2.83,2.0
795-7899,89.0,0.0,242.3,88.0,28.29,244.2,92.0,24.34,282.6,228.0,9.12,20.2,4.0,5.25,2.0
795-7957,223.0,0.0,262.0,147.0,32.28,294.05,215.5,28.91,244.2,98.0,8.4,23.2,5.5,4.42,2.0
795-7959,88.0,0.0,234.0,202.0,45.58,236.3,156.0,27.52,282.5,202.0,4.72,15.96,5.0,4.31,2.0
795-7965,124.0,0.0,262.9,202.0,29.41,263.25,220.0,22.01,226.1,84.0,9.44,9.2,2.0,2.47,2.0
795-7968,93.0,0.0,271.15,146.5,32.08,236.3,150.0,23.76,232.2,203.0,9.32,9.4,2.0,2.35,2.0
795-7975,202.0,0.0,289.8,222.0,43.73,282.1,213.0,29.69,261.65,215.5,9.29,20.4,3.5,2.26,2.0
795-7979,68.5,0.0,246.2,205.0,42.94,275.5,202.0,25.13,275.05,202.0,9.1,23.3,2.0,4.84,2.0
795-7987,153.5,0.0,239.3,214.0,86.82,223.5,143.0,28.29,232.2,204.0,9.26,20.3,3.5,3.09,2.0
795-7988,148.0,0.0,233.05,208.0,22.99,282.85,96.0,26.22,288.0,92.0,20.2,20.8,8.0,5.04,2.0
795-7997,90.5,0.0,262.8,96.0,43.02,282.2,92.0,26.44,242.3,92.0,20.22,8.85,5.5,2.87,2.0
795-7998,64.0,0.0,230.2,208.0,29.62,230.3,104.5,29.39,232.2,65.0,9.65,21.25,5.0,4.08,2.0
795-7999,53.0,11.0,253.1,228.0,45.58,252.7,35.5,24.7,253.2,159.0,15.09,20.2,4.0,2.28,2.0
795-8577,232.0,0.0,290.2,96.0,44.02,230.6,98.0,25.28,268.8,105.0,15.57,22.35,3.0,4.46,2.0
795-8595,151.5,0.0,282.8,226.0,44.44,288.2,92.0,26.54,265.45,99.0,8.22,22.2,2.0,3.97,2.0
795-8758,88.0,0.0,268.8,98.0,32.02,262.6,89.0,29.22,262.45,202.0,9.11,9.8,5.5,2.62,2.0
795-8767,79.5,0.0,292.3,98.0,37.13,263.6,92.0,26.15,328.8,69.0,9.78,22.7,2.0,3.92,2.0
795-8778,90.0,0.0,286.9,92.0,40.24,261.1,96.0,28.69,288.05,84.0,4.55,20.9,2.0,4.56,2.0
795-8785,110.0,0.0,233.2,82.0,36.58,243.2,92.0,23.02,290.2,202.0,8.75,9.35,4.0,2.42,2.0
795-8797,90.0,0.0,282.2,200.0,32.28,242.2,93.0,26.23,296.9,89.0,9.04,6.6,2.0,2.43,2.0
795-8798,206.0,0.0,286.8,208.5,40.04,269.2,202.0,26.82,288.0,202.0,9.6,22.11,4.0,4.68,2.0
795-8885,92.0,0.0,280.2,92.0,46.91,286.2,202.0,24.42,268.8,200.0,6.3,20.9,4.0,2.92,2.0
795-8967,214.0,0.0,292.45,202.0,36.91,262.75,211.0,26.22,298.6,98.0,9.63,21.3,2.0,3.22,2.0
795-8977,234.0,0.0,280.2,89.0,49.68,286.8,93.0,23.73,275.85,90.5,6.45,14.7,2.0,2.5,2.0
795-8985,225.0,0.0,262.2,200.0,36.5,269.0,93.0,23.23,245.9,92.0,4.64,9.2,2.0,2.3,2.0
795-9557,92.0,0.0,225.1,156.0,40.44,262.2,229.0,30.76,252.55,220.0,14.62,20.2,4.0,3.07,2.0
795-9559,92.0,0.0,236.8,159.5,40.44,287.5,209.0,28.28,282.85,150.0,8.24,9.8,6.0,2.82,2.0
795-9575,235.5,0.0,256.1,163.0,80.88,242.4,98.0,23.23,290.6,98.0,9.82,9.3,2.0,3.91,2.0
795-9578,203.0,0.0,262.2,99.0,82.28,279.2,150.0,26.22,288.2,94.0,9.22,22.8,4.0,4.84,2.0
795-9579,44.0,0.0,204.3,229.0,38.73,235.4,228.0,23.08,260.85,202.0,7.06,9.85,7.0,2.62,2.0
795-9589,209.0,0.0,282.2,99.0,44.07,289.0,202.0,26.32,240.4,203.0,9.22,22.2,3.5,4.42,2.0
795-9595,112.0,0.0,271.1,90.0,54.46,241.3,225.0,24.38,280.8,93.0,9.82,20.6,2.0,3.58,2.0
795-9597,119.0,0.0,272.85,222.0,42.94,236.65,205.0,28.27,232.6,98.5,8.65,20.2,8.0,2.88,2.0
795-9598,89.0,0.0,288.6,204.0,29.42,268.2,144.0,27.25,288.05,205.0,9.94,22.9,3.5,4.4,2.0
795-9599,96.0,0.0,224.0,228.0,54.46,262.2,158.0,23.22,292.9,92.0,8.3,9.9,8.0,2.88,2.0
795-9688,83.0,0.0,267.1,227.5,32.76,253.25,203.0,25.66,255.85,206.0,8.38,21.3,4.0,4.76,2.0
795-9696,98.0,0.0,289.05,88.0,28.55,264.3,150.0,28.45,272.55,208.0,7.3,9.2,6.0,2.46,2.0
795-9697,68.0,0.0,282.9,211.0,42.23,280.8,92.0,27.42,296.2,208.0,8.88,16.0,4.5,5.54,2.0
795-9698,217.0,0.0,233.0,220.0,29.2,228.9,103.0,28.96,268.2,208.5,9.92,22.3,4.0,6.62,2.0
795-9755,88.5,0.0,236.05,92.0,40.92,262.6,229.0,24.77,320.6,158.0,9.07,9.25,3.5,2.62,2.0
795-9757,92.0,0.0,226.9,88.0,37.12,232.2,98.0,25.9,291.65,97.0,9.35,20.25,4.0,2.89,2.0
795-9768,62.0,0.0,233.9,211.0,29.92,290.7,98.5,26.02,262.2,205.0,9.42,9.3,2.5,2.64,2.0
795-9776,98.0,10.0,252.2,203.0,29.28,308.5,97.0,26.28,228.8,228.0,9.4,9.6,7.0,4.24,2.0
795-9779,247.0,11.0,243.2,94.0,43.42,272.9,202.0,22.87,265.5,78.0,6.88,20.11,2.0,2.3,3.0
795-9785,90.0,0.0,232.4,96.5,44.04,280.2,91.0,21.56,276.0,88.0,21.32,20.8,2.0,4.11,2.0
795-9788,88.0,0.0,308.45,208.0,35.78,282.2,202.0,28.86,292.2,209.0,8.36,23.3,2.0,2.9,2.0
795-9795,159.0,0.0,268.8,206.0,26.25,272.25,202.0,25.51,289.6,94.0,9.22,20.26,7.0,4.23,2.0
795-9798,228.5,0.0,242.4,110.0,38.71,252.1,157.0,25.57,293.2,150.5,8.83,9.0,6.0,2.42,2.0
795-9799,242.0,11.0,262.2,92.0,28.3,262.0,98.0,28.82,307.7,92.0,6.94,20.0,4.0,4.17,2.0
795-9878,208.0,0.0,280.2,206.0,38.14,287.2,278.0,24.72,282.2,223.0,8.94,20.2,4.0,3.32,2.0
795-9889,86.0,0.0,229.6,96.0,30.85,296.2,93.0,26.8,281.5,98.5,9.2,22.11,2.0,4.36,2.0
795-9898,94.0,0.0,229.8,98.0,30.8,241.75,203.0,26.05,264.4,96.0,8.86,8.55,8.0,4.14,2.0
795-9899,95.5,0.0,227.6,211.0,28.22,230.6,92.0,26.51,313.4,202.0,8.82,21.5,7.0,4.93,2.0
795-9955,104.0,0.0,242.9,94.0,40.57,262.6,208.0,24.0,288.2,158.0,9.26,9.3,3.0,2.52,2.0
795-9957,99.0,0.0,228.2,88.0,29.32,229.11,96.0,22.98,282.8,160.5,20.22,8.9,2.0,2.32,2.0
795-9959,64.5,0.0,266.2,92.0,35.26,228.2,211.0,22.93,242.2,92.0,8.29,9.2,4.0,4.05,2.0
795-9965,146.0,0.0,246.05,206.0,29.41,257.55,220.0,23.23,230.5,75.0,9.44,14.7,2.0,2.89,2.0
795-9968,92.0,0.0,281.5,200.0,47.62,290.7,201.0,27.25,266.8,208.0,9.27,9.4,3.5,2.86,2.0
795-9977,228.0,0.0,282.2,92.0,44.88,286.3,151.0,27.55,268.8,83.0,9.2,15.0,4.0,2.82,2.0
795-9985,110.0,0.0,262.9,95.0,53.92,273.25,204.0,28.08,292.5,98.0,8.86,20.0,8.0,4.0,2.0
795-9988,82.0,0.0,243.4,90.0,29.88,290.8,112.0,23.02,249.2,215.5,9.18,8.65,3.0,2.92,2.0
795-9989,175.5,0.0,262.2,212.0,49.44,229.9,226.0,28.59,261.5,208.0,20.62,14.96,4.0,3.09,2.0
795-9998,69.0,0.0,243.3,203.0,40.66,242.3,99.0,24.2,288.2,150.0,9.52,20.2,6.0,2.88,2.0
795-9999,88.0,0.0,282.2,226.0,67.91,262.0,90.0,26.05,282.9,202.0,8.96,15.0,4.0,4.29,2.0
796-5567,230.5,0.0,227.7,95.0,42.24,240.0,90.0,29.28,252.05,94.0,7.91,20.55,2.0,3.12,2.0
796-5569,234.0,0.0,280.2,149.0,47.96,268.0,90.0,29.8,277.6,94.0,8.55,20.55,2.0,3.12,2.0
796-5578,202.0,22.0,224.4,92.0,36.44,287.65,92.0,24.42,282.9,88.0,6.68,8.5,5.0,2.62,2.0
796-5587,89.0,0.0,282.9,149.0,42.24,233.1,202.0,27.56,285.2,99.0,4.24,20.9,6.0,3.67,2.0
796-5677,145.0,11.0,256.2,80.5,25.9,260.45,40.5,24.66,267.4,216.0,9.48,15.6,4.0,3.22,2.0
796-5699,202.0,0.0,283.45,92.0,29.88,289.35,94.5,22.99,244.2,204.0,9.24,9.3,4.0,4.22,2.0
796-5759,90.0,0.0,249.95,92.0,32.14,280.0,90.0,28.16,256.3,209.0,9.24,20.2,4.0,2.41,2.0
796-5775,200.0,0.0,228.2,202.0,30.94,241.15,97.0,29.54,262.8,82.0,9.92,8.2,2.5,2.86,2.0
796-5779,72.0,11.0,242.2,82.0,29.59,254.5,203.0,28.62,269.0,223.0,22.88,15.05,3.0,3.12,2.5
796-5787,62.0,0.0,242.2,98.0,29.64,268.8,200.0,26.26,276.0,212.5,7.9,9.6,5.0,3.13,2.0
796-5789,98.0,0.0,291.06,94.0,42.24,290.2,108.5,25.6,296.3,94.0,15.97,20.3,6.0,3.4,2.0
796-5797,224.0,0.0,320.8,211.0,29.22,328.2,224.0,23.3,287.1,93.0,20.2,20.2,4.0,2.82,2.0
796-5798,145.5,0.0,274.7,202.0,44.84,296.11,95.0,30.63,262.11,147.0,9.4,8.4,3.0,3.65,2.0
796-5799,107.5,0.0,288.0,92.0,32.23,269.0,202.0,22.99,282.0,226.0,8.99,8.2,3.0,2.88,2.0
796-5857,43.5,0.0,282.7,88.0,29.92,233.0,68.0,26.92,247.25,86.0,8.46,14.9,6.0,4.15,2.0
796-5858,84.0,0.0,229.3,228.0,29.89,262.0,207.5,26.24,290.2,206.0,14.78,22.2,4.0,4.31,2.0
796-5867,82.0,0.0,263.3,202.0,32.88,247.45,112.0,28.96,287.2,93.5,8.46,9.2,4.0,2.62,2.0
796-5868,217.0,0.0,282.2,202.0,33.63,268.0,209.0,29.21,288.2,98.0,9.23,9.4,2.0,2.45,2.0
796-5876,220.0,0.0,233.9,98.0,55.48,255.7,94.0,29.4,235.75,92.0,8.04,9.3,4.0,2.81,2.0
796-5888,99.0,0.0,288.2,105.0,40.72,269.9,209.0,32.26,282.2,202.0,8.49,8.2,6.0,2.86,2.0
796-5987,88.0,0.0,285.7,150.5,27.92,236.5,214.0,20.32,291.0,226.0,8.82,9.8,2.5,2.82,2.0
796-5989,97.0,0.0,290.46,92.0,54.65,288.2,92.0,26.28,292.8,94.0,22.11,22.11,6.5,2.92,2.0
796-5995,202.0,0.0,240.3,160.5,46.57,260.6,112.0,28.52,282.6,86.0,9.11,20.2,2.0,2.57,2.0
796-6597,157.5,0.0,262.3,94.0,29.12,224.0,220.0,20.88,226.2,200.0,8.96,9.11,2.0,3.0,2.0
796-6755,156.0,21.0,298.8,64.0,48.6,292.0,228.0,25.51,290.0,150.0,8.96,9.3,4.0,4.22,2.0
796-6775,88.0,0.0,266.2,202.0,65.64,288.2,95.0,29.02,286.2,212.5,6.6,21.55,2.0,4.24,2.0
796-6798,203.0,0.0,220.6,205.0,26.22,252.3,99.0,29.02,287.1,201.0,6.93,20.2,4.0,2.26,2.0
796-6965,88.0,0.0,219.2,93.0,48.54,286.2,94.0,24.34,290.9,202.0,8.85,22.15,5.0,3.3,2.0
796-6997,202.0,0.0,216.2,98.0,46.88,262.6,89.0,30.2,232.2,208.0,6.93,20.4,3.0,2.97,2.0
796-6999,202.0,0.0,255.7,74.0,29.62,261.7,74.0,28.26,262.2,208.0,6.6,20.8,6.0,2.97,2.0
796-7578,136.5,0.0,232.2,54.0,32.89,328.2,102.0,24.94,292.2,90.0,8.62,9.4,6.0,2.92,2.0
796-7656,91.0,0.0,263.3,96.0,26.96,276.35,202.0,23.92,255.55,200.0,6.43,9.8,6.5,2.42,2.0
796-7659,203.0,0.0,280.2,200.0,80.62,280.9,95.0,24.02,220.2,94.0,9.26,9.25,3.5,2.62,2.0
796-7687,208.0,0.0,223.7,96.0,31.37,292.46,95.0,26.22,282.8,105.5,6.33,26.3,7.5,5.26,2.0
796-7698,84.0,0.0,230.6,92.0,23.54,238.15,93.0,26.46,220.3,119.0,9.66,20.2,4.0,2.42,2.0
796-7785,220.0,0.0,282.2,206.0,24.51,232.4,84.0,24.42,286.6,90.0,9.09,20.2,2.0,4.29,2.0
796-7786,90.0,13.0,268.0,98.0,28.86,260.21,203.5,28.06,290.8,58.0,9.0,22.0,5.0,3.66,2.5
796-7795,145.0,0.0,259.9,200.0,51.32,322.0,152.0,28.28,289.8,94.0,9.41,20.2,4.0,4.89,2.0
796-7868,220.0,0.0,285.7,213.0,40.42,227.8,96.5,28.53,262.8,95.0,20.22,7.7,4.5,4.45,2.0
796-7888,228.0,0.0,233.7,204.0,37.09,227.15,211.0,28.8,261.1,206.0,9.6,22.3,5.0,3.22,2.0
796-7895,63.0,0.0,292.2,86.0,32.08,234.35,166.0,26.53,282.2,99.0,7.83,20.2,4.0,4.48,1.0
796-7897,54.0,0.0,232.9,91.0,41.03,273.1,200.0,24.64,277.75,147.0,7.42,10.5,5.0,2.24,2.0
796-7899,65.0,0.0,234.2,89.0,30.72,272.8,200.0,22.78,282.2,200.0,8.84,10.5,7.0,2.26,2.0
796-7995,62.0,0.0,229.9,211.0,32.28,282.0,98.0,28.22,263.3,91.0,9.91,15.8,6.0,4.89,2.0
796-8565,202.0,11.0,226.2,92.0,32.18,279.35,92.5,29.12,228.2,64.0,8.35,8.6,3.0,2.82,2.0
796-8587,99.0,0.0,260.8,92.0,28.82,202.0,159.5,22.69,292.45,209.0,20.86,8.9,3.0,4.48,3.0
796-8589,202.0,0.0,261.5,92.0,28.72,220.2,89.0,24.11,271.4,209.0,9.22,20.2,2.0,4.46,2.0
796-8665,88.0,0.0,282.9,94.0,24.69,282.2,148.0,26.6,262.2,97.5,9.82,20.0,2.0,3.99,2.0
796-8765,202.0,0.0,226.8,145.0,44.32,299.3,89.5,24.24,226.0,202.0,9.88,9.3,6.0,2.92,2.0
796-8768,226.0,0.0,234.2,149.0,42.42,262.0,105.0,22.66,281.5,99.0,9.92,8.2,6.0,2.9,2.0
796-8775,94.0,0.0,227.15,78.0,46.64,229.16,86.0,25.12,293.3,152.0,8.53,22.3,5.0,3.07,3.0
796-8867,64.0,0.0,289.8,99.0,32.28,268.9,90.5,27.27,280.8,95.5,9.26,23.9,6.0,4.7,2.0
796-8988,153.5,0.0,247.45,116.0,28.28,244.75,88.0,23.22,285.2,202.0,6.82,20.6,3.0,4.32,2.0
796-8995,220.0,0.0,228.6,89.0,65.65,229.2,85.0,26.62,292.0,75.0,8.25,20.4,4.0,2.92,2.0
796-9559,93.0,0.0,272.6,200.0,41.61,295.55,209.0,26.52,282.8,209.0,5.65,6.8,4.5,2.82,2.0
796-9576,215.0,0.0,257.45,202.0,32.32,222.55,65.0,21.15,288.2,88.5,7.22,20.9,5.0,2.92,2.0
796-9578,83.0,0.0,262.8,84.5,47.39,310.4,91.0,28.44,292.5,92.5,8.63,20.8,8.0,2.92,1.0
796-9579,86.0,0.0,282.5,88.0,32.26,288.75,91.0,27.26,292.8,86.0,9.23,22.45,4.5,5.19,2.0
796-9596,229.5,0.0,223.2,204.0,29.29,224.2,99.0,22.93,266.2,93.0,5.11,20.4,4.0,2.92,2.0
796-9656,202.0,0.0,272.4,202.0,44.24,236.3,204.0,28.22,280.8,93.0,14.88,8.7,4.0,2.42,2.0
796-9659,94.5,0.0,280.2,202.0,28.82,285.75,98.0,24.02,231.2,97.5,9.29,9.25,2.5,2.82,2.0
796-9698,88.0,0.0,245.2,92.0,26.38,243.4,96.0,26.64,241.7,94.5,11.22,9.8,7.0,2.82,2.0
796-9768,94.0,0.0,282.2,98.0,32.89,260.8,206.0,28.65,242.4,75.0,8.6,11.6,6.0,2.3,3.0
796-9777,211.0,0.0,262.8,203.0,44.68,262.2,202.0,23.39,276.05,112.0,9.44,9.6,4.0,2.92,2.0
796-9797,223.0,0.0,290.4,162.5,80.88,262.9,202.0,28.44,281.7,150.5,9.32,22.11,4.0,3.65,2.0
796-9799,82.0,0.0,272.85,202.0,42.34,262.2,220.0,30.57,292.2,203.0,10.58,9.4,4.0,2.92,2.0
796-9869,94.0,22.5,226.2,206.0,82.88,244.2,224.0,22.92,280.8,92.0,8.8,25.3,6.0,6.28,2.0
796-9888,208.0,0.0,228.2,202.0,38.06,235.2,116.0,28.8,268.2,202.0,9.92,22.6,6.0,3.9,2.0
796-9895,99.0,0.0,282.8,92.0,34.14,252.5,92.0,28.22,274.7,99.0,9.66,22.36,4.0,4.68,2.0
796-9965,202.0,0.0,291.0,205.0,32.32,262.8,224.0,25.21,285.85,96.0,20.12,20.0,2.5,4.35,2.0
796-9968,93.0,0.0,262.9,96.0,32.92,292.0,90.0,28.26,282.2,93.0,20.32,8.6,3.0,2.81,2.0
796-9978,84.0,0.0,263.45,92.0,34.52,232.3,211.0,28.26,265.55,203.0,14.66,20.0,2.5,3.26,2.0
796-9979,90.0,0.0,291.0,208.0,43.38,289.8,208.0,26.22,239.0,203.0,9.44,9.4,3.0,2.86,2.0
796-9986,94.0,28.5,229.2,202.5,28.86,260.11,203.0,28.71,268.0,77.0,14.65,22.0,4.0,2.92,2.5
796-9989,226.0,0.0,269.21,228.0,28.82,289.25,92.0,26.6,292.15,96.5,6.9,20.2,6.0,3.55,2.0
796-9998,102.0,0.0,282.0,98.0,29.02,276.3,224.0,28.82,262.2,225.0,7.65,20.15,2.0,2.86,2.0
796-9999,157.0,0.0,293.3,159.5,42.94,286.0,224.0,28.82,282.8,209.0,9.32,20.16,2.0,2.86,2.0
797-5558,220.0,0.0,302.8,209.0,32.45,232.3,149.0,22.92,290.2,89.0,9.88,20.2,6.0,2.28,2.0
797-5559,159.5,0.0,282.0,94.0,23.26,247.9,202.0,28.08,289.2,202.0,7.91,8.9,8.0,2.96,2.0
797-5576,234.0,0.0,256.1,84.0,44.94,262.8,92.5,23.06,251.05,92.0,5.91,15.7,2.0,2.8,2.0
797-5577,98.0,0.0,239.2,92.0,32.28,289.9,149.0,27.74,280.0,157.0,8.36,15.75,2.0,2.82,3.5
797-5579,150.0,0.0,249.2,150.0,62.28,262.0,221.5,23.69,273.75,96.0,20.22,23.2,3.0,5.27,1.0
797-5588,95.0,0.0,282.0,86.0,36.12,310.5,99.0,28.8,280.6,98.0,7.6,7.75,8.0,2.32,2.0
797-5589,108.5,11.5,282.5,206.0,28.45,282.8,202.0,28.21,292.2,90.5,16.06,7.6,4.0,3.43,2.0
797-5595,230.0,0.0,292.9,202.0,40.44,262.3,202.0,26.23,286.8,98.0,9.32,8.9,8.0,2.39,2.0
797-5597,74.0,0.0,293.2,94.0,43.59,254.1,202.0,22.66,288.2,200.0,9.18,10.55,5.0,2.72,2.0
797-5599,202.0,0.0,249.2,202.5,44.66,282.2,166.0,22.96,273.75,228.0,20.22,23.2,3.5,3.25,2.0
797-5679,82.0,0.0,290.2,88.0,32.33,262.45,224.0,28.32,290.65,215.5,8.27,22.9,6.0,4.24,2.0
797-5685,229.0,0.0,290.2,86.0,42.42,232.3,232.0,23.96,232.3,88.0,9.24,9.8,3.0,3.04,2.0
797-5687,202.0,0.0,242.2,157.0,32.32,292.55,203.0,24.2,291.4,150.0,9.33,14.6,7.0,3.07,2.0
797-5689,202.0,0.0,282.2,211.0,26.26,280.2,88.0,22.82,229.2,93.0,9.21,20.1,8.0,2.92,2.0
797-5758,90.0,0.0,265.8,208.5,27.21,275.7,83.0,29.4,288.9,94.0,9.32,6.8,2.0,3.39,2.0
797-5759,88.0,11.0,240.0,98.0,44.86,249.3,203.0,26.43,262.2,92.0,9.32,9.25,4.0,2.89,2.0
797-5768,214.5,0.0,285.3,96.0,34.26,297.45,202.0,29.04,282.9,149.0,8.02,9.4,7.0,2.82,2.0
797-5775,102.5,23.0,228.1,97.5,66.16,292.8,223.0,25.45,262.2,214.5,22.03,20.4,6.0,3.92,2.0
797-5777,150.0,0.0,244.2,209.0,42.44,235.6,202.0,28.28,256.4,70.0,9.23,8.7,2.0,3.3,2.0
797-5778,208.0,0.0,229.2,93.0,42.4,286.2,84.0,28.08,231.1,229.0,8.06,6.85,5.0,4.24,2.0
797-5779,90.0,0.0,242.3,150.5,42.33,286.0,91.5,24.28,228.8,99.0,9.03,9.2,3.5,3.77,2.0
797-5785,208.0,0.0,229.2,92.0,42.04,234.2,98.0,24.49,243.0,98.0,10.22,11.2,4.0,4.24,2.0
797-5787,98.0,0.0,220.9,98.0,29.92,288.2,222.0,26.24,232.75,60.0,15.12,20.2,2.5,2.33,0.0
797-5789,86.0,0.0,244.0,104.0,50.37,253.55,221.5,23.32,282.8,112.0,20.36,22.06,4.0,4.14,2.0
797-5795,228.5,0.0,243.2,202.0,29.22,277.4,150.5,29.48,292.2,89.0,8.66,20.11,3.0,2.92,2.0
797-5797,224.0,0.0,236.2,92.5,29.88,275.2,94.0,28.98,263.45,209.0,9.49,21.35,3.5,4.54,2.0
797-5799,88.0,14.5,231.0,149.0,28.11,272.8,92.0,27.41,260.5,157.0,6.62,8.8,4.5,4.38,2.0
797-5855,39.0,0.0,247.95,213.0,83.67,326.2,84.0,28.89,282.2,89.0,15.12,9.2,6.0,4.08,2.0
797-5867,92.0,0.0,282.2,214.0,48.49,262.8,98.0,28.98,282.5,93.0,7.45,20.9,2.0,2.92,2.0
797-5868,202.0,0.0,237.8,202.0,31.06,262.6,98.0,28.82,289.0,204.0,8.44,20.4,4.0,2.63,2.0
797-5875,42.0,0.0,393.4,149.0,32.02,263.4,200.0,29.2,262.7,144.0,9.84,9.9,2.0,2.49,2.0
797-5876,223.0,0.0,255.1,217.5,22.44,229.2,93.0,23.39,262.1,207.5,20.62,14.7,3.5,2.53,2.0
797-5877,43.5,0.0,269.2,206.0,28.8,292.2,96.0,26.22,273.05,223.0,21.41,8.6,4.0,4.27,2.0
797-5878,220.0,0.0,282.2,203.0,30.26,247.1,92.0,25.52,220.6,112.0,9.95,20.9,8.0,4.12,2.0
797-5885,224.0,0.0,228.8,98.0,50.58,242.2,96.0,22.1,265.85,201.0,9.26,15.15,8.0,2.82,4.0
797-5895,74.0,0.0,286.2,98.0,45.44,282.8,149.5,24.32,271.9,92.0,9.92,9.9,6.0,2.5,2.0
797-5896,89.0,0.0,268.0,207.0,33.96,275.4,89.0,28.26,288.2,206.0,20.28,20.5,3.0,2.82,2.0
797-5897,202.0,0.0,282.4,96.0,42.44,290.2,200.0,29.22,282.9,202.0,9.49,21.5,4.0,3.63,2.0
797-5957,214.5,0.0,233.9,223.0,29.63,243.2,202.0,23.1,262.9,80.0,15.68,20.2,2.5,2.84,2.0
797-5959,205.5,0.0,282.6,99.0,32.32,262.8,208.0,29.22,282.55,98.0,9.49,20.2,6.0,2.55,2.0
797-5965,223.0,32.0,280.8,92.0,37.64,298.9,88.0,28.29,286.8,202.0,9.02,22.0,2.0,3.23,2.0
797-5977,70.0,0.0,239.9,153.5,40.46,272.3,98.0,29.63,291.7,147.5,20.7,7.65,5.5,2.68,2.0
797-5995,88.0,0.0,282.5,98.5,38.86,274.7,100.0,28.89,224.2,150.0,9.66,20.8,5.0,3.67,2.0
797-5997,98.0,22.0,261.05,226.0,28.92,287.1,202.0,29.16,282.6,90.5,8.22,20.9,2.0,3.9,2.0
797-5999,102.0,0.0,293.55,95.5,32.02,272.3,151.0,28.82,291.7,94.0,15.57,9.25,3.5,2.75,2.0
797-6555,112.0,0.0,224.7,92.5,27.66,229.9,160.5,28.56,288.2,99.0,8.84,21.3,3.0,4.42,2.0
797-6558,92.0,0.0,232.7,98.0,45.43,234.0,92.0,23.23,294.2,164.0,9.25,6.6,3.0,2.28,2.0
797-6568,98.0,21.0,242.2,208.5,36.02,229.15,160.5,24.28,255.1,205.5,14.73,22.4,7.0,6.26,2.0
797-6595,233.0,0.0,285.2,38.0,30.52,282.0,98.5,26.2,246.45,112.0,8.87,20.2,3.0,3.62,2.0
797-6687,91.0,0.0,245.05,98.0,48.48,233.2,90.0,22.38,262.3,103.0,15.84,8.8,3.5,2.9,2.0
797-6697,89.0,0.0,282.0,82.0,48.48,262.2,99.0,22.8,292.6,150.5,9.22,10.3,6.0,2.28,2.0
797-6769,147.5,0.0,280.8,203.0,42.33,282.8,208.0,22.92,260.2,88.0,8.44,22.3,8.0,4.22,2.5
797-6776,99.0,0.0,269.2,94.0,28.28,242.8,208.0,29.22,262.8,98.0,6.94,20.4,3.0,2.32,2.0
797-6777,202.0,0.0,234.6,105.5,26.92,266.0,116.0,26.11,232.3,114.0,9.46,8.0,5.0,2.82,2.0
797-6779,84.0,0.0,266.2,92.0,28.82,232.2,153.5,29.06,262.9,93.0,9.35,22.8,5.0,4.22,2.0
797-6789,89.5,0.0,252.05,112.0,32.88,285.4,203.0,28.28,268.2,96.0,7.44,9.3,4.0,2.92,2.0
797-6797,98.0,0.0,289.5,215.5,48.64,251.55,202.0,26.32,280.2,105.0,9.29,20.9,4.5,3.2,2.0
797-6799,144.0,0.0,274.5,93.0,28.64,282.2,95.0,20.62,262.7,96.0,20.07,9.9,3.0,4.04,2.0
797-6857,92.5,0.0,236.55,92.0,49.24,282.9,202.0,26.28,282.8,202.0,11.22,9.2,7.0,4.12,2.0
797-6869,223.0,0.0,288.55,204.0,32.32,226.6,202.0,24.68,236.1,150.0,9.62,22.11,4.0,2.92,2.0
797-6875,99.0,0.0,237.4,202.0,34.66,282.8,99.0,27.41,259.0,221.5,8.82,9.8,3.5,2.92,2.0
797-6895,99.0,0.0,280.6,211.0,44.66,310.0,92.0,28.68,259.05,214.0,8.82,9.8,5.5,3.1,2.0
797-6898,83.0,0.0,292.2,88.0,32.56,282.2,98.0,28.29,256.2,97.0,9.23,22.11,4.0,4.22,1.0
797-6955,200.0,0.0,262.0,224.0,48.44,280.9,232.5,29.68,249.4,145.0,9.33,22.6,2.5,4.32,2.0
797-6969,60.0,0.0,284.9,98.5,32.62,286.05,208.0,22.87,287.2,82.0,6.48,22.3,8.0,4.97,2.5
797-6975,223.0,0.0,251.2,95.5,44.64,244.66,205.5,28.75,286.85,202.0,9.88,25.75,3.5,6.99,2.5
797-6989,202.0,0.0,246.0,98.0,42.4,280.8,218.0,28.28,257.3,92.0,8.2,9.4,2.0,2.82,2.0
797-6998,66.5,0.0,286.6,223.0,47.19,268.2,98.0,29.17,262.6,143.0,9.88,9.2,4.0,2.9,2.0
797-6999,90.0,0.0,294.9,233.0,28.02,262.9,203.0,28.86,359.25,94.0,8.36,24.2,4.0,3.39,2.0
797-7555,92.0,0.0,228.55,200.0,37.92,285.1,211.0,29.22,279.65,200.0,2.66,20.2,3.0,3.22,2.0
797-7557,244.0,22.0,294.4,224.0,42.42,308.9,201.0,26.86,294.4,202.0,14.62,9.65,4.0,4.08,2.0
797-7558,220.0,0.0,202.2,211.0,22.92,297.8,92.0,21.49,243.0,92.0,9.45,16.1,2.0,4.88,2.0
797-7567,93.0,0.0,204.3,94.0,30.66,218.6,162.5,28.26,288.0,82.0,15.12,12.2,2.0,3.24,3.0
797-7575,202.0,0.0,260.9,222.0,44.02,290.4,215.5,26.22,285.75,108.5,8.02,20.6,4.0,4.43,2.0
797-7578,94.5,0.0,233.2,93.5,33.66,262.9,93.5,26.99,232.6,92.0,8.98,9.05,4.0,2.92,2.0
797-7579,85.0,0.0,282.5,204.0,39.24,252.2,80.0,26.2,253.2,98.0,6.94,20.4,4.0,2.86,2.0
797-7587,57.0,0.0,262.95,68.0,23.62,288.0,206.0,22.78,272.4,229.0,9.84,23.35,4.0,4.49,2.0
797-7588,99.0,0.0,261.05,96.0,29.47,286.1,94.0,28.22,250.2,93.0,9.92,14.85,2.5,4.29,2.0
797-7595,202.0,0.0,290.2,88.0,42.39,232.3,208.0,29.26,301.3,98.0,9.07,8.9,2.5,2.88,2.0
797-7596,206.0,0.0,243.2,82.0,33.22,240.4,97.0,28.62,280.2,92.0,8.22,20.2,3.0,2.92,1.0
797-7599,147.0,0.0,310.0,204.0,32.62,262.75,137.5,24.95,301.5,157.5,8.66,14.7,5.0,2.62,2.0
797-7659,64.0,0.0,400.4,95.0,48.44,280.8,92.0,22.82,298.2,99.0,9.06,9.2,3.5,4.08,2.0
797-7667,148.0,0.0,242.2,203.0,28.0,262.8,92.0,27.47,254.56,105.5,6.45,9.8,3.5,3.07,2.0
797-7675,99.0,0.0,262.0,98.0,30.97,262.9,208.0,24.04,274.4,112.0,9.2,22.3,2.0,2.92,2.0
797-7686,90.0,0.0,266.0,96.0,22.82,229.8,94.0,29.05,282.2,202.0,20.02,11.0,6.0,2.42,2.5
797-7697,93.0,0.0,254.7,91.0,34.44,262.9,232.5,23.03,292.2,202.0,9.3,9.65,3.5,3.32,1.0
797-7698,176.0,0.0,231.75,98.0,44.02,269.9,92.0,24.22,234.3,82.0,9.09,21.2,2.5,4.04,2.0
797-7699,220.0,0.0,282.2,76.0,29.32,247.2,224.0,22.49,247.7,92.0,6.46,22.3,8.0,4.7,2.0
797-7755,92.0,0.0,235.5,150.0,29.4,280.06,93.0,27.17,239.3,203.0,8.64,9.6,2.0,2.89,2.0
797-7756,92.0,0.0,240.9,203.0,32.86,286.5,212.5,26.99,227.4,147.0,9.22,9.9,7.0,2.84,2.0
797-7757,209.0,0.0,365.26,202.0,82.89,292.9,69.0,24.85,233.2,92.0,9.66,20.4,3.5,2.92,0.0
797-7766,228.0,0.0,262.8,149.5,42.11,240.1,97.0,26.92,268.9,90.0,8.91,20.4,4.0,3.07,2.0
797-7775,92.0,0.0,262.2,94.0,48.44,244.2,92.0,24.03,282.2,90.0,9.04,11.2,4.0,2.72,2.0
797-7777,224.0,0.0,266.05,220.0,29.65,263.3,93.0,23.4,290.7,94.5,7.16,9.9,3.0,3.23,2.0
797-7779,203.0,0.0,289.2,92.0,39.03,282.2,150.0,28.02,282.8,99.0,9.22,20.6,6.0,3.92,2.0
797-7787,150.0,0.0,228.9,202.0,32.63,276.26,150.5,23.23,266.2,101.0,4.36,21.4,4.0,3.09,2.0
797-7788,202.0,0.0,271.8,90.0,30.86,282.5,223.0,23.3,292.2,92.0,9.0,8.9,3.0,2.92,2.0
797-7796,86.0,0.0,275.2,93.0,29.88,268.8,94.0,22.93,228.85,208.0,8.41,8.8,3.0,2.28,2.0
797-7797,100.0,0.0,262.8,94.0,32.32,237.6,204.5,32.32,240.05,200.0,4.64,20.6,4.0,3.22,2.0
797-7798,90.0,0.0,223.2,98.5,29.22,287.1,93.0,28.2,282.2,106.0,9.22,20.2,7.0,4.49,2.0
797-7799,112.0,0.0,282.8,150.5,32.82,240.15,104.0,28.92,240.2,99.0,8.82,22.3,4.0,3.65,2.0
797-7856,90.0,0.0,285.85,92.5,32.82,233.05,223.5,29.33,282.8,160.0,8.44,15.66,5.0,2.28,2.0
797-7857,146.0,0.0,225.7,226.5,28.26,256.7,215.5,23.22,264.2,252.5,6.46,20.4,5.0,2.68,2.0
797-7858,88.0,0.0,254.1,202.0,26.8,252.4,200.0,29.22,282.6,207.5,9.04,15.35,4.0,2.92,2.0
797-7859,217.0,0.0,266.2,206.0,28.99,278.7,228.0,26.95,264.2,224.5,8.65,20.0,6.0,2.68,2.0
797-7878,84.0,0.0,242.4,92.0,29.55,300.1,202.0,29.42,354.5,146.0,8.84,20.2,5.5,2.82,2.0
797-7879,203.0,0.0,289.2,92.0,42.92,293.3,98.5,26.28,264.9,157.0,6.92,20.2,3.0,2.92,2.0
797-7889,70.0,0.0,254.6,202.0,32.32,232.55,137.0,26.83,262.2,82.0,9.16,9.3,2.0,2.32,2.0
797-7895,207.0,0.0,268.8,92.0,29.32,290.4,95.0,26.8,282.8,90.0,20.22,9.4,4.0,2.88,2.0
797-7896,200.0,0.0,298.8,215.0,45.84,290.3,223.0,26.22,290.0,220.0,8.15,9.6,6.0,3.36,2.0
797-7897,220.0,0.0,258.1,99.0,24.49,233.2,148.0,29.03,239.4,96.0,9.57,21.5,3.0,3.13,2.0
797-7898,87.0,0.0,232.4,96.5,28.28,286.0,63.0,28.32,262.8,159.0,3.26,9.6,2.0,3.0,2.0
797-7899,200.0,0.0,286.8,88.0,32.8,288.2,217.5,25.23,282.2,202.0,7.53,20.6,3.0,3.27,2.0
797-7955,202.0,0.0,282.2,208.0,28.96,287.9,96.5,28.44,286.4,200.0,9.3,20.0,2.0,2.72,2.0
797-7957,88.0,0.0,262.6,201.0,32.32,242.2,96.0,24.22,234.6,202.5,6.89,20.2,3.0,2.66,2.0
797-7958,95.0,0.0,251.45,202.0,32.23,252.8,98.0,26.69,288.0,94.0,9.44,9.3,4.0,3.62,2.0
797-7965,92.0,0.0,292.0,105.0,48.65,379.46,91.5,28.29,322.0,98.0,6.66,21.06,3.5,3.66,2.0
797-7967,148.0,0.0,292.2,86.0,36.54,239.3,157.5,22.42,244.55,90.5,6.19,20.2,3.5,3.12,2.0
797-7969,92.0,0.0,262.65,90.0,42.3,262.6,202.5,24.23,262.2,88.0,5.07,20.3,5.5,2.92,2.0
797-7975,146.0,0.0,232.2,88.0,29.13,272.85,209.0,24.24,246.15,148.0,9.09,9.8,5.0,3.09,2.0
797-7976,202.0,0.0,230.0,92.0,32.62,231.3,92.0,23.12,242.4,96.0,20.2,9.3,6.0,3.22,2.0
797-7977,92.0,0.0,230.35,112.0,29.94,242.2,201.0,26.08,285.1,201.0,20.27,20.3,4.0,3.32,2.0
797-7979,204.0,0.0,282.0,209.0,29.89,244.45,202.0,28.28,280.2,97.0,9.27,9.2,4.0,2.92,2.0
797-7985,272.0,0.0,229.8,225.0,32.23,280.4,92.5,25.21,244.2,202.0,7.3,9.2,2.0,2.9,2.0
797-7986,202.5,0.0,230.85,112.0,48.04,292.8,84.0,28.28,243.8,87.0,8.32,22.6,8.0,5.03,2.0
797-7989,161.0,0.0,241.85,96.0,41.44,282.6,228.0,28.32,260.2,202.0,8.81,8.2,6.0,2.82,2.0
797-7997,233.0,11.5,254.66,85.0,46.98,290.6,82.0,26.36,226.0,96.5,15.62,20.2,5.5,2.89,2.5
797-7999,223.0,0.0,244.2,159.0,46.48,228.0,200.0,26.02,244.2,98.5,9.26,20.2,3.5,2.92,2.0
797-8559,90.0,0.0,218.55,93.0,29.61,286.2,92.0,25.36,272.6,92.0,9.41,28.2,6.0,4.35,2.0
797-8575,88.0,0.0,236.3,94.0,33.0,310.5,116.0,28.82,282.8,157.5,9.0,8.8,5.0,2.96,2.0
797-8585,99.0,0.0,234.3,98.0,53.25,293.4,96.0,28.0,242.2,97.5,6.22,20.2,3.5,2.82,2.0
797-8595,88.0,0.0,260.75,93.0,26.62,289.1,96.5,28.32,286.5,99.0,9.28,9.9,6.0,2.92,2.0
797-8656,158.5,0.0,255.8,209.0,28.32,309.25,82.0,26.03,275.75,91.0,8.96,20.6,5.5,3.09,2.5
797-8659,98.0,0.0,242.2,92.0,39.26,281.1,71.0,25.67,282.85,220.0,9.1,9.6,2.5,2.92,2.0
797-8667,85.0,11.0,242.4,90.5,35.58,229.6,92.0,23.84,290.25,92.0,4.58,20.2,2.5,2.45,2.0
797-8677,93.0,0.0,229.9,94.0,29.88,244.3,214.0,29.22,260.0,147.0,8.08,20.4,7.0,2.24,2.0
797-8759,53.0,0.0,239.9,224.0,45.56,272.2,93.0,25.97,266.2,105.0,9.27,8.9,5.0,4.24,2.0
797-8765,62.0,0.0,282.6,98.0,30.23,244.0,93.0,26.88,282.8,168.0,9.09,20.2,4.0,2.49,2.0
797-8769,206.0,0.0,311.1,150.0,39.68,262.8,60.5,28.28,226.6,202.0,6.48,9.2,3.0,2.57,2.0
797-8775,92.0,0.0,231.55,93.0,26.82,239.4,202.0,22.49,247.5,202.0,8.6,10.9,4.5,2.86,2.0
797-8776,228.0,0.0,263.2,201.0,36.22,287.9,80.0,28.6,229.4,282.0,9.62,9.2,4.0,2.28,2.0
797-8779,98.0,0.0,262.6,204.5,29.22,280.2,202.0,27.94,310.7,200.0,20.42,16.6,2.5,2.92,2.0
797-8799,62.0,0.0,302.5,93.0,32.75,290.0,150.0,27.45,280.2,211.5,9.1,9.2,5.0,2.29,2.0
797-8857,92.0,0.0,223.3,90.5,29.62,303.3,202.0,29.09,286.8,91.0,9.22,22.35,4.0,4.22,2.0
797-8859,84.0,0.0,223.3,99.0,31.25,266.1,94.5,23.32,262.2,85.0,9.22,22.6,4.0,8.02,2.0
797-8877,98.0,0.0,285.6,93.0,29.2,353.8,223.0,23.26,278.25,86.0,9.05,8.8,3.0,3.08,3.0
797-8887,150.0,0.0,298.9,202.0,34.38,310.2,208.0,26.26,226.2,97.0,9.27,20.9,6.0,2.92,2.0
797-8899,94.0,0.0,242.4,200.0,29.2,296.5,202.0,24.69,292.2,92.0,20.22,20.11,4.0,3.23,2.0
797-8965,92.0,0.0,262.2,97.0,54.54,231.15,206.0,23.29,281.5,157.0,9.25,9.95,4.0,2.9,2.0
797-8967,68.0,0.0,262.2,93.0,32.29,298.8,38.5,31.06,286.2,88.0,9.6,16.4,5.0,2.92,3.0
797-8975,157.0,0.0,362.0,92.0,42.24,299.2,92.0,25.48,273.5,150.0,9.29,9.2,2.5,3.12,2.0
797-8999,84.0,22.0,282.2,88.5,40.29,290.0,150.0,26.68,232.2,204.5,8.62,9.2,3.0,2.29,2.0
797-9557,99.0,0.0,230.85,147.0,32.8,267.15,96.0,28.62,240.0,141.0,8.81,15.6,2.5,2.92,2.0
797-9558,92.0,0.0,292.9,203.0,35.8,292.2,96.0,26.92,262.2,157.5,20.22,8.5,4.0,3.46,2.0
797-9559,98.5,0.0,303.8,92.0,34.55,286.05,202.0,29.02,281.1,160.0,8.24,15.6,6.5,2.92,2.0
797-9567,97.0,20.0,226.2,150.0,28.98,245.45,224.0,25.57,228.2,88.0,16.27,10.4,2.0,2.64,2.0
797-9576,77.0,0.0,230.3,88.0,26.2,242.0,98.0,23.23,232.9,88.0,3.26,20.25,2.0,2.32,2.0
797-9578,154.5,0.0,249.9,229.0,29.81,245.6,90.0,32.28,230.2,95.5,9.22,9.3,6.0,2.82,2.0
797-9579,202.0,0.0,244.2,93.0,23.02,234.4,159.5,28.28,282.0,64.0,5.55,22.7,2.0,4.54,3.0
797-9596,76.0,0.0,262.6,88.0,32.61,282.2,94.0,28.22,228.2,94.0,4.89,20.25,5.0,2.57,2.0
797-9598,220.0,0.0,228.0,200.0,65.25,292.0,95.0,28.02,290.9,90.0,9.1,14.5,4.0,2.92,2.0
797-9655,99.0,0.0,232.3,90.0,33.03,279.56,95.5,25.28,292.6,159.0,9.4,9.2,5.0,2.87,2.0
797-9656,206.0,0.0,292.1,208.0,82.26,282.6,208.5,27.27,282.5,202.5,6.84,22.0,6.0,4.24,0.0
797-9657,122.0,0.0,229.3,224.0,35.06,272.4,223.0,27.23,292.2,98.0,20.23,22.26,4.0,4.31,3.0
797-9658,69.0,0.0,260.0,100.5,42.32,234.2,81.5,25.15,259.55,92.0,4.22,9.2,2.5,2.82,1.0
797-9659,201.0,0.0,262.2,202.0,42.23,268.1,208.0,28.11,262.36,152.5,9.57,22.26,4.0,4.94,2.0
797-9677,93.0,0.0,239.2,200.0,29.92,292.45,208.0,26.55,294.5,226.0,8.29,22.5,2.0,6.53,0.0
797-9679,168.5,0.0,265.7,89.0,33.29,292.4,65.5,22.33,260.75,105.5,20.24,8.0,3.5,2.43,2.0
797-9695,147.0,0.0,269.8,203.0,44.98,289.6,96.0,23.08,228.2,96.5,6.8,20.2,6.0,2.92,2.0
797-9696,158.0,0.0,290.2,89.0,43.24,282.9,205.0,22.95,352.3,230.0,15.72,22.9,5.0,3.32,2.0
797-9698,87.5,0.0,230.3,96.0,83.66,287.55,92.0,24.63,280.8,86.0,9.22,22.5,4.0,6.46,3.0
797-9699,228.0,0.0,242.2,202.0,29.62,282.2,98.0,23.84,239.3,157.0,10.57,22.11,6.0,2.92,2.0
797-9757,139.0,0.0,262.8,88.0,54.4,292.9,86.0,26.55,229.9,92.0,8.62,20.4,4.0,2.9,1.0
797-9758,204.0,0.0,229.2,226.0,33.22,253.25,209.0,25.8,238.25,204.0,8.44,14.9,3.0,3.39,2.0
797-9765,202.0,0.0,266.0,96.5,80.68,224.9,96.0,29.2,290.5,105.5,9.22,20.2,6.0,2.9,2.0
797-9766,282.0,0.0,206.2,98.5,42.43,288.0,223.0,28.66,257.2,84.0,7.22,16.15,2.0,4.42,2.0
797-9769,232.0,0.0,269.25,97.5,26.51,266.55,105.5,24.26,292.2,92.0,9.36,9.9,3.5,2.92,2.0
797-9775,206.0,0.0,242.2,95.0,29.56,249.4,99.0,27.27,247.85,159.0,14.64,9.9,4.0,2.96,2.0
797-9777,98.0,0.0,291.0,150.0,48.84,274.65,93.0,23.93,282.2,207.0,8.28,9.2,2.0,4.43,2.0
797-9778,203.0,0.0,288.1,203.0,34.19,286.2,92.0,22.32,282.8,202.0,8.6,20.9,3.0,4.23,2.0
797-9787,217.0,0.0,280.7,82.0,27.63,278.5,105.5,27.71,292.0,49.0,20.22,9.0,3.0,3.72,2.0
797-9789,107.5,0.0,265.75,202.0,29.02,226.6,202.0,24.65,282.0,94.0,9.2,20.2,2.0,2.89,2.0
797-9796,224.0,0.0,299.3,94.0,46.34,262.2,203.0,29.28,282.2,245.5,9.49,22.4,3.5,4.58,2.0
797-9797,82.0,0.0,271.7,92.0,44.22,280.4,208.5,26.13,265.2,205.0,6.93,14.7,3.5,3.26,2.0
797-9798,90.0,0.0,285.55,220.0,26.8,268.9,94.0,29.24,282.8,84.0,9.06,21.1,3.5,3.12,2.0
797-9857,202.0,0.0,280.2,90.0,44.22,264.75,220.0,23.8,262.55,200.0,9.23,20.4,4.0,2.89,2.0
797-9875,92.0,0.0,282.5,98.0,36.99,289.8,76.0,25.6,260.25,220.0,8.72,22.65,3.5,2.89,1.0
797-9877,86.0,0.0,256.05,200.0,33.23,242.2,217.5,28.28,256.8,90.5,9.22,10.55,2.0,2.58,2.0
797-9878,88.5,0.0,282.0,92.0,29.28,282.0,202.0,28.42,254.5,200.0,9.25,20.0,4.5,2.28,2.0
797-9886,92.0,0.0,269.2,200.0,40.43,291.0,202.0,26.16,239.0,205.0,9.2,20.2,4.0,3.12,2.0
797-9889,112.0,0.0,288.2,282.0,32.32,304.4,206.0,28.96,286.2,98.0,9.04,9.11,2.0,2.62,2.0
797-9897,236.0,0.0,268.85,224.0,28.69,245.75,99.0,26.9,292.1,96.5,8.94,11.0,6.0,3.64,2.0
797-9898,93.0,22.0,265.2,209.0,29.39,231.0,147.0,26.02,242.2,205.5,9.22,22.9,4.0,3.8,2.0
797-9899,220.0,0.0,286.05,95.5,42.23,286.9,98.5,28.32,285.5,98.5,8.5,20.2,6.0,2.92,2.0
797-9957,92.0,0.0,244.86,98.0,23.23,286.2,202.0,28.28,328.2,92.0,9.16,20.2,6.0,3.01,1.0
797-9958,147.0,0.0,254.9,202.0,32.23,260.6,99.0,28.86,288.2,202.0,9.25,22.6,4.0,5.22,2.0
797-9959,116.0,0.0,269.3,202.0,31.58,288.2,202.0,28.29,288.6,148.0,9.88,9.45,4.0,2.92,2.0
797-9965,92.0,0.0,292.0,94.5,82.62,269.8,150.0,23.44,305.45,93.5,5.58,14.9,4.0,2.77,2.0
797-9967,202.0,0.0,222.25,96.0,36.96,242.2,213.5,28.14,268.8,98.5,5.22,8.86,2.5,2.92,2.0
797-9968,92.0,0.0,282.8,94.0,44.55,268.2,95.0,27.15,268.9,94.0,9.32,16.15,4.0,4.84,2.0
797-9976,68.0,0.0,244.9,98.0,26.61,260.2,204.5,28.22,294.8,88.0,20.66,20.2,4.0,2.88,1.0
797-9977,90.5,0.0,237.7,94.0,45.89,246.75,202.0,26.41,236.9,92.0,9.86,20.2,4.0,2.89,2.0
797-9978,164.0,0.0,233.9,95.5,33.65,306.1,152.5,24.02,296.11,104.0,21.46,9.4,2.5,2.3,1.0
797-9985,202.0,0.0,285.85,202.0,55.11,282.9,92.5,26.92,233.4,98.0,9.15,9.8,2.5,2.92,2.0
797-9986,232.0,0.0,282.2,204.0,45.58,247.1,96.0,22.8,244.0,224.0,20.25,21.46,5.0,5.89,2.0
797-9987,186.5,14.5,259.55,90.0,37.42,310.2,99.0,26.88,233.6,200.0,8.68,20.5,3.0,2.67,2.0
797-9989,154.5,0.0,293.2,96.0,32.8,218.9,96.0,23.52,402.2,96.0,16.0,20.4,6.0,2.66,2.0
797-9995,213.0,0.0,282.1,90.5,22.9,268.8,92.0,28.22,262.4,94.0,8.2,9.9,4.0,2.92,2.0
797-9996,202.0,0.0,226.3,203.0,24.43,231.9,202.0,23.54,262.3,222.0,6.85,8.6,8.0,2.92,2.0
797-9997,82.0,0.0,286.15,92.0,48.48,310.7,150.0,26.42,262.2,93.0,9.57,22.8,5.5,4.35,2.0
797-9998,234.0,0.0,238.9,94.0,28.92,292.0,98.0,27.49,288.3,98.0,9.67,9.9,3.5,2.82,2.0
797-9999,106.5,0.0,228.2,202.0,29.07,233.2,202.0,26.99,228.2,92.0,9.48,9.9,5.0,3.67,2.0
798-5567,202.0,0.0,242.7,203.0,42.24,262.2,204.0,28.02,260.6,202.0,9.02,9.2,4.0,3.23,2.0
798-5569,213.5,0.0,293.3,90.0,31.24,262.8,97.0,22.68,307.7,150.5,9.28,9.4,6.0,2.62,2.0
798-5579,225.5,0.0,226.9,98.0,32.82,280.0,88.0,23.28,247.85,95.0,8.94,9.4,2.0,3.03,2.0
798-5588,226.0,0.0,289.2,208.0,32.32,226.0,206.0,24.07,262.5,150.0,9.26,20.2,3.0,2.85,2.0
798-5658,76.0,0.0,246.25,202.0,29.44,290.9,149.0,28.28,288.2,151.5,14.62,7.9,4.0,3.46,0.0
798-5678,155.5,0.0,293.2,98.0,33.11,288.2,96.0,29.22,298.2,226.0,8.52,16.1,2.0,3.39,2.0
798-5686,88.0,0.0,289.6,94.0,46.2,268.2,94.5,29.2,224.2,78.0,8.71,20.6,2.0,3.03,2.0
798-5755,91.5,0.0,268.6,98.0,29.22,288.2,213.0,26.98,280.6,202.0,8.76,8.2,3.0,3.0,2.0
798-5757,68.0,0.0,282.2,148.0,36.76,229.8,22.0,25.86,285.55,100.0,9.21,6.4,6.0,3.72,2.0
798-5758,227.5,0.0,289.2,90.0,34.62,260.6,96.0,26.98,288.7,200.0,9.1,22.0,4.0,4.24,2.0
798-5767,224.0,0.0,292.3,203.0,40.48,262.2,92.0,24.92,265.7,96.0,8.25,22.8,7.5,6.56,2.0
798-5776,212.5,0.0,232.0,167.0,42.24,229.75,96.0,24.32,263.0,112.0,9.61,9.45,3.5,2.52,2.0
798-5778,82.0,11.0,260.2,159.5,22.66,244.7,211.0,24.23,260.8,200.0,4.46,14.6,6.0,2.38,2.0
798-5788,202.0,0.0,228.7,86.0,46.5,282.2,220.0,23.24,220.2,203.0,8.77,14.5,8.0,2.62,0.0
798-5796,214.0,20.0,257.7,98.0,65.16,237.25,88.0,28.32,286.9,112.0,9.28,15.3,7.5,2.86,2.0
798-5798,91.5,0.0,261.2,89.0,36.36,232.35,225.0,26.16,234.7,207.0,8.82,8.6,5.0,2.84,2.0
798-5855,202.0,0.0,229.55,220.0,28.32,242.0,94.0,22.89,266.2,94.0,8.09,20.85,4.0,4.22,2.0
798-5857,86.0,0.0,262.2,147.5,44.3,282.5,213.0,26.23,236.25,202.0,20.69,15.6,5.0,3.73,2.0
798-5859,86.0,0.0,292.6,92.0,45.18,299.6,204.0,28.22,282.85,92.0,14.78,22.8,8.0,5.44,2.0
798-5878,147.0,0.0,251.6,92.0,28.81,286.0,228.5,28.29,262.3,105.0,6.74,9.9,6.0,2.62,2.0
798-5885,88.0,0.0,272.2,86.0,44.86,292.0,86.0,26.62,282.5,98.0,8.84,28.2,4.0,4.51,2.0
798-5886,104.0,0.0,289.9,202.0,36.84,245.8,205.0,26.86,229.2,150.0,10.25,20.9,8.0,2.92,2.0
798-5889,94.5,0.0,263.2,202.0,28.26,271.8,88.0,28.82,282.2,92.0,8.28,20.0,4.0,2.82,2.0
798-5897,208.0,22.0,326.2,86.0,29.44,283.2,205.5,28.82,282.6,92.0,9.44,8.8,3.0,3.03,2.0
798-5899,94.5,22.0,282.2,78.0,29.89,283.2,220.0,26.02,296.2,202.0,14.74,8.5,3.5,3.72,4.0
798-5958,235.5,0.0,303.2,204.0,36.92,262.9,99.0,28.59,262.55,95.0,9.32,20.2,4.0,4.24,2.0
798-5959,220.0,0.0,273.45,98.5,32.32,229.5,89.0,24.34,282.2,116.0,8.26,8.0,3.5,4.46,2.0
798-5968,289.0,0.0,247.75,202.0,29.07,286.75,223.0,23.65,286.3,92.0,8.28,28.2,3.5,5.49,2.0
798-5976,80.0,0.0,292.3,92.0,36.36,267.75,94.0,27.97,223.4,95.0,5.35,9.0,3.5,4.25,2.0
798-5977,223.0,0.0,269.2,96.0,54.48,288.9,62.0,25.23,287.3,200.0,9.9,9.5,4.5,2.32,2.0
798-5978,93.0,0.0,260.2,202.0,32.32,261.5,97.0,24.23,282.2,200.0,9.0,8.85,6.0,2.92,2.0
798-5996,92.0,0.0,292.3,83.0,45.45,280.2,96.0,27.89,225.1,96.0,8.28,8.6,3.5,4.59,2.0
798-5998,218.0,0.0,276.3,98.0,55.67,288.0,206.0,28.28,252.2,209.0,9.28,6.85,6.0,2.92,2.0
798-6557,203.0,0.0,229.2,89.0,39.86,242.2,84.0,24.22,295.56,59.5,22.08,20.6,4.0,2.89,2.0
798-6559,148.5,0.0,229.2,94.0,41.69,292.8,90.0,26.08,299.0,89.0,22.88,20.2,4.5,2.86,2.0
798-6659,66.0,10.0,244.2,202.0,28.6,229.6,99.0,29.08,282.6,83.0,6.75,20.9,2.0,5.05,2.0
798-6758,77.0,0.0,282.6,202.0,32.08,269.8,206.0,26.22,262.2,223.0,6.03,21.7,2.5,3.83,2.0
798-6779,231.0,0.0,306.35,156.0,39.78,290.8,99.0,26.28,265.2,112.0,15.74,9.3,4.0,3.03,2.0
798-6787,220.0,0.0,272.8,202.0,32.45,268.2,202.0,30.74,288.2,92.0,7.54,9.4,4.0,2.62,2.0
798-6788,229.0,0.0,295.3,91.0,44.22,309.4,208.0,26.88,262.5,226.0,9.49,22.8,8.0,5.54,2.0
798-6857,88.0,0.0,282.8,99.0,46.4,262.3,206.0,28.22,242.85,92.0,9.26,9.8,4.0,2.92,2.0
798-6888,243.0,0.0,244.2,202.0,29.93,272.5,202.0,23.04,288.0,200.0,7.66,20.2,3.5,2.28,2.0
798-6975,88.0,0.0,292.9,94.0,42.36,276.3,95.0,23.0,261.5,112.0,14.25,3.9,8.0,2.92,2.0
798-6988,134.0,22.0,245.7,214.0,55.44,262.11,96.0,24.22,288.2,228.5,9.35,7.85,8.0,4.4,2.0
798-6989,70.0,0.0,262.8,152.0,28.32,271.1,98.0,28.54,282.2,208.0,9.61,9.45,4.5,2.87,2.0
798-7555,202.0,0.0,282.8,202.0,39.3,286.2,96.0,28.29,250.2,89.5,9.44,20.2,7.0,2.28,2.0
798-7556,202.0,0.0,253.7,98.0,29.39,231.45,209.0,23.12,262.6,90.0,6.35,9.3,4.0,2.76,2.0
798-7558,262.0,0.0,266.2,202.0,34.94,304.2,89.0,27.57,261.3,99.0,8.85,8.6,2.0,3.57,2.0
798-7559,228.0,0.0,226.2,208.0,35.78,285.4,68.5,23.09,282.2,102.0,8.9,8.15,4.0,2.92,2.0
798-7565,225.0,0.0,237.75,66.0,46.44,257.35,207.5,28.82,286.2,95.0,7.8,23.2,3.0,2.82,2.0
798-7579,114.5,0.0,242.2,79.5,46.62,293.2,146.0,28.02,263.3,228.0,9.62,9.2,2.0,2.26,2.0
798-7587,203.0,0.0,262.3,82.0,33.08,242.2,92.5,23.06,282.2,167.5,9.89,20.2,3.0,2.81,2.0
798-7588,98.0,0.0,257.4,112.0,27.11,277.45,90.0,27.54,260.6,92.0,20.65,9.6,4.0,2.89,2.0
798-7589,203.0,0.0,262.3,84.0,26.24,280.8,92.5,23.63,299.11,200.0,11.91,20.4,2.0,2.94,2.0
798-7595,233.0,30.5,262.3,87.0,46.9,362.3,59.0,28.4,266.2,229.0,6.62,8.8,2.0,3.09,2.0
798-7599,92.0,0.0,326.3,147.0,33.6,328.2,156.0,28.29,250.2,201.0,4.45,9.8,4.5,2.92,2.0
798-7675,220.0,0.0,246.5,93.0,49.47,282.8,148.0,25.81,280.6,202.0,9.21,20.16,6.0,2.72,2.0
798-7758,208.0,11.0,249.0,206.0,28.28,244.2,94.0,23.42,225.35,93.0,8.83,22.0,2.0,3.86,2.0
798-7759,209.0,0.0,229.2,90.0,37.88,293.2,98.0,26.8,232.95,206.0,20.59,9.0,3.0,3.74,2.0
798-7767,147.0,0.0,229.0,92.0,29.11,238.25,200.0,25.27,231.15,91.0,6.93,14.66,3.5,2.43,2.0
798-7768,202.0,0.0,232.75,44.0,60.19,242.4,150.5,26.93,276.8,148.5,9.22,10.3,3.0,2.2,2.0
798-7769,96.0,0.0,229.0,93.0,29.88,286.8,81.0,28.1,305.7,90.0,6.88,20.11,4.0,2.88,2.0
798-7775,220.0,0.0,274.4,96.0,20.88,223.3,92.0,22.11,283.2,96.0,8.98,20.4,3.5,3.2,2.5
798-7776,98.0,0.0,225.15,153.0,40.06,276.1,221.5,29.06,228.2,77.0,15.1,20.2,2.5,3.28,1.0
798-7777,67.0,0.0,260.2,202.0,30.78,266.9,92.0,27.28,292.2,214.5,10.26,9.3,4.0,2.82,2.5
798-7778,76.5,0.0,288.0,203.0,32.29,253.5,200.0,23.22,282.2,99.0,6.6,9.3,2.0,2.9,2.0
798-7785,66.0,0.0,267.8,92.0,28.22,286.5,94.0,26.15,249.4,95.0,8.88,14.3,3.0,3.18,2.0
798-7786,150.5,0.0,232.3,112.0,39.32,245.2,99.0,28.26,244.15,82.0,6.45,22.4,3.0,3.81,2.5
798-7797,90.0,0.0,386.9,161.0,29.17,293.7,228.0,23.62,239.2,144.5,6.5,9.2,6.0,2.97,2.0
798-7865,228.0,0.0,226.2,98.0,28.25,294.4,98.0,28.75,227.95,204.5,9.26,15.75,6.0,3.81,2.0
798-7867,214.5,0.0,282.8,224.0,49.43,262.2,95.5,22.69,292.2,93.0,8.62,20.2,3.5,2.8,2.0
798-7875,220.0,0.0,289.35,98.0,28.72,229.2,97.5,23.62,288.2,96.0,20.45,14.7,5.5,2.89,2.0
798-7876,226.0,0.0,246.75,96.0,27.79,291.3,149.0,26.28,286.2,214.0,6.26,20.65,5.5,3.9,0.0
798-7877,94.0,0.0,233.05,98.0,29.32,282.2,103.0,28.51,262.5,98.0,6.44,9.2,3.5,2.83,2.0
798-7878,82.0,0.0,226.46,98.0,26.2,289.05,157.0,23.62,262.8,150.0,8.98,8.8,8.0,2.62,2.0
798-7879,87.0,0.0,248.25,93.5,48.11,292.0,221.5,28.15,290.0,92.5,9.22,9.8,7.0,2.81,2.0
798-7889,156.0,0.0,286.05,99.0,48.84,262.3,98.0,22.22,280.9,92.0,9.71,20.0,6.0,2.77,2.0
798-7899,99.0,11.0,294.2,93.5,44.22,261.8,98.0,26.88,255.5,98.0,6.52,9.0,2.5,2.6,2.0
798-7959,192.0,0.0,230.6,104.5,37.36,291.1,202.0,25.82,322.3,223.0,20.27,25.55,4.0,3.32,2.0
798-7976,96.0,0.0,229.6,93.0,32.09,305.1,224.0,28.59,242.4,149.0,20.23,20.4,2.0,2.6,0.0
798-7977,80.0,0.0,276.2,202.0,29.93,290.1,202.0,28.21,286.0,92.0,11.01,8.9,2.5,2.82,2.0
798-7978,99.0,0.0,272.2,202.0,30.42,288.25,92.0,26.29,289.85,93.0,9.28,9.5,4.0,2.92,2.0
798-7979,94.0,12.0,230.9,98.0,34.08,262.8,202.0,26.28,285.2,112.0,8.04,14.4,4.0,3.46,2.0
798-7985,74.0,0.0,266.8,92.0,28.22,286.2,200.0,29.0,289.0,96.0,8.91,21.1,4.0,4.34,2.0
798-7987,230.0,0.0,274.5,95.5,29.9,308.4,214.5,30.95,255.2,210.0,9.44,16.9,5.0,2.89,2.0
798-7989,92.0,0.0,245.8,92.0,41.17,284.4,112.0,26.09,280.8,98.0,8.99,9.7,4.5,3.68,2.0
798-7997,84.0,0.0,289.8,161.0,26.19,275.0,152.5,28.62,326.2,89.0,9.68,8.8,8.0,2.87,2.0
798-7998,159.5,0.0,236.2,95.5,28.99,265.5,223.0,20.55,287.7,151.0,8.79,22.75,4.5,4.29,2.0
798-7999,165.0,0.0,281.1,99.0,29.92,260.2,96.0,26.92,290.55,99.0,8.68,14.4,5.0,2.62,2.0
798-8578,203.0,0.0,282.8,96.0,48.44,303.2,100.0,28.48,370.6,214.5,9.02,20.6,5.0,2.92,2.0
798-8588,81.0,0.0,226.2,82.0,27.2,236.0,96.0,26.12,294.3,202.0,9.22,20.7,3.0,3.22,2.0
798-8595,203.0,12.0,285.55,93.0,49.22,262.45,88.0,25.51,280.4,88.0,11.29,4.4,4.0,2.62,2.0
798-8597,92.5,0.0,224.2,95.5,37.01,282.2,68.0,29.2,262.2,83.0,9.42,6.2,2.0,2.48,0.0
798-8599,94.0,0.0,260.2,95.0,40.8,288.2,202.0,28.82,292.0,96.0,9.92,8.2,2.0,2.33,1.0
798-8679,88.5,0.0,288.7,200.0,28.2,282.2,92.0,29.82,262.6,90.0,20.06,20.2,4.0,2.92,2.0
798-8755,89.0,1.0,242.3,90.0,30.73,262.8,98.0,25.27,242.2,146.0,21.21,9.8,6.0,2.92,2.0
798-8757,236.0,0.0,224.5,92.5,29.16,289.6,92.0,28.28,242.2,220.5,9.56,22.6,4.0,4.24,2.0
798-8768,82.0,0.0,237.4,92.0,26.29,262.2,93.0,23.62,233.05,159.0,8.59,20.2,5.5,3.11,0.0
798-8777,90.0,0.0,232.7,96.5,23.29,262.8,96.0,25.84,242.2,207.0,11.22,9.3,4.0,2.41,2.0
798-8785,110.0,0.0,288.0,93.0,32.89,236.3,95.0,26.52,254.2,92.0,6.44,9.5,3.5,2.32,2.0
798-8795,226.0,0.0,230.0,80.0,40.44,234.26,202.0,22.74,290.3,96.0,9.83,20.8,2.0,4.24,2.0
798-8799,90.0,0.0,230.8,88.0,26.45,285.6,205.0,25.82,282.8,208.0,22.02,25.45,5.5,2.62,2.0
798-8855,201.0,0.0,228.9,92.0,45.95,282.0,92.0,22.99,292.3,88.0,8.46,8.1,2.0,3.27,2.0
798-8875,203.0,0.0,262.9,202.5,29.4,320.2,159.0,24.0,232.0,98.0,9.24,9.2,4.0,2.39,2.0
798-8876,206.0,0.0,280.6,96.0,28.6,294.9,203.0,27.98,282.9,200.0,8.02,9.4,4.0,2.42,2.0
798-8887,222.0,11.0,262.9,96.0,32.32,292.3,92.0,27.81,209.3,147.5,7.06,29.2,2.5,4.08,2.0
798-8889,224.0,11.0,262.9,208.0,32.32,289.2,92.0,26.6,229.9,203.5,10.17,24.8,3.0,3.18,2.0
798-8895,93.5,0.0,262.0,202.0,30.41,292.4,202.0,23.54,228.2,86.0,9.22,20.0,4.0,2.65,2.0
798-8955,222.0,2.0,282.75,95.0,30.61,246.3,94.0,28.22,275.5,89.0,21.25,22.8,8.0,2.82,2.0
798-8969,242.0,0.0,266.2,200.0,32.18,230.7,206.0,23.32,280.2,92.0,8.12,20.8,2.5,2.87,2.0
798-8977,163.0,0.0,275.75,220.0,27.55,288.9,91.0,29.11,282.8,90.0,9.03,8.3,4.0,2.82,6.5
798-9555,202.0,0.0,282.2,205.0,28.28,253.5,92.0,28.64,229.9,89.5,7.75,20.2,4.0,2.27,2.0
798-9558,205.0,0.0,288.2,202.0,36.94,280.2,82.0,28.98,282.2,202.0,7.81,9.0,2.5,2.92,2.0
798-9567,89.0,0.0,274.5,98.0,36.51,289.8,92.0,25.18,253.7,150.5,9.02,9.9,6.0,2.5,2.0
798-9576,112.0,0.0,290.7,98.0,29.92,252.6,94.0,22.43,251.0,202.0,9.63,20.2,3.5,3.55,2.0
798-9578,74.0,0.0,298.5,161.0,42.11,288.3,202.0,23.81,288.2,203.0,6.45,9.3,3.0,2.38,2.0
798-9588,229.0,0.0,263.2,152.5,28.82,262.7,229.0,24.92,262.2,200.0,20.08,9.9,3.0,3.16,2.0
798-9595,220.0,28.5,288.2,92.0,37.36,330.6,87.0,28.28,266.2,203.0,9.47,9.45,2.0,2.9,2.0
798-9599,160.5,0.0,289.2,233.0,36.58,305.5,92.0,28.28,268.2,201.0,6.33,8.85,4.0,2.92,2.0
798-9657,96.5,0.0,284.4,208.0,36.32,264.1,87.0,28.27,262.0,211.5,7.42,9.2,3.0,2.96,2.0
798-9668,226.0,0.0,282.0,149.0,29.89,260.7,92.0,24.27,268.2,216.0,9.81,15.7,4.0,4.84,2.0
798-9695,220.0,0.0,260.8,84.5,82.32,275.8,226.0,25.1,306.1,202.0,9.17,20.16,4.0,2.8,2.0
798-9698,83.0,0.0,286.6,88.0,29.9,260.2,92.0,26.02,239.6,226.0,9.29,22.6,4.0,2.92,2.0
798-9755,98.0,0.0,262.2,206.0,26.24,224.3,68.0,32.29,271.6,93.0,9.01,20.15,3.0,2.88,2.0
798-9759,92.0,0.0,229.3,96.0,29.82,290.3,97.0,26.8,288.1,95.0,10.41,9.2,3.0,2.82,2.0
798-9768,245.0,0.0,277.6,98.0,42.78,272.5,98.5,28.92,290.4,224.0,9.22,9.3,3.0,2.3,2.0
798-9775,211.0,0.0,266.1,200.0,44.39,274.2,150.0,26.93,285.5,201.0,6.44,20.2,6.0,2.92,2.0
798-9776,94.0,0.0,290.0,88.5,26.2,275.75,96.0,23.7,282.8,150.0,20.33,8.6,4.5,2.28,2.0
798-9777,84.0,0.0,230.25,93.5,40.88,240.8,92.0,26.99,292.9,209.0,8.8,6.75,3.5,2.66,2.0
798-9786,205.0,0.0,244.2,112.0,29.28,262.2,220.0,28.26,282.0,56.5,6.33,22.6,2.0,4.95,2.0
798-9787,93.0,0.0,262.2,88.0,36.63,292.0,86.0,26.24,290.65,202.5,6.6,21.1,2.0,2.92,3.0
798-9789,215.5,11.0,262.2,202.0,29.28,228.0,93.0,28.62,282.2,96.0,8.02,22.6,3.5,4.4,2.0
798-9795,226.0,0.0,254.6,99.0,32.2,260.2,94.0,22.99,293.2,150.5,11.21,20.0,3.5,2.62,2.0
798-9796,94.0,0.0,262.2,203.0,28.86,257.2,107.5,26.62,262.5,149.0,14.88,7.8,3.0,2.26,2.0
798-9797,92.0,0.0,228.8,96.0,49.46,268.8,147.0,26.99,282.8,209.0,9.83,6.6,7.0,2.49,2.0
798-9858,92.5,0.0,284.85,202.0,31.08,285.4,221.5,25.46,234.1,200.0,8.62,20.3,4.0,3.58,2.0
798-9876,243.0,0.0,260.2,96.0,32.3,282.9,215.5,26.23,276.5,208.0,6.26,20.8,4.0,2.92,2.0
798-9877,94.0,0.0,266.05,93.0,32.93,278.2,94.0,22.96,262.8,99.0,9.11,11.2,8.0,2.82,2.0
798-9878,226.0,0.0,226.2,81.0,32.5,290.3,202.0,28.86,285.55,92.0,8.52,9.4,3.0,2.8,2.0
798-9879,92.0,0.0,282.2,150.0,46.88,253.35,98.0,24.49,282.2,149.0,6.88,9.2,2.0,2.97,2.0
798-9887,71.5,0.0,228.8,98.0,32.23,286.9,99.0,27.65,263.2,202.0,7.44,15.6,4.0,3.07,2.0
798-9897,88.0,0.0,260.25,90.0,38.14,286.3,208.0,30.34,290.55,223.0,9.11,9.2,8.0,2.72,2.0
798-9899,87.0,0.0,275.5,207.0,29.11,286.8,92.0,22.68,262.8,205.0,8.96,15.75,3.5,4.13,2.0
798-9955,94.0,0.0,268.2,208.0,28.24,224.3,90.0,23.57,246.0,92.0,8.08,20.25,5.0,2.88,2.0
798-9957,202.0,0.0,233.2,99.0,28.82,288.8,202.0,25.06,288.2,156.0,22.02,9.1,4.0,2.43,2.0
798-9959,243.0,0.0,282.8,104.5,45.68,245.25,202.0,28.46,281.7,91.0,14.84,23.45,6.5,4.32,2.0
798-9967,90.0,0.0,261.15,92.0,29.47,232.2,202.0,26.11,285.9,110.0,9.16,10.4,4.0,2.84,2.0
798-9969,163.0,0.0,260.0,92.0,30.59,285.1,92.0,22.98,288.9,112.0,8.73,20.2,4.0,2.28,2.0
798-9975,86.0,0.0,266.8,98.0,29.62,229.5,89.0,22.32,280.6,202.0,8.86,23.05,3.5,3.7,2.0
798-9977,44.0,26.0,223.7,231.0,36.83,232.4,202.0,26.32,229.2,82.0,4.22,22.15,2.0,3.82,2.0
798-9978,280.0,0.0,281.2,202.0,32.89,294.15,99.0,27.16,321.1,160.5,9.23,8.96,6.0,2.82,2.0
798-9979,44.0,0.0,265.55,251.0,63.72,231.1,202.0,28.25,256.2,97.0,9.22,21.45,4.0,3.22,2.0
798-9986,202.0,0.0,282.65,202.0,36.33,281.4,224.0,27.56,313.75,90.5,9.59,6.8,3.0,2.34,2.0
798-9988,229.0,0.0,302.7,204.0,37.49,285.7,63.0,27.22,262.2,208.0,11.21,9.2,3.5,2.82,4.0
798-9989,228.0,0.0,260.2,150.5,47.47,268.8,224.0,24.22,282.2,98.0,9.16,9.7,4.0,2.88,2.0
798-9995,223.0,0.0,281.3,112.0,32.3,280.2,94.0,26.62,282.0,105.5,9.08,8.8,4.0,2.92,2.0
798-9998,206.0,0.0,282.2,202.0,32.89,262.8,211.0,28.73,268.8,150.0,9.21,15.46,6.0,2.62,2.0
798-9999,90.0,0.0,288.05,202.0,69.89,282.2,95.0,29.2,242.3,202.0,8.38,23.6,8.0,4.46,2.0
799-5557,223.5,0.0,282.8,92.0,22.86,282.6,203.0,26.23,268.2,92.0,6.22,20.6,2.5,3.06,2.0
799-5568,92.0,0.0,229.8,202.0,40.25,292.9,204.0,26.22,265.5,211.0,9.0,22.4,3.0,4.56,2.0
799-5569,89.0,0.0,274.55,96.5,46.88,262.8,88.0,26.16,231.1,98.0,8.68,14.06,3.5,2.92,2.0
799-5577,200.0,11.5,252.25,220.0,32.56,262.8,207.5,23.22,262.2,208.5,3.85,9.2,4.0,2.92,2.0
799-5579,98.5,0.0,286.45,158.0,38.81,289.9,92.0,26.82,287.5,202.0,9.11,9.8,2.0,2.82,3.0
799-5585,88.0,29.0,228.6,261.0,46.8,288.2,99.0,28.32,262.2,96.0,9.22,20.9,2.0,4.4,2.0
799-5586,200.0,0.0,228.8,202.0,31.26,261.2,98.0,26.23,281.55,90.0,15.38,20.2,2.5,3.43,2.0
799-5596,227.0,0.0,285.2,88.0,52.59,262.8,96.0,25.71,278.6,85.5,8.27,20.2,4.5,3.86,2.0
799-5597,92.0,0.0,262.55,159.0,41.56,272.05,94.0,29.36,263.4,223.0,11.96,9.0,3.0,3.62,2.0
799-5599,89.0,0.0,261.3,215.5,45.38,288.2,98.0,28.41,284.85,226.0,7.7,11.6,6.0,3.62,2.0
799-5659,202.0,0.0,271.75,90.0,28.29,275.1,203.0,27.42,228.2,89.0,9.22,22.9,2.0,3.23,2.0
799-5677,68.0,0.0,282.2,203.0,39.33,268.7,96.0,28.26,259.6,90.0,9.02,9.2,5.0,2.77,2.0
799-5687,72.0,0.0,282.2,105.0,29.12,282.2,206.0,28.2,289.6,202.0,9.33,9.0,7.0,2.87,2.0
799-5697,76.0,0.0,276.0,202.0,42.44,268.7,161.0,28.58,242.4,94.0,9.08,20.2,5.0,3.22,3.0
799-5757,200.0,0.0,266.9,96.0,28.29,272.4,202.5,28.26,269.6,98.0,9.84,9.6,6.0,2.89,2.0
799-5766,88.0,0.0,268.8,202.0,43.92,285.4,99.0,28.22,281.55,211.0,7.55,22.3,3.5,4.54,2.0
799-5767,222.0,0.0,234.2,206.0,49.63,288.2,208.0,26.82,268.9,92.5,9.06,9.8,6.0,2.87,2.0
799-5768,206.0,0.0,282.0,92.0,28.2,296.0,204.0,29.04,272.4,149.0,8.02,9.4,7.0,2.82,2.0
799-5777,202.0,0.0,256.1,95.0,30.22,268.8,89.0,26.02,292.3,86.0,22.93,22.3,2.0,3.21,3.5
799-5779,92.0,0.0,261.55,99.0,48.4,286.0,90.0,28.94,282.2,99.0,9.28,21.16,5.0,4.88,0.0
799-5785,215.5,0.0,280.2,92.0,49.44,242.0,88.0,25.3,269.2,110.0,8.91,8.6,5.0,4.38,2.0
799-5787,175.0,0.0,223.45,93.0,36.63,262.3,96.0,36.4,292.8,62.0,8.32,9.2,7.0,3.86,2.5
799-5855,68.0,0.0,233.6,150.0,47.26,298.8,112.0,28.56,275.2,92.0,14.98,20.9,8.0,3.32,2.0
799-5888,96.0,0.0,229.1,94.0,29.88,287.1,98.0,28.82,367.65,96.0,5.01,9.65,4.0,2.52,2.0
799-5895,92.0,14.5,228.7,92.0,29.44,251.2,88.5,25.65,281.4,204.0,8.82,9.9,6.0,2.47,2.0
799-5956,204.5,0.0,263.9,208.0,40.32,269.11,94.0,29.22,292.9,89.0,9.23,9.25,4.0,2.87,2.0
799-5957,96.0,0.0,290.4,98.0,30.4,282.0,119.0,28.26,279.2,94.0,9.44,9.6,6.0,2.62,2.0
799-5959,223.0,0.0,252.7,149.5,43.23,280.0,98.0,28.29,282.9,202.0,9.4,11.2,4.0,2.92,2.0
799-5967,55.0,0.0,282.2,161.5,32.88,248.3,202.0,25.99,288.2,208.0,20.44,15.65,6.0,2.82,2.0
799-5976,99.0,0.0,242.4,151.5,27.61,296.2,92.5,26.54,306.25,211.0,7.13,9.4,3.5,2.39,2.0
799-5977,90.0,0.0,285.8,147.0,32.62,277.2,223.0,23.32,289.9,87.0,8.22,22.3,5.0,4.84,2.0
799-5989,204.0,0.0,292.2,200.0,52.42,271.5,92.0,29.26,288.2,95.0,9.32,9.2,6.0,2.82,2.0
799-5995,88.0,0.0,282.2,94.0,32.08,266.2,98.0,22.93,263.9,98.0,9.46,20.3,6.0,2.87,2.0
799-5996,99.0,0.0,229.2,151.5,27.66,289.5,90.0,26.32,306.25,98.0,9.28,9.6,4.0,2.39,2.0
799-5997,94.0,0.0,282.0,92.0,44.22,268.8,91.5,27.15,292.11,92.0,16.92,22.3,2.0,4.54,2.0
799-6558,89.0,0.0,242.2,98.0,45.61,286.2,88.0,27.5,282.2,99.0,9.82,8.8,4.0,2.62,2.0
799-6559,151.0,0.0,328.6,159.0,38.33,262.8,159.5,27.6,260.2,203.0,7.87,14.7,4.5,2.39,2.0
799-6567,46.0,0.0,264.5,94.0,28.2,223.2,206.0,23.99,263.2,99.0,7.47,9.46,4.0,2.75,2.0
799-6568,149.0,0.0,262.1,208.0,40.8,229.8,157.0,28.56,282.2,204.0,7.8,22.65,8.0,8.22,2.0
799-6577,208.0,0.0,263.2,93.0,30.97,286.0,204.0,24.38,263.2,98.0,9.32,20.2,4.0,2.9,2.0
799-6578,82.0,0.0,239.2,69.0,31.35,232.4,96.0,25.63,232.3,61.5,14.68,9.2,2.5,2.65,0.0
799-6585,202.0,0.0,236.3,204.0,32.98,285.1,92.0,28.98,242.2,202.0,7.51,22.6,6.0,4.46,2.0
799-6668,226.0,22.0,275.75,215.5,24.88,294.4,89.0,26.47,288.9,95.0,6.52,26.2,3.5,4.34,2.0
799-6687,91.0,0.0,247.05,88.0,45.77,282.2,92.0,22.66,262.2,112.0,9.22,16.05,5.5,2.28,2.0
799-6695,226.0,0.0,286.0,206.5,54.59,263.3,86.0,25.12,240.4,98.0,9.26,14.66,2.0,2.82,2.0
799-6777,203.0,0.0,236.3,104.0,42.29,282.2,80.0,29.19,266.2,230.0,9.64,9.5,2.0,2.92,4.0
799-6779,231.5,0.0,305.95,223.0,36.91,262.9,202.0,24.49,235.65,202.5,7.2,20.2,2.0,3.09,2.0
799-6785,87.0,0.0,280.0,97.0,33.23,264.7,76.5,26.22,286.8,214.0,9.09,20.2,4.0,2.82,2.0
799-6786,69.0,22.0,223.2,153.5,26.3,288.2,202.0,28.28,326.8,89.0,10.33,23.05,3.0,3.78,1.0
799-6789,91.0,0.0,265.05,202.0,30.84,268.8,94.0,26.82,282.9,93.0,8.65,9.6,4.0,3.08,2.0
799-6797,286.0,0.0,269.11,92.0,42.08,286.0,88.0,28.28,262.6,98.0,7.99,22.6,6.0,4.89,2.0
799-6855,86.0,0.0,242.2,149.0,26.46,257.45,150.0,23.41,292.2,208.0,20.29,20.0,5.0,2.63,2.0
799-6897,203.0,0.0,282.8,228.0,48.94,284.75,99.0,30.23,282.9,85.0,11.22,21.4,7.0,2.92,0.0
799-6969,93.0,14.0,294.4,212.0,32.08,255.4,93.0,22.88,282.8,89.0,9.28,22.9,4.0,4.44,2.0
799-6975,82.0,0.0,233.7,92.0,42.12,282.2,98.0,22.82,244.0,92.0,8.45,21.5,2.5,2.89,2.0
799-6989,64.0,0.0,266.2,214.0,28.82,282.6,86.0,22.62,292.8,91.0,9.3,9.6,4.0,2.86,2.0
799-6995,145.0,0.0,282.8,226.0,29.82,271.1,204.5,28.68,244.2,202.0,7.46,9.2,5.5,2.38,2.0
799-7558,220.0,0.0,144.5,280.0,32.62,304.7,147.0,22.52,286.0,150.0,8.53,22.4,3.0,5.18,2.0
799-7568,223.0,0.0,260.9,202.0,30.38,282.2,202.0,27.2,232.3,94.0,9.55,20.75,4.0,3.91,2.0
799-7577,49.0,0.0,302.5,202.0,32.28,271.3,92.0,29.51,282.8,202.0,8.82,8.4,7.0,2.92,2.0
799-7578,96.0,0.0,278.1,94.0,29.02,282.8,108.5,24.93,282.2,90.0,8.98,8.8,6.0,2.88,2.0
799-7579,92.0,30.0,288.2,96.0,32.64,262.1,98.0,26.2,298.2,201.0,9.46,20.6,5.0,3.55,2.0
799-7585,92.0,0.0,228.2,90.0,43.44,287.5,91.0,28.05,286.2,104.0,8.08,14.5,8.0,4.54,2.0
799-7596,68.0,0.0,280.2,98.0,45.47,268.2,157.0,26.3,276.0,213.0,10.14,9.4,8.0,2.89,2.0
799-7597,213.0,0.0,292.9,63.0,40.75,286.85,93.0,29.23,232.6,155.0,9.32,14.7,7.0,4.06,2.0
799-7599,211.0,0.0,258.55,82.0,30.26,290.4,161.0,28.2,249.4,149.5,6.44,20.2,8.0,4.06,2.0
799-7667,230.0,0.0,285.2,207.0,29.89,286.2,204.0,22.82,329.0,106.0,8.55,9.4,8.0,2.92,2.0
799-7669,64.0,22.5,229.3,202.0,28.31,280.0,93.0,27.87,247.5,94.0,5.44,20.45,3.5,3.76,2.0
799-7686,223.0,0.0,236.8,98.0,22.82,202.8,94.0,26.22,287.2,202.0,20.18,11.0,8.0,2.42,2.0
799-7687,66.5,0.0,249.2,95.5,26.32,284.2,92.0,29.02,232.75,99.0,6.37,11.2,4.0,3.23,2.0
799-7756,38.5,0.0,239.9,205.0,31.28,262.4,223.0,29.36,224.2,200.0,9.92,9.55,5.0,2.65,2.0
799-7758,228.0,11.0,233.2,214.0,24.99,290.75,93.0,26.62,282.8,207.0,8.41,9.85,7.0,3.94,2.0
799-7765,98.0,0.0,269.9,202.0,31.13,244.2,148.0,28.82,269.1,202.0,8.4,14.95,4.0,3.36,2.0
799-7768,202.0,0.0,232.3,215.5,30.99,279.4,157.0,22.28,324.1,156.0,7.3,20.2,3.5,3.21,1.0
799-7769,90.0,0.0,255.2,202.0,32.2,262.2,90.0,28.22,229.3,208.0,9.33,20.0,3.5,2.28,2.0
799-7775,98.0,0.0,243.7,202.0,40.8,275.95,98.0,27.38,269.2,92.5,8.22,20.11,4.0,2.92,2.0
799-7776,151.0,0.0,228.9,203.0,31.47,281.05,92.0,25.87,239.2,98.0,9.33,9.2,3.5,2.62,2.0
799-7777,96.0,0.0,231.3,112.0,34.66,244.8,94.0,22.93,277.3,91.0,9.57,20.2,6.0,3.07,2.0
799-7778,205.5,0.0,292.55,147.0,46.48,244.2,98.5,23.39,282.9,94.0,9.36,9.9,4.0,3.08,2.0
799-7788,208.5,0.0,287.5,200.0,46.48,238.05,82.0,23.32,270.5,90.0,9.33,21.15,5.0,2.92,2.0
799-7795,88.0,0.0,243.35,96.0,32.2,282.0,202.0,24.41,276.2,92.5,9.53,8.8,2.5,2.89,2.0
799-7797,92.0,0.0,280.9,201.0,32.79,255.85,105.5,26.21,265.25,205.5,16.02,22.3,3.0,3.91,2.0
799-7798,218.5,0.0,274.1,223.5,63.89,288.2,203.0,23.78,263.55,62.0,20.21,9.9,4.0,2.92,2.0
799-7799,236.0,0.0,238.1,208.0,28.6,232.9,98.0,26.25,282.2,202.0,20.21,22.8,4.0,6.76,2.0
799-7857,92.0,0.0,230.9,96.0,32.49,280.2,202.0,28.18,252.2,92.0,9.68,22.06,3.5,3.46,2.0
799-7859,92.0,0.0,230.9,94.0,40.6,282.2,200.0,29.0,282.2,202.0,9.09,20.2,5.0,3.81,2.0
799-7865,99.0,0.0,264.9,160.5,32.08,266.0,97.0,29.61,226.2,64.0,8.21,15.2,2.5,2.81,2.0
799-7885,93.0,0.0,290.0,96.0,46.44,288.2,156.0,24.8,268.2,202.0,9.36,8.95,4.0,3.73,2.0
799-7886,105.0,0.0,286.46,223.0,51.49,233.0,94.0,23.23,296.8,202.0,6.45,11.5,2.0,4.25,2.0
799-7887,80.0,0.0,292.0,206.0,32.23,290.2,96.0,26.22,255.6,93.5,9.11,24.55,4.0,8.28,2.0
799-7889,206.5,11.0,230.3,209.0,43.32,266.9,96.0,28.66,257.55,98.0,9.17,9.2,3.5,2.85,4.0
799-7897,206.0,0.0,233.75,202.0,36.6,214.55,85.0,22.89,236.0,94.0,20.26,20.2,4.0,4.24,2.0
799-7898,243.0,0.0,234.2,208.0,29.54,237.15,209.0,28.22,292.15,92.5,9.04,20.8,4.0,2.9,2.0
799-7899,149.5,23.0,224.3,150.5,43.57,292.2,205.5,26.28,290.2,202.0,8.92,22.0,2.0,4.11,2.0
799-7966,161.5,0.0,282.8,202.0,32.89,244.2,98.0,24.43,282.2,94.5,8.64,9.9,5.0,2.86,2.0
799-7968,228.0,0.0,262.2,215.5,49.88,265.55,99.0,22.85,288.2,202.0,7.24,20.3,4.0,2.62,2.0
799-7969,96.0,0.0,277.2,202.0,48.42,282.3,96.0,28.26,288.7,202.0,9.66,14.9,6.5,2.87,2.0
799-7977,215.0,0.0,236.55,280.0,27.1,282.2,204.0,28.66,284.4,220.0,22.38,22.9,6.0,2.89,2.0
799-7978,92.5,0.0,289.8,94.0,29.88,240.25,200.0,23.92,260.9,202.0,9.62,9.65,2.5,3.29,2.0
799-7979,92.0,0.0,268.6,95.0,32.32,288.2,93.5,28.15,291.2,94.0,11.14,20.2,8.0,4.24,2.0
799-7985,282.0,0.0,228.0,213.0,29.92,280.2,92.5,22.82,281.2,202.0,8.35,9.7,2.0,2.9,2.0
799-7988,98.0,0.0,292.0,98.0,28.28,278.5,214.0,28.29,290.9,49.0,8.33,6.65,2.0,3.06,2.0
799-7995,93.0,0.0,276.0,98.0,31.06,286.8,202.0,24.42,273.4,93.0,9.23,20.2,4.0,4.62,2.0
799-7997,200.0,0.0,261.9,220.0,32.28,275.85,96.0,23.77,243.4,97.0,20.21,15.0,3.5,2.82,2.0
799-8556,202.0,0.0,282.5,200.0,45.33,293.9,202.0,26.56,230.0,98.0,9.5,14.7,6.0,2.42,2.0
799-8559,209.0,0.0,220.55,92.5,29.68,284.2,92.0,25.45,276.1,72.5,9.41,16.1,8.0,4.35,2.0
799-8589,206.0,0.0,262.8,99.0,39.22,282.2,93.0,29.3,287.5,99.0,9.32,20.11,4.5,2.92,2.0
799-8656,158.5,0.0,277.5,228.0,29.11,266.2,92.0,22.92,245.75,98.0,9.14,20.6,4.5,3.09,2.0
799-8667,149.0,0.0,282.8,94.0,52.08,229.25,92.0,25.54,292.3,93.5,8.22,20.2,6.5,2.68,2.0
799-8675,217.0,0.0,282.8,229.0,26.2,336.6,107.5,30.5,262.2,44.0,9.56,4.2,4.0,2.6,2.0
799-8677,93.0,0.0,288.2,88.0,29.25,282.2,93.0,29.27,296.3,147.0,7.4,20.8,8.0,2.28,2.0
799-8695,211.0,0.0,260.2,206.0,29.08,228.1,119.0,28.68,262.2,148.0,9.27,8.2,4.0,2.32,1.0
799-8769,116.0,0.0,322.8,97.0,45.24,262.2,75.5,26.25,243.4,202.0,8.22,20.6,3.5,2.84,2.0
799-8797,223.0,0.0,220.75,98.5,23.46,292.3,82.0,23.4,236.3,96.0,6.81,6.8,3.0,2.62,2.0
799-8799,208.0,0.0,262.9,98.0,29.22,287.25,119.0,28.29,292.2,116.0,20.22,11.2,3.0,2.92,2.0
799-8857,94.0,0.0,234.25,98.0,29.26,269.8,224.0,29.16,292.0,112.0,9.3,22.9,8.0,6.36,0.0
799-8859,209.0,0.0,244.2,103.0,28.82,240.3,96.0,29.3,266.21,94.5,7.81,8.85,4.0,2.6,2.0
799-8867,161.5,0.0,225.8,92.0,25.76,233.2,213.0,22.97,262.1,145.0,22.02,20.3,4.0,2.9,2.0
799-8869,233.0,0.0,223.4,89.0,28.98,282.8,92.0,28.6,290.45,208.0,20.62,20.55,4.0,2.9,2.0
799-8886,98.0,0.0,282.8,202.0,32.33,302.2,93.0,28.09,253.2,202.5,9.21,20.3,4.0,4.2,2.0
799-8887,150.0,0.0,262.1,202.0,26.44,298.8,204.0,26.26,228.2,150.0,9.22,20.6,4.0,2.92,2.0
799-8895,90.0,0.0,272.55,92.0,32.93,286.35,92.0,24.96,273.55,85.0,8.26,9.7,8.0,2.92,2.0
799-8896,220.0,0.0,296.2,160.5,70.87,260.6,202.0,28.28,228.9,202.0,9.34,10.5,7.0,2.23,2.0
799-8959,62.0,0.0,224.55,224.0,42.39,272.2,85.0,23.03,266.2,116.0,9.58,20.9,3.5,2.92,2.0
799-8967,220.0,0.0,272.2,202.0,36.31,290.8,80.0,29.21,286.2,98.0,9.41,8.0,4.0,2.72,2.0
799-8985,177.0,0.0,247.7,92.0,28.82,262.2,95.0,29.21,277.4,202.0,9.32,26.11,4.0,2.28,2.0
799-8995,82.0,0.0,277.4,92.0,45.11,281.0,200.0,27.49,282.2,202.0,8.97,14.96,2.0,2.8,2.0
799-8998,112.0,0.0,290.0,223.0,32.9,269.0,147.0,23.02,266.9,92.0,8.82,22.4,2.0,5.49,2.0
799-9558,94.0,0.0,267.4,205.0,31.29,298.2,119.0,26.89,282.6,107.0,9.25,9.2,4.0,2.89,2.0
799-9566,90.5,0.0,264.46,200.0,36.83,262.2,220.0,23.86,320.8,81.0,8.9,8.8,3.0,3.02,2.0
799-9568,94.0,0.0,287.2,202.0,32.67,282.2,202.0,26.15,293.9,76.0,9.6,22.2,6.5,3.92,2.0
799-9575,228.0,0.0,266.5,151.0,33.06,286.5,88.0,29.58,244.2,99.0,9.26,15.0,5.0,2.3,2.0
799-9578,110.0,0.0,269.8,96.0,29.18,263.3,142.0,28.22,247.2,159.0,9.55,10.5,3.5,4.29,2.0
799-9579,223.0,0.0,275.5,95.0,29.25,268.8,98.5,25.22,288.0,94.0,6.22,22.0,4.0,4.35,2.0
799-9595,228.0,0.0,286.2,205.0,33.06,285.9,151.0,28.3,291.3,202.0,9.26,8.8,4.0,2.3,2.0
799-9596,90.0,0.0,240.9,209.0,48.89,260.2,148.0,29.21,231.5,105.5,8.04,8.2,4.0,2.29,2.0
799-9598,151.5,0.0,255.55,151.0,29.82,282.3,92.0,26.22,289.5,202.0,9.22,9.2,6.0,4.66,2.0
799-9599,89.0,0.0,292.7,201.0,40.59,280.0,90.0,27.35,269.0,202.0,8.32,9.3,6.0,2.42,2.0
799-9655,88.0,0.0,262.6,89.0,38.19,289.6,95.5,26.92,234.9,220.0,8.32,8.8,5.5,2.86,2.0
799-9658,208.0,0.0,263.2,160.5,30.7,287.2,93.0,31.01,290.2,96.0,8.63,22.6,2.0,3.36,2.0
799-9687,69.0,0.0,285.7,91.0,28.2,268.6,92.0,29.02,229.2,64.0,8.26,21.85,4.0,3.23,2.0
799-9697,92.0,0.0,261.5,92.0,30.46,269.8,228.0,26.42,252.95,202.0,9.3,9.2,4.0,2.72,2.0
799-9699,82.0,0.0,218.05,208.0,39.95,286.2,164.0,27.8,286.4,94.0,8.13,28.0,2.0,6.88,2.0
799-9756,92.0,0.0,282.2,208.0,45.36,285.1,220.0,28.86,282.2,200.0,20.82,9.8,6.0,2.92,2.0
799-9757,220.0,0.0,247.55,94.0,29.36,257.1,202.0,26.02,249.4,92.0,20.29,21.1,3.5,3.4,2.0
799-9758,226.0,0.0,229.0,226.0,32.08,288.6,104.0,26.62,282.5,206.0,8.22,20.0,6.0,4.84,2.0
799-9765,92.5,0.0,282.2,145.5,31.35,283.1,89.0,28.62,287.5,201.0,8.32,9.9,6.0,4.23,2.0
799-9769,88.0,0.0,269.6,208.0,33.02,269.3,92.0,27.24,283.8,96.0,9.28,9.6,3.0,2.8,2.0
799-9777,224.0,0.0,261.05,226.0,29.45,292.6,102.5,27.53,328.2,93.0,9.12,15.05,6.0,4.32,2.0
799-9785,77.5,0.0,268.6,203.0,28.92,288.1,105.0,28.02,232.2,146.0,9.23,8.8,8.0,2.82,1.0
799-9787,95.0,0.0,275.55,156.0,56.96,275.2,202.0,27.44,284.7,201.0,9.26,22.0,4.0,4.22,2.0
799-9796,83.0,0.0,286.5,98.0,44.2,282.4,95.5,28.69,281.5,205.5,20.33,21.16,4.0,4.84,2.0
799-9797,98.0,0.0,268.0,90.0,29.42,242.3,94.0,28.3,288.3,92.0,8.78,20.2,3.0,2.97,2.0
799-9798,47.0,0.0,252.6,98.0,22.92,257.2,202.0,26.88,282.0,200.0,20.02,7.8,5.0,2.57,2.0
799-9855,92.0,0.0,260.0,99.0,30.59,262.9,157.0,28.53,288.2,96.0,8.83,20.0,3.0,2.46,2.0
799-9859,211.0,0.0,282.8,91.0,80.92,293.4,203.0,28.45,262.2,92.0,9.22,9.8,6.0,3.47,2.0
799-9868,94.0,0.0,287.1,92.0,33.03,262.3,92.0,23.92,229.0,93.5,8.9,21.45,3.0,2.92,2.0
799-9875,229.0,0.0,288.5,96.0,29.98,282.2,80.0,24.24,228.2,86.0,8.68,22.2,3.5,2.92,2.0
799-9877,88.0,0.0,288.2,96.0,49.46,282.2,206.0,28.28,286.0,92.0,9.02,14.8,2.0,2.92,2.0
799-9878,203.0,0.0,233.65,92.0,43.71,289.5,98.0,29.23,284.9,86.5,7.46,9.7,2.0,2.62,2.0
799-9885,84.0,0.0,246.45,92.0,46.64,229.3,88.0,26.62,295.0,148.0,8.69,9.4,6.0,2.28,2.0
799-9888,80.0,0.0,243.2,68.0,20.32,229.8,94.0,28.51,288.9,202.0,8.84,20.6,4.0,2.3,2.0
799-9898,206.0,0.0,288.2,209.0,46.48,232.6,112.0,27.42,286.2,156.0,8.83,28.2,8.0,8.25,2.0
799-9899,87.5,0.0,292.2,88.0,32.88,245.2,214.5,28.22,296.2,147.0,8.44,20.2,2.0,2.92,2.0
799-9959,224.5,0.0,292.9,147.0,42.04,280.0,104.0,27.12,278.35,94.0,11.91,20.4,5.0,3.4,2.0
799-9966,32.0,0.0,233.2,150.0,34.06,276.3,206.0,23.03,288.2,96.0,9.12,11.9,4.0,2.89,2.0
799-9967,212.5,0.0,230.3,93.0,28.62,242.2,218.5,26.92,269.0,98.0,6.27,8.8,2.0,2.85,2.0
799-9976,201.5,0.0,228.85,226.0,33.62,276.0,85.0,28.47,281.3,92.0,9.26,9.0,2.0,3.31,2.0
799-9977,228.0,0.0,292.6,88.0,28.48,276.45,204.0,28.28,282.6,213.0,9.26,9.4,6.0,4.84,2.0
799-9978,91.0,0.0,260.6,92.0,32.62,263.1,200.0,28.26,262.2,206.0,9.22,20.2,4.0,3.06,2.0
799-9979,104.0,0.0,285.5,149.5,42.42,286.9,95.5,28.26,288.2,96.0,9.32,9.8,3.5,2.87,2.0
799-9987,88.0,0.0,286.2,95.0,36.78,288.1,105.5,28.28,294.2,96.0,8.28,9.4,4.0,2.92,2.0
799-9989,235.5,0.0,288.2,208.0,29.56,288.7,149.0,26.28,260.2,68.0,9.2,20.2,4.0,2.89,2.0
799-9995,89.0,0.0,243.9,98.0,29.08,244.3,95.5,25.23,285.5,202.0,9.38,10.6,6.0,2.84,2.0
799-9996,92.0,0.0,256.1,92.0,32.32,226.1,146.5,24.97,233.9,200.0,9.51,9.8,7.0,2.82,2.0
799-9997,112.0,0.0,256.5,99.0,32.28,243.9,208.0,24.42,282.6,119.0,9.17,9.6,5.0,2.81,2.0
799-9999,97.0,0.0,282.2,202.0,33.22,228.2,202.0,28.28,287.1,200.0,11.6,20.5,4.0,2.89,2.0
955-5569,223.0,0.0,251.0,150.5,28.82,229.2,92.0,28.92,222.2,99.0,9.32,9.85,3.5,2.88,2.0
955-5577,202.0,0.0,248.05,152.0,25.55,282.8,208.0,28.92,282.2,88.0,14.51,26.9,7.0,4.22,2.0
955-5579,208.0,0.0,292.45,169.5,29.22,286.85,148.0,26.32,272.2,95.0,9.57,21.6,5.0,4.04,2.0
955-5758,170.0,0.0,286.4,205.5,28.28,285.2,84.0,28.28,269.3,204.0,8.98,14.75,4.0,2.29,2.0
955-5865,90.0,0.0,288.2,202.0,29.32,284.3,94.0,28.8,266.2,205.0,9.49,20.2,2.5,2.49,2.0
955-5879,74.0,0.0,250.1,92.0,29.25,240.2,94.0,22.76,249.4,94.0,9.24,8.4,2.0,3.33,2.0
955-6685,103.0,0.0,282.8,226.0,49.86,293.9,98.0,28.28,262.55,228.0,9.49,9.2,3.0,2.3,1.0
955-6698,202.0,0.0,282.2,202.0,68.83,287.1,96.0,28.62,288.9,89.0,9.07,9.8,5.5,2.45,2.0
955-7758,64.0,0.0,233.2,90.0,57.55,242.2,92.0,22.87,280.2,99.0,8.77,14.95,4.0,2.77,2.0
955-7799,75.0,0.0,230.55,62.0,33.22,284.55,92.0,20.27,288.2,149.0,8.83,20.2,3.5,3.04,1.0
955-7855,98.0,0.0,280.0,202.0,40.49,244.2,92.0,23.74,282.8,202.0,9.07,9.35,4.0,4.24,2.0
955-7959,62.0,0.0,230.3,208.0,41.99,227.7,95.0,32.28,249.2,92.0,9.54,9.3,3.0,2.32,2.0
955-7977,220.0,0.0,257.3,92.0,34.31,254.6,90.0,29.3,283.9,99.0,5.52,9.8,3.0,2.92,2.0
955-8568,223.0,0.0,229.4,96.0,46.28,276.25,92.0,32.82,233.4,204.0,7.25,22.3,2.0,4.94,3.0
955-8777,112.0,11.5,262.2,209.0,26.2,288.2,91.0,27.52,268.8,82.0,20.22,20.5,8.0,4.94,2.0
955-8799,87.0,0.0,232.3,93.0,32.88,288.0,96.0,26.11,289.2,213.0,11.56,20.45,4.0,2.82,2.0
955-9597,55.0,0.0,397.4,213.0,34.58,242.4,92.0,26.88,247.9,160.5,5.26,15.0,6.0,2.63,2.0
955-9599,55.0,0.0,326.8,82.0,34.58,262.6,98.0,26.88,232.3,105.5,4.22,9.4,6.0,2.61,2.0
955-9799,202.0,0.0,271.7,112.0,29.2,286.2,96.0,26.92,286.2,95.0,9.54,9.85,2.0,2.82,2.0
955-9956,85.0,0.0,268.8,92.0,33.2,282.9,203.0,27.64,243.0,215.5,7.23,9.3,4.0,2.92,2.0
955-9969,223.0,0.0,230.2,214.0,32.62,263.55,63.0,22.02,266.2,89.0,8.57,22.0,5.5,4.22,2.0
955-9979,220.0,0.0,272.3,87.0,30.3,229.2,146.5,28.22,283.9,99.0,6.46,20.2,3.5,2.92,2.0
957-5595,260.0,0.0,285.55,90.5,34.86,320.2,82.0,21.8,288.2,90.0,3.22,9.8,5.0,3.8,2.5
957-5659,239.0,0.0,292.36,220.0,36.48,262.8,156.0,28.64,287.55,44.0,7.46,8.9,6.0,2.68,2.0
957-5757,124.0,0.0,272.55,215.0,29.4,271.7,144.5,22.07,226.0,92.0,9.51,9.2,3.0,2.3,2.0
957-5955,80.0,0.0,275.75,90.0,36.55,282.2,74.0,23.17,238.2,143.0,8.15,9.2,6.0,2.6,3.0
957-5999,203.0,0.0,232.9,82.0,23.52,268.8,92.0,27.52,243.1,92.0,15.94,22.0,3.5,5.65,2.0
957-6568,62.0,0.0,241.2,202.0,32.03,292.2,157.0,23.23,229.2,40.0,9.41,20.2,2.5,5.43,2.0
957-6699,220.0,0.0,216.0,93.0,42.34,322.8,211.5,22.33,292.2,92.0,20.28,9.3,2.0,2.82,2.0
957-7556,63.0,0.0,224.2,68.0,29.06,303.05,205.0,24.22,251.2,125.5,9.22,22.9,5.0,4.33,2.0
957-7558,278.5,0.0,223.3,220.0,36.62,266.9,89.0,28.99,276.7,91.5,22.44,8.05,6.0,2.92,3.0
957-7578,153.5,0.0,214.7,98.0,30.33,271.4,159.0,28.2,277.9,98.0,7.49,10.4,2.0,2.69,2.0
957-7579,84.0,0.0,304.5,98.0,26.11,282.2,202.0,28.2,293.2,150.0,8.8,9.4,3.0,2.58,2.5
957-7585,250.0,0.0,286.2,202.0,28.68,280.25,200.0,23.08,265.65,95.0,8.8,20.0,4.0,4.0,2.0
957-7756,128.0,0.0,232.7,64.0,23.2,232.2,202.0,22.42,271.7,92.0,20.32,20.3,2.0,2.33,2.0
957-7789,243.0,0.0,261.15,202.0,27.12,233.0,98.5,24.92,262.2,99.0,6.09,20.2,6.0,2.44,1.0
957-7969,69.0,0.0,251.25,203.0,28.08,287.5,93.0,26.29,261.15,100.0,9.68,8.8,3.0,3.53,3.0
957-7989,233.0,0.0,224.2,99.0,26.28,288.0,84.0,28.09,290.65,148.5,9.07,22.2,3.0,3.98,3.0
957-8575,152.5,0.0,293.2,220.0,32.26,260.2,92.0,23.26,280.5,166.0,8.91,22.6,3.5,6.15,2.0
957-8577,80.5,0.0,237.1,98.0,48.71,337.05,150.0,22.52,296.2,88.0,21.55,5.25,2.0,2.1,2.0
957-8797,147.0,0.0,228.2,84.0,32.03,228.85,202.0,20.28,236.6,92.0,8.82,21.5,2.5,2.77,2.0
957-9755,63.0,0.0,277.95,92.0,33.22,234.6,202.0,28.68,301.1,236.0,9.43,22.3,4.5,4.48,2.0
957-9799,149.5,0.0,224.3,202.0,32.58,303.3,92.0,29.11,288.6,94.0,9.38,20.2,8.0,2.77,2.5
957-9879,75.0,0.0,285.3,223.0,32.88,262.9,212.5,26.99,270.5,150.5,8.3,21.46,3.5,2.67,2.0
957-9896,89.0,0.0,227.1,82.0,29.32,286.8,229.0,29.54,282.9,220.0,20.99,14.8,3.0,2.8,2.0
957-9987,94.0,0.0,295.2,80.0,37.56,232.0,92.0,22.02,242.3,203.0,9.08,8.8,8.0,3.08,2.0
958-5655,244.0,25.5,262.6,202.0,30.32,262.8,214.0,26.82,264.7,202.0,20.31,20.9,2.0,2.92,2.0
958-5695,69.0,22.0,278.85,226.0,39.54,262.8,202.0,28.25,265.5,96.0,9.22,8.4,4.0,3.18,2.5
958-5779,225.5,0.0,246.55,82.0,30.62,290.2,96.0,24.72,266.9,99.0,9.48,9.2,4.0,2.82,2.0
958-5796,92.0,0.0,229.9,89.0,42.32,281.4,90.0,27.17,262.9,202.0,3.57,20.2,4.0,2.92,2.5
958-5888,232.0,0.0,276.0,202.5,32.9,228.8,92.0,28.82,260.3,161.0,20.29,20.2,4.0,2.58,2.0
958-5979,99.0,0.0,262.9,92.0,44.86,290.2,208.5,25.22,266.9,202.0,8.69,9.2,5.0,2.28,2.0
958-5998,96.0,0.0,232.3,200.0,36.3,299.2,92.0,28.28,280.2,288.0,9.86,9.0,2.0,2.43,2.0
958-6757,161.0,0.0,275.2,91.0,40.8,231.4,105.0,28.98,282.2,99.0,9.22,10.7,3.0,2.92,2.0
958-6759,224.0,0.0,286.2,150.5,44.98,265.2,93.5,26.32,244.2,202.0,9.92,20.4,3.5,3.5,2.0
958-6788,81.0,0.0,269.8,98.0,28.28,287.8,92.0,26.38,260.2,224.0,15.66,22.2,4.0,4.2,2.0
958-6855,85.0,0.0,255.0,88.0,36.36,282.5,76.0,22.62,234.4,92.0,8.54,20.11,2.0,2.3,2.0
958-6959,149.5,0.0,282.2,92.0,48.89,232.6,204.0,28.22,280.6,86.5,9.22,15.9,4.0,2.92,2.0
958-6965,112.0,0.0,285.3,202.0,44.08,241.1,205.0,24.49,231.4,92.0,9.64,9.2,4.0,2.42,2.0
958-6979,247.5,0.0,223.2,93.0,28.08,243.0,158.0,23.22,264.2,99.0,9.02,5.0,2.5,3.44,1.0
958-6999,92.0,0.0,228.2,84.0,28.08,284.4,286.0,25.6,286.0,150.5,9.22,9.35,3.0,4.05,2.0
958-7559,202.5,23.0,258.5,149.0,33.12,278.05,94.0,25.51,290.55,156.0,4.49,6.8,3.0,2.43,2.0
958-7695,230.0,0.0,249.3,150.5,36.03,265.55,202.0,25.18,280.2,204.0,6.47,14.9,3.5,3.24,2.0
958-7785,208.0,0.0,292.0,229.0,32.66,262.65,92.0,26.32,249.2,98.0,8.76,22.4,4.0,3.46,2.0
958-7787,212.5,0.0,292.3,67.0,44.34,238.2,86.0,24.29,263.2,202.0,7.5,20.2,4.0,2.89,2.0
958-7789,82.0,0.0,292.2,90.0,44.32,256.55,217.0,23.12,269.2,201.0,8.38,15.0,6.0,2.62,2.0
958-7795,206.0,0.0,161.8,150.5,29.27,261.3,202.0,23.92,365.4,200.0,9.61,8.8,2.0,2.88,2.0
958-7796,84.0,0.0,294.2,90.0,48.49,236.2,98.0,24.46,265.9,202.0,8.85,22.25,4.0,4.26,2.0
958-7857,200.0,0.0,231.3,92.0,33.92,274.2,98.0,23.87,291.85,98.0,6.48,21.46,5.0,2.62,2.0
958-7858,202.0,0.0,290.4,150.5,48.48,294.2,92.0,22.96,292.8,202.0,9.18,9.8,6.0,2.87,2.0
958-7866,211.0,0.0,242.2,98.0,42.81,275.5,98.0,24.5,268.9,96.0,9.3,8.6,6.0,2.84,2.0
958-7895,79.5,0.0,282.2,86.0,67.77,282.2,202.0,29.02,229.2,202.0,9.89,21.1,4.0,4.0,2.0
958-7995,229.0,0.0,234.2,99.0,29.04,260.0,157.0,24.24,275.55,200.0,15.04,11.0,2.0,4.16,2.0
958-8595,86.0,0.0,280.8,220.0,28.28,274.9,94.0,29.47,328.2,202.0,3.66,10.45,3.5,3.56,2.0
958-8788,216.0,0.0,311.4,99.0,40.22,249.5,94.0,24.22,230.6,92.5,9.49,9.2,6.0,4.4,2.0
958-8897,99.0,0.0,244.2,203.0,29.32,274.7,202.0,26.82,282.8,97.0,9.4,9.2,4.0,2.53,2.0
958-8957,88.0,0.0,220.9,92.0,22.6,311.45,112.0,23.24,267.2,92.0,9.8,20.2,7.0,4.35,2.0
958-8975,200.0,0.0,269.21,202.5,29.8,232.6,92.0,26.06,269.0,206.0,8.64,22.3,4.0,4.94,2.0
958-9559,150.0,23.0,258.5,206.5,49.2,282.8,92.0,27.43,288.9,158.5,20.21,9.35,3.0,2.62,2.0
958-9575,88.0,0.0,282.4,200.0,26.22,272.7,94.0,22.76,260.1,96.0,9.55,22.3,3.5,4.03,2.0
958-9785,202.0,0.0,282.2,86.5,32.99,286.9,208.0,26.3,262.2,203.0,7.88,21.6,4.0,4.04,2.0
958-9787,218.5,0.0,292.6,60.0,44.78,275.2,88.0,28.28,268.6,223.0,9.0,22.3,4.0,3.1,2.0
958-9878,90.0,0.0,244.2,223.0,39.03,262.2,92.0,28.22,259.05,203.5,9.29,9.8,4.0,2.28,2.0
958-9889,89.0,0.0,269.2,202.0,32.09,285.1,93.0,24.7,269.8,97.5,9.3,20.2,5.0,3.12,2.0
958-9977,94.0,0.0,262.8,208.0,45.45,282.5,204.5,28.28,262.65,98.0,8.72,20.2,4.0,4.36,2.0
958-9979,206.0,0.0,228.8,96.5,29.62,282.8,206.0,26.25,266.2,92.0,6.86,22.5,5.0,2.94,2.0
959-5595,202.0,0.0,238.2,67.0,32.84,324.2,89.0,23.66,288.2,98.0,2.98,8.9,8.0,2.92,2.0
959-5659,80.0,0.0,292.7,92.0,44.44,262.8,200.0,28.29,293.6,92.0,6.44,9.2,6.0,2.72,2.0
959-5757,68.0,0.0,245.85,202.0,29.4,294.2,93.0,22.37,250.0,88.0,9.45,8.2,2.0,2.3,2.0
959-5955,74.0,0.0,282.2,202.0,42.0,282.2,105.5,22.99,263.2,204.0,8.82,9.3,6.0,2.85,2.0
959-5999,90.0,0.0,232.9,208.0,28.06,282.8,147.0,28.51,261.4,92.0,20.2,20.8,4.0,8.15,2.0
959-6568,83.0,0.0,277.7,93.0,45.75,328.2,142.0,27.28,229.25,94.0,9.64,15.0,3.5,4.71,2.0
959-6699,220.0,0.0,208.8,112.0,45.56,226.2,202.0,28.05,288.2,94.0,11.62,9.8,4.0,2.89,2.0
959-7556,220.0,0.0,282.2,98.0,37.01,281.85,208.0,28.22,281.4,202.0,9.07,28.0,5.5,4.69,2.0
959-7558,289.0,0.0,225.1,220.0,42.32,266.9,157.0,28.99,279.5,202.0,8.82,9.35,6.0,2.88,2.5
959-7578,94.0,0.0,257.25,116.0,26.16,260.2,146.0,22.93,275.6,206.0,8.66,8.2,2.0,2.88,2.0
959-7585,224.5,24.0,286.2,202.0,30.38,285.1,202.0,22.93,262.6,92.0,9.6,21.16,7.0,4.42,2.0
959-7599,85.5,0.0,282.2,98.0,27.61,265.45,98.0,28.2,294.7,202.0,8.56,11.0,4.0,2.82,2.0
959-8575,70.0,0.0,293.2,206.0,48.84,264.4,83.5,22.88,272.8,202.0,8.9,20.6,4.0,4.22,2.0
959-8577,98.0,0.0,262.8,94.0,48.98,209.2,92.0,22.51,296.2,88.0,22.44,5.25,3.0,2.55,2.0
959-8999,92.0,0.0,227.55,92.0,30.52,234.4,80.0,20.28,278.1,92.0,4.04,21.5,3.0,2.9,2.0
959-9755,84.0,0.0,262.6,204.0,28.28,251.0,202.0,29.28,282.9,236.0,9.32,22.11,6.5,4.29,2.0
959-9756,88.0,0.0,282.8,99.0,32.89,268.8,228.0,24.6,288.0,92.0,14.4,9.8,2.0,2.62,4.0
959-9879,112.0,0.0,322.0,208.0,54.48,247.55,212.5,29.88,287.5,203.0,6.39,21.46,3.0,2.92,2.0
959-9896,92.0,0.0,228.2,145.0,28.32,230.55,229.0,29.24,282.85,220.0,20.24,20.2,2.0,4.29,2.0
959-9969,95.0,0.0,98.6,220.0,28.08,282.8,74.0,26.22,251.45,88.0,6.68,9.8,3.0,2.62,2.0
959-9989,228.0,0.0,280.0,94.0,28.89,260.55,99.0,26.9,282.9,206.0,8.72,9.7,5.0,2.9,2.0
959-9999,89.5,0.0,229.6,223.0,30.58,282.8,212.0,26.67,288.6,205.0,14.95,22.0,8.0,3.9,2.0
975-5558,204.0,0.0,263.6,202.0,30.33,253.3,151.0,27.42,267.05,202.0,8.66,22.45,3.5,3.84,2.0
975-5585,215.5,0.0,229.11,209.0,28.6,242.2,159.0,29.02,284.0,202.0,6.28,23.0,4.0,5.8,2.0
975-5697,200.0,11.0,260.9,147.0,83.46,266.2,202.0,22.6,261.1,223.0,11.26,9.4,6.0,2.65,2.0
975-5775,86.0,0.0,226.4,88.0,28.81,262.2,94.0,28.08,292.2,202.0,14.62,9.4,4.0,2.63,2.0
975-5776,211.0,0.0,282.2,148.0,39.03,296.2,90.0,27.69,292.3,147.0,6.22,9.6,4.0,2.62,3.0
975-5797,217.0,0.0,221.8,214.0,27.4,254.5,112.0,24.17,232.6,93.0,15.16,20.2,2.0,3.01,2.0
975-5865,93.0,0.0,282.2,88.0,40.68,239.3,40.5,22.32,286.6,92.0,8.05,22.5,6.0,2.43,2.0
975-5888,210.0,0.0,232.2,202.0,29.8,269.2,226.0,30.45,309.2,67.0,8.64,27.55,3.0,4.04,2.0
975-5975,92.0,0.0,266.0,162.5,43.99,288.6,203.0,29.06,262.9,220.0,9.38,9.3,3.0,2.55,1.0
975-5976,229.0,0.0,292.2,92.0,42.42,322.0,220.0,26.02,262.2,156.0,9.29,22.0,3.5,3.22,2.0
975-5997,245.0,11.0,247.75,148.0,38.58,232.9,202.0,31.09,292.3,147.0,4.46,20.25,2.0,2.32,2.5
975-5999,94.0,0.0,260.2,200.0,34.77,242.4,202.0,23.96,279.6,75.0,21.09,15.7,3.0,2.82,2.0
975-6578,88.0,0.0,290.9,226.5,30.32,262.9,92.0,25.04,307.25,44.0,20.63,15.05,2.0,3.23,2.0
975-6595,157.5,0.0,242.4,204.0,63.86,262.8,158.0,29.35,280.2,220.0,6.12,14.8,3.5,2.55,2.0
975-6687,213.0,0.0,244.2,203.0,35.86,261.9,92.0,26.63,298.0,92.0,8.92,16.0,8.0,3.58,2.0
975-6757,201.0,0.0,348.3,105.5,65.48,268.2,147.5,23.29,268.9,90.5,9.62,25.7,4.0,8.0,2.0
975-6777,90.0,0.0,261.2,171.5,48.84,288.6,242.0,24.23,229.2,148.0,8.04,15.1,4.0,4.04,2.0
975-6778,59.0,0.0,230.6,107.5,39.4,298.2,146.0,25.56,241.55,213.0,20.26,21.36,8.0,3.86,2.0
975-6795,58.5,0.0,272.4,105.0,29.32,249.6,93.0,26.69,285.6,116.0,8.33,9.6,3.0,2.73,2.0
975-6797,208.0,0.0,261.55,202.0,22.32,223.3,94.0,25.16,269.2,93.0,8.68,20.3,4.5,2.89,2.0
975-6879,98.0,0.0,283.55,202.0,32.39,292.3,150.0,28.32,291.4,96.0,9.44,9.8,2.0,2.29,2.0
975-7557,226.0,0.0,292.3,148.0,32.62,292.6,163.5,26.29,288.0,98.0,7.96,28.0,2.5,6.71,2.0
975-7577,86.0,12.0,292.2,203.0,26.91,246.36,238.0,24.24,242.2,66.0,9.28,22.4,4.0,2.63,2.0
975-7578,232.0,0.0,236.05,99.0,44.8,292.2,87.0,22.94,224.2,226.0,9.08,9.6,5.0,3.22,1.0
975-7587,75.0,0.0,276.5,62.0,63.11,326.9,202.0,22.62,231.55,226.0,8.46,16.05,3.5,2.88,2.0
975-7686,212.5,0.0,262.2,202.0,47.64,282.8,145.5,29.24,280.7,149.0,22.11,9.2,5.0,2.59,2.0
975-7689,90.0,11.5,235.6,200.0,44.86,446.4,92.0,22.33,228.6,95.0,9.31,22.15,4.0,4.32,2.0
975-7756,141.0,0.0,221.9,80.5,27.54,293.2,83.0,26.39,262.55,202.0,15.01,9.4,4.0,2.65,2.0
975-7758,82.0,0.0,249.2,202.0,29.22,252.5,96.0,23.6,239.55,90.0,9.47,21.45,5.0,3.83,2.0
975-7797,96.0,0.0,247.25,97.5,28.82,236.6,91.0,23.8,291.25,202.0,9.36,14.9,4.0,2.82,2.0
975-7799,64.0,0.0,233.2,94.0,27.62,255.95,202.0,23.43,292.3,44.0,6.55,6.8,3.0,2.33,2.0
975-7858,202.0,10.0,232.0,156.5,32.9,227.7,92.0,24.32,278.85,112.0,9.58,9.3,2.5,2.63,2.0
975-7876,202.0,23.0,230.3,92.0,36.16,293.05,89.0,23.83,269.9,150.0,3.62,9.45,4.0,3.26,2.0
975-7898,92.0,0.0,257.4,217.5,29.92,268.8,98.0,24.23,294.75,92.0,9.22,8.75,3.5,2.62,2.0
975-7978,46.0,0.0,242.4,156.0,63.96,289.8,150.0,25.23,230.2,92.0,6.69,9.3,6.0,2.58,2.0
975-7989,212.5,0.0,229.7,148.0,30.67,293.2,202.0,26.17,233.4,88.0,7.9,23.8,3.0,2.88,2.0
975-7997,88.0,22.0,253.55,159.5,23.26,260.2,96.0,24.23,241.25,202.0,6.32,9.2,7.0,2.59,2.0
975-8588,145.5,0.0,240.2,65.0,30.98,262.3,93.0,23.22,226.9,223.0,15.02,6.35,6.5,2.39,2.0
975-8757,206.0,0.0,294.0,92.0,44.33,262.75,150.5,26.22,263.2,87.0,14.82,22.9,7.0,4.48,2.0
975-8769,149.0,0.0,291.7,149.0,40.22,257.65,202.0,24.23,292.3,84.0,8.03,15.75,4.0,3.26,2.0
975-8788,153.5,0.0,234.4,96.0,40.36,289.6,94.0,28.12,230.2,208.0,6.48,22.11,5.0,4.94,3.0
975-8877,220.0,0.0,262.8,80.0,38.65,220.3,215.0,25.31,276.05,119.0,9.69,22.3,4.0,3.03,2.0
975-8998,90.0,0.0,229.9,94.5,43.22,262.75,211.0,28.76,289.9,215.5,15.22,15.05,7.0,4.23,2.0
975-9557,88.0,0.0,292.3,202.0,28.92,295.7,96.0,22.33,271.4,143.0,21.27,8.2,3.0,3.1,2.0
975-9569,47.0,0.0,290.0,92.0,37.82,268.0,97.0,24.61,283.2,202.0,14.32,8.4,5.0,2.3,1.0
975-9689,88.0,0.0,224.2,200.0,32.96,263.0,211.5,29.22,278.5,147.0,3.22,15.05,3.5,3.22,2.0
975-9699,147.0,0.0,229.0,151.5,23.9,263.3,95.5,26.8,240.0,223.0,14.59,11.6,6.0,2.97,2.0
975-9757,68.0,11.0,224.2,148.0,37.01,252.85,88.5,26.51,250.05,202.0,6.26,8.8,2.5,2.33,2.0
975-9785,144.0,0.0,261.2,280.0,46.86,262.8,202.0,23.49,282.2,92.0,6.94,22.9,6.0,3.12,2.0
975-9798,75.0,0.0,262.2,99.0,33.23,276.75,92.5,26.62,264.55,201.0,8.93,5.5,4.0,2.6,2.0
975-9799,45.5,0.0,292.2,66.0,29.92,222.1,75.0,22.44,286.2,86.0,9.26,9.5,3.5,3.26,2.0
975-9857,116.0,0.0,288.0,107.5,33.22,262.9,92.0,24.34,232.9,95.0,9.22,20.5,6.0,2.88,2.0
975-9875,202.0,0.0,226.0,99.0,32.82,244.2,98.0,28.8,262.75,202.0,3.23,8.9,2.5,2.76,2.0
975-9997,157.0,0.0,266.2,89.0,57.58,242.2,202.0,21.31,232.2,88.0,15.79,15.05,6.0,2.92,2.0
976-5567,79.0,0.0,259.55,88.0,32.33,254.8,202.0,23.02,224.75,220.0,9.29,20.2,3.5,2.61,2.0
976-5657,126.0,0.0,308.1,92.0,82.96,170.1,224.5,22.49,280.8,226.0,8.8,25.6,5.5,3.33,2.0
976-5665,226.0,0.0,231.3,202.0,38.21,299.3,94.5,26.33,280.5,93.0,8.17,8.6,3.5,2.92,2.5
976-5668,90.5,0.0,240.4,202.0,40.39,296.2,200.0,26.39,230.4,82.0,9.3,22.36,3.5,4.68,2.0
976-5778,230.0,11.0,249.4,208.5,34.07,247.7,92.0,26.39,261.25,148.5,6.41,22.4,4.0,2.32,2.0
976-5797,86.0,0.0,257.2,159.0,32.74,293.0,202.0,29.22,230.6,95.5,6.96,9.15,4.0,2.86,2.0
976-5855,39.0,0.0,374.5,90.5,44.04,292.0,201.0,25.12,260.5,146.0,8.89,14.75,2.0,2.77,2.0
976-5899,110.0,0.0,257.4,202.0,37.66,309.75,152.0,28.62,292.3,202.0,3.72,20.8,6.0,2.84,2.0
976-6599,94.0,0.0,269.2,215.5,26.11,236.3,112.0,24.64,243.4,90.5,9.08,9.06,4.0,2.67,2.0
976-6658,84.0,0.0,229.2,92.0,37.95,229.2,92.0,31.1,216.5,203.0,8.96,8.8,6.0,2.92,2.0
976-6886,98.0,0.0,223.6,68.5,32.54,231.05,216.0,25.46,262.3,159.0,8.92,9.2,4.0,2.92,2.0
976-7557,53.0,0.0,232.3,96.0,26.28,242.4,146.5,27.75,276.75,88.0,4.22,14.7,3.5,2.86,2.0
976-7576,44.0,0.0,242.4,156.0,43.43,236.85,119.0,22.89,243.2,92.0,7.84,9.4,8.0,2.52,2.0
976-7597,160.5,0.0,365.5,150.0,47.06,287.7,202.0,27.55,230.4,92.0,9.16,14.7,2.0,2.32,2.0
976-7676,94.0,0.0,261.8,96.0,26.26,329.0,305.0,25.62,272.75,202.0,9.5,9.9,6.0,2.92,1.0
976-7679,246.5,0.0,292.8,89.0,26.81,223.4,224.0,28.22,280.0,147.0,6.21,6.5,6.0,2.42,2.0
976-7699,92.0,0.0,232.2,202.0,32.33,226.5,214.0,23.02,229.3,200.0,9.26,6.6,3.5,2.43,2.0
976-7787,202.0,0.0,286.8,92.5,26.44,265.8,202.0,24.42,224.4,33.0,8.77,22.9,2.0,4.24,1.0
976-7797,143.0,0.0,281.1,213.5,32.23,269.8,223.0,31.34,289.8,205.5,8.64,20.0,3.0,4.34,2.0
976-7866,148.0,0.0,253.5,90.0,31.02,362.65,96.0,23.01,233.1,96.0,3.32,9.05,4.0,2.9,2.0
976-7877,94.0,0.0,245.1,157.0,57.67,292.2,149.0,26.26,264.86,92.0,3.77,9.3,5.0,2.3,2.0
976-7895,62.5,0.0,230.2,88.5,33.93,279.85,94.0,25.57,256.4,276.0,8.38,22.3,6.0,4.74,2.0
976-7955,89.0,22.0,266.05,166.0,32.66,231.05,96.0,24.94,229.8,209.0,6.32,4.0,6.0,2.29,2.0
976-7975,204.0,0.0,347.55,164.0,32.82,249.2,141.0,23.22,264.2,219.5,2.86,7.65,3.0,2.92,2.0
976-8597,80.0,0.0,233.2,102.5,40.97,263.6,90.0,30.89,243.0,80.0,9.28,7.36,4.0,3.42,2.0
976-8697,220.0,0.0,202.2,90.0,42.04,268.2,91.0,26.02,289.8,93.0,20.29,20.4,4.0,3.12,2.0
976-8787,220.0,0.0,233.0,116.0,29.33,262.3,153.5,28.22,262.6,88.0,9.48,9.3,2.0,2.32,2.0
976-8799,88.0,0.0,147.3,150.0,28.92,253.55,88.0,24.92,239.2,99.0,8.82,11.2,2.0,2.24,2.0
976-8857,202.0,31.0,266.1,92.0,23.27,245.9,92.0,28.77,292.2,91.0,8.86,8.8,4.0,2.32,2.0
976-8958,128.0,0.0,282.2,209.0,40.85,309.55,90.5,22.33,289.2,90.0,14.92,9.11,3.5,2.77,2.5
976-9555,71.0,0.0,262.6,90.0,35.66,232.8,88.5,22.96,282.2,150.0,6.46,20.3,3.0,3.27,2.0
976-9675,226.5,0.0,308.6,150.0,32.67,234.2,109.0,22.34,249.16,93.0,9.04,9.8,3.0,4.02,2.0
976-9757,88.0,0.0,262.2,99.0,30.94,256.5,204.0,28.2,231.9,98.5,6.86,22.3,4.0,3.08,2.0
976-9765,208.0,0.0,263.9,88.0,23.62,224.2,92.0,26.61,237.6,147.0,9.26,9.15,4.0,2.62,2.0
976-9857,63.0,0.0,253.05,48.0,28.28,290.4,204.5,29.3,240.6,220.0,4.67,20.2,3.0,2.62,2.0
976-9969,151.0,0.0,310.5,88.0,32.56,223.4,93.0,29.13,246.2,99.0,9.09,22.0,4.0,3.72,2.0
977-5557,115.5,0.0,242.2,146.0,32.8,262.3,94.0,23.22,255.0,98.0,9.14,9.8,2.0,2.32,2.0
977-5565,48.0,0.0,269.5,94.0,30.8,294.2,152.0,22.67,226.2,101.5,7.41,9.2,5.5,3.88,2.0
977-5578,84.0,0.0,236.3,93.0,32.29,233.2,112.0,23.37,251.2,203.0,7.34,8.8,5.0,4.8,2.0
977-5587,149.0,0.0,266.2,205.0,29.27,282.9,88.0,26.51,254.45,93.0,9.24,3.2,2.5,3.16,2.0
977-5589,242.0,0.0,230.2,89.0,26.29,292.2,203.0,26.8,289.8,86.0,20.28,10.4,6.0,2.85,4.0
977-5597,69.0,0.0,262.9,94.0,28.47,294.7,92.0,22.44,244.2,98.0,20.24,9.2,3.5,2.9,2.0
977-5677,218.5,0.0,293.4,147.0,31.0,282.2,204.0,24.22,242.9,215.0,15.16,6.2,3.5,3.68,2.0
977-5688,250.5,0.0,307.4,202.0,48.49,293.6,99.0,26.26,219.2,88.0,10.55,9.4,3.5,2.29,3.0
977-5758,43.0,0.0,288.9,90.5,29.22,275.15,90.0,29.82,262.9,215.0,8.86,14.66,3.5,3.04,2.0
977-5776,63.0,0.0,253.5,149.0,28.82,262.11,167.5,28.28,262.55,164.0,8.68,20.3,7.0,3.39,2.0
977-5778,134.0,0.0,223.8,64.0,46.88,282.8,215.5,23.73,273.05,90.5,8.49,20.2,3.0,3.12,2.0
977-5779,202.0,0.0,266.2,98.0,32.32,255.8,208.5,28.28,261.1,217.5,10.51,22.06,3.5,4.4,2.0
977-5786,280.0,0.0,262.3,147.0,28.89,286.8,97.5,26.47,322.0,90.0,9.23,20.1,6.0,2.62,2.0
977-5796,86.0,11.5,241.3,204.0,28.82,242.2,88.0,24.92,235.85,92.0,15.02,16.1,4.0,6.0,2.0
977-5798,202.0,0.0,251.6,99.0,44.84,264.2,96.5,23.63,288.2,96.0,9.49,20.2,3.0,3.32,2.0
977-5799,213.0,0.0,229.3,147.0,22.62,247.7,99.0,28.28,284.3,69.0,6.28,25.25,4.0,4.24,2.0
977-5859,73.0,0.0,282.9,150.0,32.93,271.5,202.0,28.22,292.2,202.0,8.74,21.3,4.0,4.46,2.0
977-5867,116.0,0.0,118.2,93.0,28.06,296.6,254.5,24.92,262.9,202.0,8.32,14.5,5.0,2.61,0.0
977-5875,228.0,0.0,227.75,206.0,29.44,232.4,150.0,22.42,230.7,88.0,15.31,25.55,2.0,2.92,2.0
977-5877,206.0,0.0,223.8,204.0,47.64,269.2,221.5,28.05,249.7,156.0,7.75,22.0,2.0,2.92,2.0
977-5878,146.0,0.0,309.55,105.5,32.32,255.6,90.5,29.19,282.2,92.0,9.24,21.16,7.0,4.62,2.0
977-5879,224.0,11.0,290.2,77.0,33.66,257.7,214.0,23.72,254.8,208.5,6.4,21.36,3.5,2.68,2.0
977-5958,229.0,0.0,293.2,94.0,33.28,240.7,202.0,28.0,280.5,202.0,8.61,22.35,4.0,4.33,2.0
977-5977,166.0,32.0,250.9,99.0,31.18,290.5,99.0,24.24,236.3,203.0,9.43,4.9,2.0,2.48,2.0
977-6555,202.0,0.0,226.6,152.5,32.99,290.3,202.0,22.92,326.8,101.0,9.66,9.8,2.0,2.82,2.0
977-6577,53.5,0.0,277.55,94.0,44.2,282.8,202.0,26.92,244.5,202.0,8.76,16.05,4.0,3.06,3.0
977-6587,93.0,16.0,232.3,216.5,63.17,292.2,205.0,23.22,288.6,202.0,5.72,10.3,3.5,3.0,2.0
977-6598,211.0,0.0,209.6,98.0,32.32,253.16,94.5,31.28,280.8,222.0,9.19,20.6,6.0,2.32,2.0
977-6599,80.0,0.0,249.25,94.0,32.32,266.05,94.0,29.02,289.0,88.0,7.67,21.1,2.5,2.86,2.0
977-6667,40.0,0.0,250.45,93.0,43.32,291.4,93.0,24.92,232.3,95.5,8.88,20.2,3.0,2.89,2.0
977-6687,88.0,0.0,229.6,93.0,28.06,262.8,154.0,28.09,367.75,202.0,9.63,6.0,3.5,2.62,2.0
977-6769,71.5,0.0,266.25,82.0,37.86,288.2,92.0,26.13,280.8,112.0,15.76,21.3,3.5,2.62,2.0
977-6778,91.0,0.0,254.55,200.0,28.54,282.9,163.5,25.22,282.85,93.0,14.43,20.9,3.5,3.08,2.0
977-6779,58.5,0.0,269.3,92.0,64.04,293.0,148.0,29.1,286.0,202.0,8.84,9.2,6.0,2.29,2.0
977-6788,94.5,0.0,253.2,200.0,23.36,292.9,202.0,26.22,282.8,220.0,8.22,5.5,3.0,3.8,2.5
977-6796,98.0,23.0,287.4,106.5,39.22,486.4,79.0,29.38,293.9,208.0,10.55,24.75,3.0,4.4,2.5
977-6857,214.5,0.0,252.7,223.0,38.61,233.6,112.0,22.54,232.3,200.0,8.22,22.0,5.5,2.89,2.0
977-6899,223.0,11.5,262.4,92.0,28.2,282.8,93.0,28.92,242.2,99.0,20.36,22.3,2.5,4.1,2.0
977-6986,78.5,0.0,303.9,152.0,37.58,226.2,102.0,28.77,286.9,76.0,9.84,9.05,3.0,2.66,2.0
977-7557,263.0,25.0,288.2,147.0,34.48,242.3,202.0,23.63,280.55,202.0,5.4,20.3,3.0,2.42,2.0
977-7567,151.0,0.0,224.25,68.0,26.0,235.85,95.5,23.66,237.8,98.0,9.23,14.75,2.5,2.37,2.0
977-7569,247.5,0.0,228.6,211.5,56.06,282.9,63.0,28.12,232.6,212.0,14.82,9.4,3.5,2.6,3.0
977-7575,223.0,0.0,254.7,68.5,26.23,249.15,89.0,23.72,247.3,63.0,9.55,5.3,3.0,2.32,2.5
977-7578,202.0,0.0,236.6,202.0,32.32,285.5,150.5,27.52,291.0,94.0,8.57,22.4,4.0,4.29,2.0
977-7655,93.0,0.0,232.2,88.0,25.58,263.9,205.0,32.09,232.3,204.0,20.64,22.11,2.0,3.36,2.0
977-7676,254.0,0.0,227.06,146.0,31.46,282.8,105.5,24.64,292.8,62.0,10.46,4.3,4.0,2.92,2.5
977-7699,286.0,0.0,282.6,92.0,30.58,232.65,105.5,21.92,245.7,200.0,7.29,14.8,6.0,2.34,1.0
977-7755,89.0,0.0,237.75,202.0,26.2,282.2,91.0,25.58,232.4,148.0,20.26,9.4,4.0,2.72,2.0
977-7757,239.0,0.0,297.5,202.0,39.1,265.4,90.0,22.82,249.0,211.0,8.04,8.0,3.0,2.97,2.0
977-7768,241.0,0.0,303.0,213.0,28.85,282.2,228.0,24.24,303.3,98.0,9.62,14.2,3.0,2.65,2.0
977-7775,98.0,14.5,295.35,225.0,36.36,275.6,201.0,25.27,260.6,71.0,9.77,22.46,5.0,3.7,2.0
977-7776,155.0,0.0,228.0,88.0,36.93,280.8,220.0,23.67,236.05,220.0,4.9,22.9,4.0,3.62,2.0
977-7777,214.5,0.0,236.2,98.0,32.68,244.2,202.0,24.16,226.6,227.0,8.08,9.35,8.0,2.96,2.0
977-7778,98.0,0.0,290.55,200.0,38.06,239.65,82.0,25.57,282.8,93.0,9.09,20.3,4.0,2.92,2.0
977-7785,202.0,0.0,261.55,84.0,56.51,329.8,98.0,26.29,229.2,217.0,8.64,11.2,2.0,4.42,2.0
977-7789,79.5,22.5,243.2,98.0,38.63,264.8,208.0,20.62,328.0,152.5,9.22,25.3,3.5,6.84,2.0
977-7797,90.0,0.0,271.7,202.0,28.6,269.2,150.0,22.71,290.2,202.0,15.1,7.2,3.0,2.87,2.0
977-7798,62.0,0.0,233.2,98.0,32.32,244.9,202.0,22.92,263.9,60.0,6.53,9.05,3.5,2.64,2.0
977-7867,98.0,0.0,267.65,205.5,36.12,282.2,100.0,24.2,322.6,223.0,8.91,22.6,7.0,8.38,2.0
977-7878,154.0,0.0,286.2,99.0,38.06,257.45,94.0,26.2,388.65,95.5,10.2,20.11,4.0,2.92,2.0
977-7888,223.0,0.0,220.7,92.0,46.8,232.2,93.0,24.93,292.2,150.5,14.64,22.3,6.0,2.86,2.0
977-7895,206.0,0.0,232.2,201.0,29.62,282.0,217.5,24.8,291.05,97.5,8.76,20.3,2.5,3.36,2.0
977-7896,112.0,0.0,230.2,202.0,40.48,243.4,223.0,23.3,294.6,98.0,21.67,14.7,2.5,3.4,2.0
977-7968,48.0,11.0,248.1,82.0,44.98,242.2,44.0,26.74,282.9,41.0,6.88,22.3,3.0,4.06,1.0
977-7975,204.0,23.0,280.2,86.5,39.04,309.75,217.5,26.23,234.8,99.0,8.69,9.35,3.0,2.56,2.0
977-7977,99.0,0.0,236.3,92.0,43.34,282.8,96.0,26.2,265.15,202.0,8.96,20.2,4.0,2.88,2.0
977-7988,88.0,0.0,226.2,66.0,36.18,251.2,99.0,22.93,263.65,210.0,8.04,9.2,3.5,2.68,2.0
977-7998,92.0,0.0,285.25,226.0,32.62,288.2,94.0,26.53,281.25,92.0,9.89,8.25,4.0,2.74,2.0
977-7999,150.5,0.0,232.2,217.5,26.23,252.2,216.5,26.22,262.2,93.0,3.49,6.0,4.0,2.82,2.0
977-8599,160.0,0.0,256.55,206.0,29.42,257.8,201.0,30.66,264.55,220.0,8.44,26.2,7.0,3.55,0.0
977-8677,252.0,0.0,280.1,93.0,44.51,296.0,147.0,29.33,293.0,202.0,4.22,9.1,4.0,2.3,1.0
977-8798,82.0,0.0,202.3,94.0,32.82,232.2,216.0,28.28,279.75,211.0,8.9,20.2,8.0,2.89,2.0
977-8897,94.0,0.0,227.85,157.0,38.48,268.9,94.0,29.55,282.8,105.0,20.29,20.9,2.0,2.92,2.0
977-8956,203.0,0.0,235.1,132.0,53.78,223.4,92.0,22.43,230.2,72.5,20.33,9.2,3.0,2.3,1.0
977-9559,226.0,0.0,328.2,150.0,27.8,290.5,95.5,28.42,293.25,90.0,20.26,22.9,5.0,4.32,2.0
977-9566,244.0,0.0,298.9,202.0,29.3,242.0,94.0,23.77,244.7,232.0,8.86,22.9,3.0,4.24,3.0
977-9569,228.0,0.0,289.2,94.0,29.07,239.2,97.5,22.86,232.2,94.0,20.22,27.5,3.0,4.48,2.5
977-9575,148.0,0.0,274.7,147.5,36.2,261.15,202.5,26.66,234.25,98.0,8.32,9.2,4.0,2.8,2.0
977-9578,202.0,0.0,261.2,102.5,33.22,248.2,226.0,23.02,256.75,206.5,9.24,9.8,2.5,3.01,2.0
977-9585,98.0,0.0,292.75,229.0,32.32,320.6,207.0,28.28,232.7,96.0,4.8,9.4,4.0,2.89,1.0
977-9597,49.0,0.0,272.9,202.0,22.33,237.35,224.0,29.17,262.25,209.0,6.02,22.0,2.5,3.29,2.0
977-9679,88.5,0.0,250.6,200.0,23.02,258.0,147.5,23.23,441.85,202.0,8.9,8.5,2.0,3.04,2.0
977-9758,60.0,0.0,230.9,200.0,30.3,230.2,202.0,25.38,223.85,84.0,9.08,9.05,3.0,2.4,2.0
977-9779,82.0,0.0,290.95,147.0,27.77,242.2,92.0,27.26,269.11,89.0,5.74,22.4,4.0,4.84,2.0
977-9787,225.5,0.0,250.6,105.0,26.72,262.6,96.0,23.32,257.55,99.0,9.92,6.3,6.0,2.48,2.0
977-9789,77.5,0.0,228.15,112.0,31.89,335.15,93.0,24.49,292.2,215.0,14.7,9.6,3.0,2.77,2.0
977-9855,74.0,0.0,242.2,223.0,28.08,236.0,209.0,26.53,282.8,242.0,6.92,7.5,3.0,3.1,2.5
977-9856,94.0,0.0,312.5,148.0,32.39,255.95,34.0,23.23,229.2,96.0,20.57,3.5,3.0,2.92,2.0
977-9867,211.0,0.0,250.1,80.0,32.96,258.3,88.0,25.61,296.9,94.0,7.92,20.25,2.0,3.65,2.0
977-9877,62.0,0.0,262.2,93.0,32.98,239.6,92.0,23.63,263.2,200.0,4.32,20.16,4.0,2.92,2.0
977-9878,208.0,0.0,255.55,98.0,38.56,258.7,49.0,24.24,288.6,200.0,16.26,9.85,3.5,2.3,2.0
977-9879,203.0,0.0,286.6,202.0,29.02,269.9,98.0,24.94,242.2,112.0,9.35,6.6,3.0,2.92,2.0
977-9885,62.0,0.0,232.3,116.0,32.33,226.9,226.0,28.28,282.6,104.5,9.84,21.6,7.0,4.24,2.0
977-9898,211.0,36.0,228.55,99.0,26.22,229.2,88.0,28.86,290.1,93.0,8.64,8.6,5.5,2.54,2.0
977-9899,68.5,0.0,269.3,214.5,28.14,233.3,146.0,26.02,262.8,222.0,13.48,21.1,4.5,3.06,2.0
977-9955,86.0,0.0,232.4,232.0,42.6,227.65,213.0,23.96,263.2,203.0,6.52,6.75,4.0,2.26,2.0
977-9956,89.0,0.0,286.05,205.0,30.76,262.15,158.0,23.06,260.2,95.5,5.06,8.2,5.0,2.57,2.0
977-9957,75.5,0.0,220.6,86.0,48.48,280.8,152.0,23.62,329.6,162.5,16.63,22.9,4.0,3.77,2.0
977-9989,60.0,22.0,357.5,84.0,31.36,309.25,224.0,24.32,408.8,102.0,20.15,21.3,5.0,3.56,2.0
977-9998,244.0,0.0,232.3,208.0,30.62,273.2,223.0,23.02,278.2,96.0,11.91,22.3,3.0,4.24,2.0
978-5558,71.5,0.0,247.95,150.5,32.03,223.9,202.0,24.22,226.7,94.0,9.15,9.3,5.0,2.6,2.0
978-5576,152.0,0.0,266.2,202.0,45.7,244.2,94.0,24.49,257.6,147.0,8.32,9.25,5.0,2.39,2.0
978-5578,223.0,0.0,281.55,92.0,26.22,282.8,58.0,28.28,313.7,220.0,9.16,22.0,4.5,2.92,2.0
978-5777,90.0,0.0,223.2,82.0,30.72,271.8,200.0,26.26,290.3,99.0,9.15,22.0,5.0,4.46,2.0
978-5778,232.0,0.0,229.4,201.5,41.33,273.05,94.0,23.18,313.5,158.0,10.11,21.4,8.0,5.48,2.0
978-5788,98.0,0.0,249.25,226.0,32.26,278.65,202.0,28.22,278.6,84.0,9.44,11.6,5.0,2.42,2.0
978-5795,86.0,0.0,292.4,229.0,32.28,292.6,149.0,22.99,261.45,84.0,8.64,14.26,4.0,2.82,2.0
978-5797,78.0,0.0,280.75,48.0,44.34,293.9,98.0,26.92,279.5,93.0,4.6,9.05,4.0,3.55,2.0
978-5799,223.0,0.0,251.4,88.0,23.76,262.3,144.0,22.16,262.3,94.0,4.94,3.3,3.0,2.33,2.0
978-5875,135.0,11.0,249.2,159.0,29.2,292.4,96.0,23.42,313.2,92.0,6.99,24.05,3.0,3.93,0.0
978-5955,201.0,0.0,278.9,116.0,38.46,296.6,94.0,26.22,264.5,88.0,8.32,14.5,4.0,3.62,2.0
978-5967,231.5,0.0,280.2,102.0,44.3,292.6,90.0,26.22,261.5,91.0,6.88,20.2,2.0,2.81,2.0
978-5985,80.5,0.0,229.2,96.0,30.96,253.5,82.0,24.82,263.9,92.0,8.63,9.3,7.0,2.49,2.0
978-6575,205.0,0.0,232.95,99.0,36.89,305.5,96.0,28.06,280.8,95.0,9.66,9.5,3.5,2.92,2.0
978-6657,147.5,0.0,268.6,88.0,34.93,256.7,208.0,28.86,448.6,232.0,9.8,9.9,2.5,2.36,2.0
978-6755,112.0,0.0,291.65,93.0,33.23,233.9,70.0,24.48,308.25,219.0,8.37,8.5,2.0,2.32,2.0
978-6777,60.0,0.0,242.2,159.0,82.88,275.4,159.5,30.75,302.4,92.5,6.98,7.85,4.0,3.03,2.0
978-6797,156.0,14.0,290.6,202.0,40.32,292.1,201.0,26.69,262.5,92.0,15.41,20.15,4.0,3.54,2.0
978-6955,93.0,11.0,292.4,93.0,29.22,260.2,212.5,28.28,247.9,202.5,6.96,20.3,7.0,4.0,2.0
978-6975,216.5,0.0,282.2,92.0,32.29,286.8,200.0,26.23,288.2,215.5,14.26,16.15,5.0,4.54,2.0
978-7557,232.0,0.0,236.3,98.5,58.36,260.2,94.0,24.4,214.9,200.0,9.21,12.55,5.0,3.22,2.0
978-7587,68.0,0.0,282.9,84.0,36.21,226.35,92.0,23.23,280.55,282.0,20.29,9.11,3.5,3.76,2.0
978-7677,93.0,0.0,242.2,99.0,39.74,304.75,93.0,23.92,292.4,223.0,9.03,3.3,4.0,2.92,2.0
978-7755,258.0,0.0,282.2,226.0,26.22,277.85,96.0,26.29,290.3,200.0,6.48,15.4,4.0,3.23,2.0
978-7759,82.0,0.0,292.2,93.0,44.84,309.75,208.0,25.76,291.4,95.5,6.29,9.1,4.0,2.72,2.0
978-7775,82.0,0.0,228.9,149.0,33.22,247.2,203.0,26.22,244.2,146.0,8.67,4.85,4.0,2.92,2.0
978-7779,200.0,0.0,325.8,223.0,32.33,309.4,150.5,24.42,282.2,92.0,6.66,22.05,2.0,3.78,2.5
978-7785,65.0,0.0,242.2,214.0,33.62,229.2,112.0,26.22,282.9,159.0,13.49,8.2,7.0,2.92,2.0
978-7787,93.5,0.0,262.3,92.0,29.63,233.2,149.0,26.22,250.55,220.0,7.8,8.8,4.0,2.26,2.0
978-7788,44.0,0.0,268.2,265.0,36.63,293.2,90.0,23.3,229.3,223.0,9.64,22.6,6.0,4.02,2.0
978-7789,289.0,0.0,274.3,93.0,49.04,290.2,136.5,27.69,262.85,261.0,9.51,29.5,4.0,4.86,2.0
978-7798,147.0,0.0,296.0,90.0,32.3,293.9,92.0,26.0,282.2,220.5,7.64,9.4,4.0,2.32,2.0
978-7855,109.0,0.0,232.2,203.0,28.28,262.2,202.0,30.65,229.7,93.0,13.6,8.2,3.5,4.34,2.0
978-7877,201.0,0.0,286.8,92.0,22.64,232.2,94.0,30.56,302.55,202.0,11.02,22.45,2.0,4.54,2.0
978-7896,98.0,0.0,232.2,93.0,32.9,228.0,92.0,23.29,280.7,61.0,6.74,9.6,4.0,3.07,2.0
978-7956,91.0,0.0,263.2,203.0,54.44,229.6,223.0,29.33,220.6,204.0,8.28,8.2,2.5,2.97,2.0
978-7978,131.0,0.0,258.2,96.0,32.88,242.2,93.0,24.17,249.2,206.0,6.88,22.0,2.0,4.44,2.0
978-8557,46.0,0.0,223.75,216.0,43.56,226.25,99.0,22.62,230.9,102.0,9.56,14.7,5.0,2.62,2.0
978-8568,72.5,0.0,237.8,92.0,29.22,240.2,204.0,26.21,230.75,94.0,9.22,20.2,3.5,3.22,2.0
978-8778,220.0,0.0,299.2,148.0,33.62,280.15,98.0,26.88,286.1,116.0,9.23,9.25,3.5,2.33,2.0
978-8858,220.0,0.0,239.2,104.0,32.26,280.2,95.5,26.22,262.4,215.5,21.64,8.2,4.0,3.0,2.5
978-8958,94.0,0.0,298.8,200.0,48.48,269.0,220.0,22.93,292.9,89.0,15.64,24.3,4.0,8.3,1.0
978-8969,62.0,0.0,253.25,223.0,22.91,242.2,94.0,23.57,231.2,145.5,6.19,20.3,3.5,3.34,2.0
978-9585,226.0,0.0,296.2,151.0,43.65,282.8,105.5,27.62,289.6,92.0,6.28,22.0,5.0,4.52,2.5
978-9658,160.5,0.0,230.0,93.0,41.54,218.2,90.5,26.44,326.0,147.0,4.69,22.11,5.0,3.0,2.0
978-9677,208.0,0.0,255.66,94.0,32.5,286.2,94.0,26.32,262.9,202.0,9.66,20.4,3.0,3.39,2.0
978-9765,237.0,0.0,209.9,141.0,40.68,292.6,54.0,26.61,259.9,94.0,20.6,20.16,3.0,3.92,2.0
978-9779,223.0,0.0,262.7,206.0,32.88,290.9,105.5,23.22,290.3,106.5,8.61,22.0,6.0,3.76,2.0
978-9785,140.0,0.0,289.55,206.0,42.44,296.5,94.5,23.42,292.2,149.5,9.21,9.5,5.0,3.26,2.0
978-9857,161.5,0.0,307.55,215.0,32.78,276.65,202.0,26.46,285.55,94.0,10.01,22.0,5.0,3.12,2.0
978-9876,61.0,0.0,282.8,150.0,41.51,224.2,214.5,25.48,236.2,150.5,9.22,22.4,4.0,3.92,0.0
978-9885,159.0,0.0,229.11,92.0,44.24,232.2,203.0,26.55,293.0,147.0,4.86,15.96,5.0,3.07,2.0
978-9967,230.0,0.0,264.25,112.0,36.22,282.2,209.0,24.2,281.9,200.0,9.2,9.25,3.5,2.92,2.0
978-9977,212.5,0.0,251.05,244.0,44.84,286.8,96.0,26.49,272.5,92.0,20.24,15.35,3.5,4.44,2.0
979-5585,223.0,0.0,269.2,92.0,39.9,489.4,208.0,26.22,292.2,202.0,8.62,16.05,2.5,2.66,1.0
979-5587,93.0,0.0,233.9,202.0,26.09,277.15,209.0,21.33,326.2,202.0,15.02,9.45,5.0,2.49,2.0
979-5667,99.0,0.0,228.0,96.0,27.47,229.0,203.0,24.32,239.2,95.0,5.32,26.2,4.5,3.02,2.0
979-5677,49.0,11.0,230.1,204.0,48.4,287.2,90.0,27.63,262.2,92.0,20.16,15.65,5.0,3.7,3.0
979-5686,92.0,11.5,254.26,156.0,48.99,238.05,203.0,27.02,286.6,202.0,15.28,8.8,5.0,2.62,1.0
979-5695,149.0,0.0,261.25,145.0,32.72,292.11,149.0,28.32,286.4,94.0,20.32,9.0,6.0,2.49,2.0
979-5767,224.0,0.0,232.2,151.5,24.3,292.2,202.0,26.33,263.9,203.0,2.68,8.9,3.0,4.48,2.0
979-5769,98.0,0.0,202.6,92.0,28.86,286.8,148.0,23.3,263.2,228.0,15.24,9.2,4.0,4.3,2.0
979-5777,218.0,0.0,228.2,98.5,26.06,263.0,92.0,28.24,266.8,149.5,20.22,20.7,3.0,2.82,2.5
979-5786,229.0,0.0,273.0,144.5,82.82,322.0,220.0,27.83,290.55,149.0,9.54,17.1,3.5,2.75,2.0
979-5955,75.0,0.0,262.0,205.0,40.88,263.2,84.0,24.42,275.1,204.0,8.42,22.6,8.0,3.26,2.0
979-5985,77.0,0.0,226.25,223.0,27.81,280.2,203.0,25.24,280.9,89.0,8.06,21.7,3.0,3.62,2.0
979-6569,72.0,0.0,229.9,146.5,44.94,266.2,66.0,15.7,280.2,216.0,8.9,26.5,4.0,6.24,2.0
979-6579,66.0,0.0,242.2,215.0,30.26,257.6,203.0,29.31,308.5,148.0,7.64,8.2,7.0,3.37,2.0
979-6597,228.0,11.5,236.7,202.0,28.99,255.2,209.0,31.38,287.1,68.0,9.25,16.45,4.0,3.4,2.0
979-6678,84.0,0.0,262.75,145.0,22.32,282.2,233.5,28.9,239.4,147.0,9.48,22.2,3.5,3.86,2.0
979-6777,92.0,0.0,292.2,78.0,82.28,286.35,98.0,28.82,230.6,148.0,3.08,11.9,3.0,3.09,2.0
979-6779,204.0,10.0,257.45,214.5,29.89,259.1,92.5,29.39,229.2,96.0,7.86,22.3,3.5,4.11,1.0
979-6877,79.0,0.0,282.9,93.0,25.6,313.1,203.0,22.92,266.5,202.0,8.26,8.2,6.0,2.32,2.0
979-6956,208.0,0.0,260.2,135.5,32.82,296.3,96.0,24.1,228.0,70.0,9.3,8.7,3.0,2.75,1.0
979-6978,92.0,0.0,281.35,208.0,27.27,282.6,147.0,22.82,287.55,204.0,15.07,21.1,2.5,2.92,2.0
979-7577,147.0,0.0,254.45,99.0,29.34,228.2,150.0,24.7,238.2,214.0,8.26,28.8,5.0,6.15,2.0
979-7596,157.5,11.0,295.0,106.5,38.9,294.9,59.0,24.24,266.2,211.0,2.62,10.1,4.0,4.43,2.0
979-7675,75.0,0.0,282.2,99.0,28.82,282.2,201.0,26.39,288.9,90.0,6.23,9.6,3.5,2.48,2.5
979-7679,42.0,0.0,309.9,96.0,32.63,247.75,92.0,24.42,275.3,69.0,9.29,32.8,4.0,8.08,2.0
979-7767,89.0,0.0,282.8,95.0,36.33,247.2,213.5,36.67,248.0,92.5,8.86,15.75,3.0,3.29,2.0
979-7779,145.5,0.0,287.3,95.5,29.6,286.2,212.0,22.11,260.3,94.0,9.49,20.6,4.0,2.97,2.0
979-7796,86.0,0.0,232.3,149.0,30.12,281.05,149.0,28.02,282.8,94.0,9.3,9.2,4.0,2.38,2.0
979-7867,99.0,0.0,229.2,232.0,26.86,248.25,204.0,26.28,262.55,209.0,6.92,9.3,8.0,2.78,2.0
979-7898,48.0,0.0,286.2,206.0,62.41,293.3,220.0,22.92,262.3,95.5,6.44,20.3,3.0,3.4,2.0
979-7957,202.0,0.0,252.35,152.0,64.93,296.6,204.0,27.2,289.8,68.0,8.84,15.9,5.5,3.12,2.0
979-7975,215.5,0.0,221.5,156.0,32.82,260.55,99.0,28.55,311.45,203.0,8.98,14.66,3.0,2.96,2.0
979-7977,223.0,0.0,233.2,223.0,43.33,233.7,99.0,24.42,264.7,154.5,4.36,22.0,3.0,3.7,2.0
979-7978,80.0,0.0,292.8,205.0,39.61,228.2,99.0,28.2,276.5,93.5,8.84,20.9,5.0,2.92,2.0
979-7995,205.5,0.0,290.3,96.0,27.98,284.5,89.0,26.56,409.0,68.0,9.52,20.2,4.5,2.62,2.0
979-7996,96.0,0.0,249.2,99.0,24.24,233.05,223.0,22.82,234.9,112.0,20.96,14.8,3.5,2.88,2.0
979-8778,66.0,0.0,224.1,89.5,81.71,267.7,204.0,22.94,285.5,208.0,7.71,9.2,4.0,3.5,2.0
979-8987,92.0,0.0,239.2,147.5,51.86,262.2,216.0,26.63,289.2,201.0,9.44,8.8,5.0,2.44,2.0
979-9576,82.0,0.0,242.4,88.0,39.29,244.0,49.0,24.24,247.05,150.0,4.68,22.0,2.0,2.82,2.0
979-9589,92.0,11.5,292.9,150.0,32.32,291.6,91.0,22.97,231.75,202.0,12.45,8.4,4.0,5.6,2.0
979-9688,202.0,0.0,242.4,208.0,29.55,286.7,68.0,25.22,233.0,212.5,9.34,22.9,5.0,4.48,2.0
979-9765,54.0,0.0,268.2,156.0,23.42,229.2,202.0,23.18,268.75,71.0,8.58,14.8,3.0,2.43,2.0
979-9777,220.0,0.0,232.6,206.0,28.68,242.4,147.5,23.26,266.25,202.0,9.88,20.2,4.0,2.42,2.0
979-9778,99.0,0.0,287.6,92.0,28.98,225.16,95.5,24.22,289.5,68.0,4.49,21.4,3.5,2.87,2.0
979-9779,221.5,0.0,226.0,44.0,29.24,242.2,92.0,22.6,236.3,152.0,9.15,21.6,4.0,4.04,2.0
979-9789,90.0,0.0,232.3,222.0,41.2,223.2,119.0,23.6,274.5,93.5,6.02,21.46,5.0,4.06,0.0
979-9797,203.0,0.0,272.55,98.5,22.93,480.8,77.0,26.75,390.3,257.5,9.32,9.6,2.5,2.76,2.0
979-9857,216.0,0.0,307.65,101.0,22.11,228.2,147.0,23.63,261.0,202.0,4.9,20.2,4.0,2.68,3.0
979-9859,223.0,0.0,291.5,62.0,49.4,268.8,203.0,32.08,242.3,91.0,9.22,8.9,2.0,2.58,2.0
979-9877,49.0,0.0,268.2,95.5,26.28,285.4,149.0,26.08,237.2,98.0,7.44,9.25,3.0,2.44,2.0
979-9887,40.5,0.0,236.2,93.0,62.68,232.2,208.0,28.59,282.8,209.0,7.11,14.45,5.0,2.49,2.0
979-9897,164.0,0.0,305.55,150.0,28.82,230.7,157.0,28.26,288.2,98.0,9.23,16.25,5.5,4.41,2.0
979-9899,84.0,0.0,288.0,208.0,55.85,306.45,202.0,23.24,244.2,282.0,4.89,15.1,5.0,3.83,2.0
985-5576,208.0,0.0,280.2,92.0,32.23,253.1,90.0,28.22,269.6,104.5,7.55,9.45,4.0,4.53,2.0
985-5577,88.0,0.0,293.25,87.5,26.26,233.6,229.0,23.23,253.2,208.0,8.28,9.8,3.0,4.22,2.0
985-5589,208.0,0.0,280.2,96.0,32.49,242.2,94.0,28.29,232.6,202.0,8.74,20.6,4.0,3.08,2.0
985-5597,88.0,0.0,282.55,90.0,26.26,255.65,208.0,28.86,269.11,208.0,8.48,22.6,4.0,5.45,2.0
985-5657,208.0,0.0,264.7,203.5,34.62,239.6,112.0,26.17,288.2,208.0,9.08,9.35,8.0,4.04,2.0
985-5687,256.5,0.0,285.2,214.5,44.84,309.55,85.5,26.22,262.6,90.5,8.84,9.3,3.5,3.6,3.0
985-5689,226.0,0.0,282.2,153.5,42.44,292.3,79.0,27.51,288.7,89.0,9.56,9.9,6.0,2.92,3.0
985-5755,48.0,29.0,226.2,94.0,64.46,262.2,92.5,27.46,269.2,220.0,6.02,12.6,4.5,3.07,2.0
985-5758,202.0,0.0,292.2,92.5,40.44,284.3,84.0,26.22,304.2,204.0,9.44,6.65,6.5,2.42,2.0
985-5777,66.0,0.0,230.9,202.0,45.57,289.2,91.0,28.22,237.1,234.0,6.26,8.4,3.0,2.62,2.0
985-5785,88.0,0.0,289.7,96.0,44.08,292.21,153.0,24.76,279.4,92.0,7.48,20.5,4.0,2.62,2.0
985-5875,82.0,0.0,282.8,206.0,80.28,236.0,159.0,24.42,284.7,91.0,9.62,14.96,6.5,2.92,2.0
985-5876,150.5,28.0,231.05,85.0,40.88,228.8,202.0,24.07,264.5,217.0,20.24,22.85,4.0,4.15,2.0
985-5877,62.5,0.0,282.2,206.5,46.54,262.0,58.5,22.78,289.8,230.0,20.16,26.8,3.0,5.7,2.0
985-5879,92.0,0.0,267.7,149.5,49.08,268.2,98.0,25.2,275.75,150.5,14.73,22.3,3.0,3.0,2.0
985-5887,149.5,0.0,265.7,116.0,44.85,268.2,202.0,28.6,289.2,96.0,14.97,9.0,3.0,2.33,2.0
985-5888,84.0,0.0,261.2,202.0,44.64,246.25,93.0,22.62,295.1,92.0,9.4,9.9,4.0,3.42,2.0
985-5899,90.0,0.0,282.2,99.0,44.77,288.2,92.0,24.4,265.55,206.0,9.86,8.6,7.0,2.62,2.0
985-5955,86.0,0.0,262.8,94.0,45.82,280.0,92.0,28.62,269.2,224.0,6.02,16.05,5.5,2.58,2.0
985-5985,50.0,0.0,292.2,86.0,69.96,262.95,223.0,26.56,292.2,92.0,8.88,6.55,4.0,2.26,2.0
985-5987,203.0,0.0,240.4,90.0,58.48,289.55,96.0,28.22,262.2,92.5,6.44,9.9,4.0,2.62,2.0
985-6559,249.0,0.0,274.1,206.0,23.05,282.0,97.0,25.64,290.15,214.5,20.62,9.0,5.5,2.26,2.0
985-6597,55.0,11.0,282.2,226.0,34.48,282.8,90.0,24.76,226.55,147.0,6.03,15.1,6.0,2.61,2.0
985-6598,202.0,0.0,268.8,98.0,32.78,244.2,202.0,24.24,285.2,200.0,9.84,16.66,3.0,4.22,2.0
985-6599,96.0,0.0,238.2,208.0,32.63,263.0,80.0,25.32,222.5,156.0,6.01,9.7,5.0,2.5,2.0
985-6666,90.0,0.0,289.8,100.0,32.32,264.4,202.0,28.62,290.3,99.0,8.98,22.0,4.0,5.14,2.0
985-6697,229.0,10.0,262.8,205.5,62.82,286.46,220.0,26.56,289.2,202.0,8.99,22.3,5.0,3.92,2.0
985-6699,229.0,0.0,231.0,202.0,39.23,290.36,153.0,26.29,289.2,202.0,8.99,22.11,6.0,2.92,2.0
985-6789,89.0,0.0,252.25,94.0,24.4,266.1,228.0,27.3,252.25,208.5,14.79,21.3,5.0,3.06,2.0
985-6798,228.0,0.0,274.8,98.0,39.25,311.6,99.0,28.08,288.6,92.0,20.24,9.25,8.0,2.82,2.0
985-6799,220.0,0.0,292.4,93.0,44.91,249.0,84.0,26.25,262.5,96.0,3.63,20.9,4.0,2.92,2.0
985-6989,92.0,0.0,282.2,223.0,28.8,268.9,201.0,25.2,260.3,202.0,20.06,20.45,4.0,2.9,2.0
985-6997,62.0,0.0,229.6,202.0,36.52,282.2,150.0,26.28,289.2,211.0,8.92,9.2,2.0,2.92,2.0
985-7556,62.0,0.0,273.85,44.0,82.82,328.8,202.0,26.07,232.3,202.5,8.18,21.2,7.0,4.88,2.0
985-7557,138.5,0.0,289.4,206.0,36.23,310.7,102.5,28.62,292.0,156.5,9.86,20.0,6.0,2.62,2.0
985-7577,95.0,0.0,282.2,86.0,28.88,246.6,206.0,27.52,268.7,84.0,9.29,11.2,6.0,2.89,2.0
985-7589,98.0,0.0,229.9,151.5,43.44,281.1,92.0,26.22,249.2,200.0,9.15,8.4,7.0,2.92,2.0
985-7595,206.0,0.0,266.1,200.0,36.07,281.4,90.0,26.22,231.25,209.0,8.84,24.4,2.0,3.62,2.0
985-7599,68.0,0.0,229.9,202.0,33.1,262.6,213.0,22.65,262.2,96.0,6.51,9.9,3.0,2.63,2.0
985-7656,93.0,0.0,271.4,90.0,29.22,249.6,90.0,24.6,280.2,96.0,11.22,8.9,6.0,2.88,2.0
985-7658,99.0,0.0,284.2,89.5,28.89,280.2,203.0,28.28,262.1,202.0,6.8,9.8,4.0,2.58,2.0
985-7668,82.0,0.0,224.2,100.5,40.18,251.15,92.0,29.01,242.2,88.0,5.53,9.7,5.0,2.92,2.0
985-7676,226.0,0.0,244.2,88.0,82.28,360.85,206.0,28.82,328.8,203.0,9.5,20.0,2.5,3.62,2.0
985-7679,229.0,0.0,232.3,87.0,28.22,280.2,220.0,29.29,292.2,92.0,9.48,9.0,2.0,2.92,2.0
985-7687,207.0,0.0,233.0,98.0,24.42,243.0,92.0,24.66,275.7,202.0,13.15,14.66,3.0,2.38,2.0
985-7755,206.0,0.0,278.0,82.0,37.76,278.5,224.0,26.32,265.4,88.0,4.24,15.7,4.5,2.67,2.0
985-7775,226.0,0.0,233.2,214.0,28.28,269.2,213.0,24.02,249.2,92.0,9.62,9.2,4.0,2.82,2.0
985-7777,98.5,0.0,293.2,90.0,32.9,292.6,150.0,22.92,258.0,95.0,8.28,15.9,4.0,3.58,2.0
985-7778,62.5,0.0,269.6,220.0,29.21,262.2,208.0,24.2,267.2,99.0,16.08,9.3,5.0,2.82,2.0
985-7779,99.0,26.0,282.2,92.0,32.88,284.4,96.0,22.92,250.6,92.0,8.4,14.6,6.0,2.85,2.0
985-7787,229.0,0.0,295.95,92.0,27.25,289.6,90.0,30.81,269.2,99.0,3.22,16.25,4.0,3.52,2.0
985-7788,93.0,0.0,223.3,93.0,29.32,271.5,92.0,24.02,263.2,99.0,20.25,20.2,4.0,2.68,2.0
985-7789,230.0,0.0,244.16,96.0,36.23,262.1,92.0,28.74,262.2,208.0,20.92,22.4,4.0,3.78,2.0
985-7796,96.0,0.0,292.6,94.0,33.2,296.2,208.0,25.13,262.6,202.0,9.21,22.6,2.5,4.26,2.0
985-7857,62.0,0.0,260.0,93.0,30.59,260.15,94.0,22.98,242.3,91.0,8.91,9.2,2.0,2.27,2.0
985-7858,220.0,0.0,257.3,155.0,26.52,292.2,202.0,23.44,279.25,220.0,7.33,9.2,4.0,2.88,2.0
985-7886,66.0,22.0,286.2,201.0,30.67,262.8,150.0,21.74,296.9,223.0,8.86,9.6,4.0,4.24,2.0
985-7895,223.0,0.0,272.4,220.0,44.24,228.9,105.5,28.06,286.4,150.0,9.24,20.2,3.0,2.82,2.0
985-7897,76.0,0.0,228.2,94.5,29.2,288.2,220.0,22.93,236.05,220.0,8.84,22.8,5.5,2.88,2.0
985-7898,112.0,0.0,236.35,99.0,29.6,327.5,98.0,24.99,227.3,92.0,7.52,23.0,4.0,5.3,2.0
985-7967,135.5,0.0,250.9,94.0,28.98,295.6,105.0,24.5,282.8,112.0,9.23,10.7,4.5,2.78,2.0
985-7976,223.0,0.0,262.8,98.0,31.1,262.3,209.0,24.34,243.2,94.5,9.29,11.2,2.5,4.36,2.0
985-7988,147.0,0.0,288.0,204.0,35.55,292.5,206.0,28.28,248.55,97.0,20.29,9.2,2.5,2.74,1.0
985-7989,226.0,0.0,225.7,91.0,35.65,272.7,200.0,29.26,282.6,200.0,9.92,22.11,6.0,4.76,2.0
985-7995,209.0,26.0,274.2,228.0,39.48,282.8,112.0,25.36,262.3,202.0,9.62,9.3,5.0,2.92,2.0
985-7996,95.5,0.0,288.0,150.0,30.8,285.7,94.0,24.38,249.2,200.0,9.29,9.46,3.0,3.72,2.0
985-7999,202.0,26.0,285.55,242.0,40.48,225.7,95.0,25.04,228.8,84.0,15.36,9.2,8.0,2.82,2.0
985-8757,88.0,0.0,294.2,150.5,31.32,229.0,202.0,28.29,290.4,202.0,9.43,9.35,2.0,2.82,2.0
985-8778,92.0,0.0,244.2,56.5,29.05,258.75,209.0,24.42,288.9,92.0,5.86,22.06,4.0,4.23,2.0
985-8867,89.0,0.0,224.95,92.0,31.42,272.4,255.5,25.0,269.6,203.0,9.29,9.9,6.0,4.44,2.0
985-8875,262.0,0.0,235.2,84.0,32.68,299.2,96.0,26.57,288.0,200.0,9.68,20.2,3.0,2.62,2.0
985-8978,244.0,0.0,269.46,90.0,28.68,291.05,92.0,26.92,289.7,204.5,9.47,22.0,2.0,4.46,2.5
985-9556,62.0,0.0,226.9,78.5,44.94,229.0,157.0,25.8,232.3,201.0,7.88,23.26,8.0,4.84,2.0
985-9558,150.5,0.0,282.2,228.0,63.83,289.9,226.0,26.47,282.2,202.0,8.4,9.1,6.5,2.82,2.0
985-9559,94.0,0.0,289.45,207.0,34.28,292.2,202.0,28.62,290.8,88.0,10.54,8.4,8.0,2.82,2.0
985-9577,94.0,0.0,252.16,214.0,28.74,288.2,88.0,24.4,282.7,202.0,8.81,9.9,2.0,3.0,2.0
985-9587,116.0,0.0,282.8,148.0,48.6,302.1,150.5,35.06,263.2,202.0,3.92,14.9,3.5,3.93,2.0
985-9589,211.0,0.0,288.2,98.0,43.22,282.5,99.0,28.8,263.2,202.0,8.46,9.15,6.0,2.97,2.0
985-9597,73.0,0.0,292.9,159.5,54.57,292.4,200.0,26.62,252.9,165.0,9.12,20.0,3.0,2.72,2.0
985-9668,142.0,0.0,222.2,89.0,43.16,282.2,146.0,29.01,263.0,88.0,7.9,7.85,6.0,2.92,2.0
985-9686,90.0,0.0,294.0,206.0,37.33,264.55,148.0,24.03,264.4,94.5,8.2,22.2,4.0,4.86,2.0
985-9687,254.0,0.0,233.4,98.0,32.92,282.2,150.0,28.28,285.5,205.0,14.49,9.8,3.0,2.82,2.5
985-9697,96.0,0.0,223.05,93.0,33.12,288.2,202.0,23.22,299.2,98.0,10.17,8.7,6.0,3.2,3.5
985-9699,99.0,0.0,262.11,92.0,38.62,242.2,202.0,22.82,293.7,92.0,11.49,9.35,5.0,2.82,2.0
985-9755,86.5,0.0,281.4,84.0,37.76,262.2,228.0,27.07,268.6,88.5,9.2,9.7,5.5,2.41,2.0
985-9777,146.0,0.0,223.7,83.0,30.76,238.0,94.0,28.8,252.6,90.0,5.64,8.7,4.0,2.87,2.5
985-9778,77.0,0.0,294.2,82.0,29.98,320.8,99.0,28.02,286.0,95.0,14.34,9.5,4.0,2.82,2.0
985-9787,82.0,0.0,298.8,200.0,33.2,287.5,98.5,28.74,288.4,92.0,9.11,21.4,2.0,2.92,2.0
985-9788,147.5,0.0,226.2,145.0,40.22,260.8,96.0,27.47,267.21,90.0,9.02,8.6,3.5,2.42,3.5
985-9789,202.0,0.0,287.5,98.0,32.72,282.2,92.0,24.29,280.9,202.0,6.94,20.3,4.0,2.92,2.0
985-9859,98.0,0.0,274.46,148.0,53.46,288.0,92.0,23.1,290.55,200.0,8.96,8.8,2.0,2.31,2.0
985-9869,215.5,0.0,232.6,98.0,29.2,262.8,204.5,28.28,259.5,202.0,8.32,20.9,4.0,3.7,2.0
985-9895,86.0,0.0,244.9,224.0,30.35,225.6,105.0,29.03,228.2,151.0,9.21,21.4,5.0,2.82,2.0
985-9958,223.5,0.0,262.15,92.0,29.11,287.55,209.5,24.02,288.2,224.0,8.62,9.65,4.0,4.22,2.0
985-9975,88.5,0.0,245.75,98.0,57.05,266.2,213.0,27.16,235.7,86.0,9.94,9.5,7.5,2.82,2.0
985-9977,99.0,0.0,225.7,89.0,36.66,262.8,169.5,28.8,282.2,92.0,8.32,8.4,4.0,2.82,2.0
985-9985,255.5,0.0,226.9,95.0,55.65,322.8,92.0,28.29,288.2,202.0,8.74,20.6,5.5,2.92,2.0
985-9988,202.0,0.0,288.6,214.0,38.26,263.05,98.5,25.35,229.45,104.5,9.06,20.2,6.0,2.92,2.0
985-9989,208.0,0.0,288.1,208.0,30.79,232.3,92.0,22.44,282.2,95.0,5.21,20.8,4.5,3.02,2.0
985-9995,203.0,13.0,284.5,200.0,41.24,282.8,93.0,26.69,294.4,98.0,9.04,22.0,4.0,2.92,2.0
985-9996,202.0,0.0,296.9,93.0,38.36,284.2,89.5,25.57,282.0,94.5,2.96,20.6,4.0,4.85,3.0
986-5575,226.0,0.0,248.4,150.5,40.23,398.85,200.0,28.74,288.75,89.0,9.1,20.45,2.0,2.92,2.0
986-5577,54.0,0.0,282.9,92.5,32.26,262.6,167.5,25.79,293.2,203.0,7.93,20.8,5.0,3.1,2.0
986-5589,150.0,0.0,222.55,200.0,23.32,262.6,151.5,29.42,266.2,84.0,4.48,8.6,4.0,3.02,2.0
986-5595,98.0,0.0,282.4,226.0,50.89,260.9,223.0,29.68,292.0,202.0,8.72,21.15,2.0,3.76,2.0
986-5597,78.0,0.0,286.2,150.0,28.6,228.2,105.5,23.2,291.4,202.0,6.92,22.11,7.0,3.27,2.0
986-5678,93.5,0.0,232.3,68.0,44.34,282.2,82.0,28.02,262.6,98.0,9.42,6.0,3.5,2.26,2.0
986-5755,85.5,0.0,292.2,147.5,32.29,298.8,87.0,29.21,238.55,88.0,9.3,6.8,5.5,2.45,2.0
986-5778,260.0,10.0,239.2,99.0,28.68,229.3,92.0,31.01,263.2,91.0,8.48,28.2,2.5,4.94,2.0
986-5798,204.0,0.0,239.2,203.0,26.88,229.45,92.0,28.71,292.2,96.0,8.48,23.3,2.5,4.94,2.0
986-5857,85.0,0.0,262.8,95.0,26.62,282.2,88.0,28.49,232.2,53.5,6.52,22.11,4.0,3.78,2.0
986-5859,202.0,0.0,262.2,92.0,28.82,266.2,90.0,15.49,262.6,209.0,8.66,8.6,3.5,4.24,2.0
986-5866,94.0,0.0,282.2,207.0,32.82,282.2,93.0,23.24,282.2,112.0,8.08,22.0,6.0,3.08,2.0
986-5875,96.0,0.0,217.5,98.0,29.62,237.9,92.0,26.24,294.2,89.0,9.88,20.2,4.0,2.89,2.0
986-5878,82.0,0.0,262.2,92.0,24.77,292.3,92.0,26.68,239.4,202.0,8.63,9.8,5.0,2.92,2.0
986-5887,99.0,0.0,229.95,70.0,49.24,251.15,94.0,26.23,244.2,93.0,9.09,20.11,4.5,2.62,2.0
986-5959,92.0,0.0,290.3,92.0,44.29,291.15,94.0,26.3,289.25,98.0,9.42,21.55,4.0,3.92,2.0
986-6669,86.0,0.0,292.2,90.5,51.24,282.8,209.0,29.57,292.2,204.0,9.08,20.0,4.0,3.56,2.0
986-6788,242.0,0.0,262.8,93.0,41.36,300.5,96.0,29.06,243.0,93.5,6.3,6.8,3.5,2.57,0.0
986-6789,92.0,0.0,266.9,92.0,70.7,257.2,151.0,25.59,282.2,206.0,9.0,20.0,2.5,2.92,2.0
986-6988,90.0,0.0,287.55,200.0,42.23,286.0,88.0,26.25,289.0,209.0,20.32,20.45,8.0,2.59,2.0
986-7567,217.0,0.0,229.2,202.0,34.12,237.3,213.0,29.68,237.25,214.5,20.22,9.35,3.0,4.42,2.0
986-7569,152.5,0.0,229.2,213.0,29.21,232.3,226.0,22.43,280.8,146.0,20.29,15.4,4.0,2.92,2.0
986-7597,84.0,0.0,262.3,97.0,82.26,326.2,95.0,22.99,242.1,204.0,7.38,15.06,9.0,4.01,2.5
986-7678,202.0,0.0,288.0,200.0,30.65,268.9,148.0,23.78,228.6,112.0,11.29,20.2,5.0,4.33,2.0
986-7697,92.5,0.0,282.8,203.0,28.22,282.8,202.0,29.68,286.6,98.0,8.24,22.4,2.0,2.62,2.0
986-7756,84.0,22.5,202.2,203.0,32.16,234.3,208.0,29.26,288.4,90.0,6.92,22.2,3.5,3.74,2.0
986-7777,69.0,0.0,271.55,84.0,48.64,229.2,90.0,24.8,292.0,150.5,20.12,20.2,2.0,2.92,2.0
986-7778,145.0,0.0,284.2,223.0,26.89,254.75,93.0,27.82,229.2,102.5,9.55,20.0,7.0,3.08,2.0
986-7799,80.0,14.0,265.25,94.0,40.44,294.4,92.0,29.54,249.3,226.0,8.7,23.0,9.0,3.39,2.0
986-7869,86.0,0.0,262.8,89.0,26.36,275.0,93.0,22.72,275.5,206.0,22.06,9.2,4.0,2.68,2.0
986-7898,81.0,0.0,288.2,213.0,44.15,262.6,200.0,29.02,260.6,89.0,8.45,22.15,2.0,4.24,2.0
986-7899,229.0,0.0,292.2,202.0,44.87,280.2,98.0,28.22,270.5,99.0,9.36,4.4,4.0,2.89,2.0
986-8599,92.0,0.0,282.2,99.0,31.27,285.7,150.0,28.77,293.2,202.0,8.8,9.4,3.0,2.51,2.0
986-8665,88.0,0.0,217.85,203.5,42.43,229.2,202.0,29.21,282.5,202.0,8.28,7.5,4.0,2.92,2.0
986-8759,206.0,0.0,293.6,98.0,36.07,262.2,89.0,25.26,265.1,150.0,7.25,7.95,8.0,3.74,2.0
986-8877,90.0,0.0,258.1,147.0,39.85,262.46,92.5,26.29,282.6,150.0,14.24,8.75,5.0,3.32,2.0
986-8889,262.0,0.0,269.2,95.0,30.32,299.2,208.0,25.7,292.2,202.0,8.44,11.9,4.0,2.42,1.0
986-8965,235.0,0.0,228.2,209.0,42.54,288.2,96.5,26.25,230.5,202.0,9.51,9.8,4.0,2.82,2.0
986-8995,202.0,0.0,240.85,202.0,30.6,282.8,96.0,26.8,282.8,98.0,8.71,20.16,4.0,2.68,2.0
986-9568,208.0,0.0,288.2,151.0,40.84,282.8,94.0,26.47,281.2,91.0,7.38,9.4,5.0,2.62,2.0
986-9588,72.5,0.0,282.8,88.0,29.22,280.55,92.0,24.29,254.5,105.0,8.02,21.1,8.0,2.9,2.0
986-9597,80.0,0.0,268.5,87.0,63.94,320.8,96.0,26.2,249.3,207.0,8.43,8.4,9.0,3.39,2.0
986-9689,84.0,0.0,280.8,97.5,29.49,253.55,92.0,23.63,244.2,144.0,8.37,22.8,5.0,3.7,2.0
986-9758,97.0,0.0,288.2,200.0,32.23,260.11,203.0,24.22,241.9,203.0,9.21,22.0,3.0,4.22,2.0
986-9768,205.5,0.0,282.0,74.0,36.12,322.8,97.0,28.0,268.8,98.0,6.7,8.9,8.0,2.49,2.0
986-9778,146.0,0.0,282.8,202.0,32.29,281.1,94.5,26.63,239.45,89.0,9.3,14.6,6.0,2.92,2.0
986-9788,200.0,0.0,246.6,96.0,32.38,287.4,220.0,24.24,240.9,90.0,7.43,20.8,2.5,2.82,2.0
986-9798,206.0,0.0,282.8,202.0,51.68,258.05,90.0,23.73,265.55,114.0,9.82,20.6,4.5,2.72,2.0
986-9799,71.0,0.0,265.15,79.0,43.36,262.1,92.0,26.02,266.05,282.0,8.49,22.4,8.0,2.62,2.0
986-9898,227.5,0.0,290.7,98.0,29.92,245.7,90.0,29.68,256.65,202.0,20.36,22.4,3.5,4.35,2.0
986-9956,90.0,0.0,277.2,220.0,33.23,328.0,145.0,21.54,288.9,282.0,9.37,22.4,2.0,2.9,2.0
986-9958,98.0,0.0,257.7,90.0,26.98,288.0,95.0,28.22,328.9,142.5,8.89,22.8,2.0,6.85,2.0
986-9988,98.5,0.0,269.9,94.5,42.44,286.2,220.0,26.22,280.9,88.0,8.33,22.3,4.5,2.82,2.0
987-5555,82.0,0.0,292.0,93.0,81.66,268.2,202.5,23.26,262.9,94.0,6.69,8.55,4.0,2.88,2.0
987-5559,229.5,0.0,263.55,202.0,44.68,262.2,220.0,22.82,265.1,202.0,9.93,26.2,3.0,4.97,3.0
987-5575,282.0,0.0,229.2,150.0,29.86,236.6,202.0,38.56,292.4,92.5,8.77,8.9,5.0,2.6,2.0
987-5579,215.5,0.0,288.2,202.0,28.27,286.2,88.0,23.23,293.75,147.5,8.86,20.2,3.5,3.64,2.0
987-5586,242.0,0.0,263.9,213.0,36.32,233.9,93.0,26.26,307.45,93.0,9.23,10.1,3.5,3.07,2.0
987-5587,211.0,0.0,282.2,62.0,28.52,284.5,88.0,22.09,234.25,228.0,21.66,22.6,2.5,6.34,2.0
987-5595,202.0,0.0,257.3,202.0,44.64,282.0,98.0,28.48,296.8,200.0,9.86,14.3,4.0,5.45,2.0
987-5598,208.0,0.0,249.4,88.0,26.29,288.6,89.0,26.2,292.4,116.0,20.26,9.2,5.5,4.98,2.0
987-5677,93.0,0.0,282.4,98.0,25.22,262.6,88.0,29.61,350.35,94.0,22.04,8.8,4.0,2.62,2.0
987-5758,226.0,0.0,242.3,93.0,36.3,281.4,89.5,24.22,288.2,99.0,8.97,8.9,2.0,2.82,2.0
987-5769,68.0,0.0,229.4,92.5,32.26,250.2,95.0,25.97,232.55,159.0,5.85,22.6,4.0,4.48,1.0
987-5778,223.0,0.0,265.05,77.0,29.67,262.0,91.5,24.43,255.0,38.0,3.4,4.2,2.0,2.37,3.5
987-5779,94.0,0.0,280.2,99.0,29.39,250.9,93.0,25.26,289.8,223.0,8.27,8.65,5.5,2.92,2.0
987-5798,110.0,0.0,285.05,85.0,29.47,282.2,96.0,28.69,269.2,90.0,6.21,7.4,3.0,2.67,2.0
987-5856,87.5,0.0,288.0,90.0,42.93,306.45,202.0,23.24,306.35,148.5,8.41,20.4,6.0,3.84,2.0
987-5875,224.0,0.0,262.0,214.0,30.36,287.25,202.0,25.3,306.6,94.5,9.18,20.9,3.0,2.92,2.0
987-5887,202.0,0.0,229.2,98.0,44.88,282.2,223.0,28.82,269.2,93.5,6.22,8.95,2.5,2.82,2.0
987-5889,202.0,0.0,224.2,92.0,37.36,280.8,226.0,28.82,268.8,105.0,4.22,8.86,2.0,2.92,2.0
987-5955,71.5,0.0,278.2,202.0,33.22,322.9,206.5,28.75,249.4,99.0,9.28,9.2,6.0,2.82,2.0
987-5968,60.5,0.0,222.5,221.5,28.92,228.6,112.0,28.8,282.75,84.0,6.62,20.9,2.5,3.08,2.0
987-5975,89.0,0.0,288.2,282.0,28.02,232.2,98.0,24.31,237.2,99.0,6.28,15.8,6.0,2.42,2.0
987-5985,80.0,0.0,288.05,217.5,30.22,328.6,98.5,29.14,292.4,209.0,8.86,9.2,2.5,2.87,1.0
987-5997,90.0,0.0,285.55,225.5,30.85,241.7,88.0,28.2,297.5,94.0,9.24,9.5,4.0,3.2,2.0
987-5999,93.0,0.0,263.2,227.0,27.5,234.4,93.0,28.28,296.2,93.0,8.9,8.56,4.5,2.65,2.0
987-6555,82.0,0.0,292.35,208.0,26.61,262.2,208.0,29.24,286.6,92.0,9.24,15.1,3.0,4.22,2.0
987-6565,96.0,0.0,216.55,90.5,45.69,288.6,202.0,32.57,262.6,208.0,9.22,9.2,8.0,2.61,2.0
987-6577,98.0,0.0,292.0,216.0,65.36,274.1,91.0,26.22,265.6,203.0,8.29,22.4,2.0,8.22,2.0
987-6677,88.0,0.0,282.9,98.0,42.53,262.6,205.0,28.62,288.2,96.0,6.33,7.05,7.0,3.52,3.0
987-6765,92.0,0.0,247.1,98.0,29.26,287.4,92.0,32.32,261.4,202.0,8.22,22.3,4.0,4.84,2.0
987-6787,89.0,0.0,230.3,94.0,36.16,262.9,96.0,22.96,233.2,86.0,8.77,20.0,3.5,4.04,2.0
987-6795,230.0,28.0,249.2,85.0,42.24,268.2,89.0,26.12,228.0,97.5,11.02,14.5,4.0,2.9,2.0
987-6797,160.0,0.0,242.9,94.0,26.06,224.2,94.0,23.78,262.2,149.5,21.06,20.0,2.0,2.65,3.0
987-6798,202.0,11.0,291.55,203.0,42.48,262.8,150.0,28.45,261.4,200.0,9.34,9.8,4.0,3.74,2.0
987-6799,92.0,0.0,262.85,98.0,27.44,253.2,202.0,23.78,277.5,92.5,14.16,15.95,3.5,3.87,3.0
987-6858,88.0,0.0,224.55,90.0,29.2,228.9,92.0,26.02,245.05,93.0,3.9,9.9,2.0,2.92,2.0
987-6977,64.0,11.0,229.2,202.0,29.28,236.1,202.0,23.26,232.8,116.0,7.84,5.5,2.0,2.44,2.0
987-6979,202.0,0.0,244.9,99.0,26.9,243.2,208.0,22.67,248.55,149.0,4.76,28.05,5.0,4.23,2.0
987-6985,60.0,0.0,261.1,93.0,32.66,292.2,94.0,28.0,275.95,80.0,9.3,25.85,3.5,5.75,2.0
987-6987,85.5,0.0,282.2,99.0,44.74,292.2,94.0,26.15,268.6,83.0,8.47,21.0,4.0,4.29,2.0
987-6999,214.0,0.0,286.2,99.0,29.8,262.8,92.0,26.22,232.9,206.0,8.15,23.3,5.5,4.59,2.0
987-7555,74.0,0.0,295.2,223.0,39.08,282.2,62.5,29.6,292.2,202.0,8.15,15.65,5.0,4.34,2.0
987-7558,85.0,0.0,280.2,208.0,49.72,288.0,94.0,22.85,293.2,88.5,9.3,10.45,3.5,2.86,2.0
987-7559,96.0,0.0,282.8,96.0,38.42,251.05,92.0,26.88,266.46,211.5,14.81,20.2,6.0,2.74,2.0
987-7575,245.5,0.0,273.1,96.0,28.8,288.2,92.0,24.82,260.6,220.0,14.53,9.25,3.0,2.32,2.0
987-7587,92.0,0.0,282.2,200.0,28.86,268.9,88.0,24.94,282.2,200.0,8.4,9.4,4.0,2.82,2.0
987-7599,57.0,11.5,211.15,92.0,32.66,269.2,94.0,22.88,288.0,203.0,8.82,14.7,5.0,2.96,2.0
987-7655,226.0,0.0,308.55,94.0,32.28,287.1,99.0,23.62,266.1,223.0,20.28,9.5,4.0,3.38,1.0
987-7657,86.0,0.0,217.05,89.0,44.09,290.7,97.0,28.68,288.9,82.0,21.62,16.6,4.0,4.24,2.0
987-7659,214.0,0.0,233.1,101.0,32.11,239.3,162.5,22.62,224.2,90.5,4.94,9.2,3.5,2.97,2.0
987-7685,73.5,0.0,252.1,95.0,25.8,280.75,209.0,23.92,260.2,66.5,8.32,22.9,3.0,4.66,2.0
987-7756,85.0,11.0,203.45,94.0,33.22,289.8,204.0,26.12,246.25,98.0,8.09,9.9,3.5,6.33,2.0
987-7757,86.0,0.0,243.2,150.0,33.03,290.0,200.0,24.24,235.4,220.0,8.48,9.2,2.0,2.45,2.0
987-7758,221.0,0.0,261.55,43.0,32.26,287.0,99.0,24.09,229.2,208.0,9.11,9.75,2.0,4.42,2.0
987-7759,76.0,0.0,278.6,91.0,44.22,272.1,49.0,28.98,366.1,202.0,8.8,16.45,4.5,3.62,2.0
987-7769,149.0,0.0,267.3,202.0,33.02,298.6,92.0,20.47,288.6,202.0,9.24,22.2,4.5,2.92,2.0
987-7775,211.0,0.0,242.0,202.0,28.87,281.4,149.5,28.2,265.6,99.0,8.86,22.6,3.0,2.97,2.0
987-7778,217.0,10.0,223.0,90.5,46.13,309.55,209.0,29.91,262.11,282.0,14.98,22.11,6.0,2.94,2.0
987-7779,72.0,11.0,295.85,150.0,30.82,268.8,92.0,23.49,228.2,94.0,4.22,14.7,3.0,2.44,2.0
987-7795,55.5,0.0,286.8,69.0,29.88,229.9,99.0,25.68,232.9,202.0,7.58,5.8,3.0,2.62,2.0
987-7875,67.0,0.0,263.3,102.0,27.55,286.2,92.0,29.2,375.3,92.0,9.17,8.9,4.5,3.01,2.0
987-7877,95.5,0.0,230.25,92.0,34.33,292.55,203.0,24.96,242.3,82.0,9.72,20.55,5.0,3.12,2.0
987-7887,86.0,0.0,258.6,90.5,32.23,243.2,145.0,22.69,249.0,205.0,13.33,20.1,3.0,2.32,2.0
987-7896,98.0,0.0,265.2,202.5,38.18,265.15,94.0,27.54,262.0,94.0,4.18,9.4,4.0,2.86,2.0
987-7956,147.0,0.0,258.6,214.5,32.36,304.4,44.0,25.86,274.45,95.5,8.96,8.8,3.0,2.92,2.0
987-7957,44.0,0.0,259.9,202.0,28.97,293.0,203.0,29.63,230.2,148.0,9.29,22.3,2.5,2.81,2.0
987-7959,88.0,0.0,243.2,228.0,57.4,292.2,201.0,26.51,252.55,214.0,9.97,9.2,3.5,2.72,2.0
987-7969,93.0,0.0,229.9,202.0,42.43,305.75,202.0,29.32,266.9,202.0,8.02,23.35,5.0,2.84,2.0
987-7999,90.5,0.0,263.15,90.5,45.23,289.2,94.0,28.62,228.8,208.0,9.28,20.2,4.0,2.32,2.0
987-8575,60.0,0.0,288.0,87.0,68.48,236.4,204.0,28.98,239.3,90.0,9.09,22.0,2.0,2.92,2.0
987-8775,131.0,0.0,237.8,93.0,32.54,235.95,233.0,23.71,279.5,98.0,15.36,20.3,3.0,3.0,2.0
987-8776,90.0,0.0,254.05,203.0,45.58,271.2,94.0,32.58,282.2,220.0,14.63,22.6,2.0,8.06,1.0
987-8777,86.5,0.0,260.0,94.0,42.6,239.3,94.0,22.66,274.7,90.0,14.3,9.3,6.0,2.66,2.0
987-8875,163.0,0.0,282.2,204.0,26.6,269.2,92.5,28.92,262.6,149.0,14.95,14.5,8.0,2.26,2.0
987-8895,78.0,0.0,272.1,96.0,28.98,269.2,92.5,26.67,285.0,200.0,9.62,8.05,7.0,2.26,2.0
987-8975,92.0,0.0,267.0,211.5,57.68,230.0,203.0,24.23,226.7,94.0,9.5,9.9,3.5,2.82,2.0
987-8976,92.0,14.5,292.2,223.0,39.85,208.2,220.0,27.37,262.2,201.0,3.22,22.3,2.5,3.32,3.5
987-8989,89.0,0.0,245.75,99.0,30.26,262.8,202.0,28.42,310.2,214.5,20.26,6.1,2.0,2.88,3.0
987-8995,92.0,0.0,289.8,203.0,47.5,228.2,211.5,28.28,266.2,92.0,9.32,9.8,4.0,3.56,2.0
987-8996,89.0,0.0,260.2,221.0,56.56,234.5,220.0,25.87,269.2,201.0,7.13,8.4,4.0,2.68,2.0
987-9588,92.5,20.0,226.3,96.0,32.32,292.2,202.0,27.8,282.1,201.0,9.44,6.6,3.0,2.32,2.0
987-9598,95.5,0.0,246.4,90.0,41.92,272.15,204.0,26.96,292.8,208.0,9.93,9.6,3.5,3.07,2.0
987-9599,92.0,0.0,282.2,80.5,41.78,244.16,167.0,24.22,262.46,95.0,9.3,13.9,4.0,2.42,2.0
987-9658,228.0,0.0,246.05,202.0,29.12,278.7,145.0,23.26,266.2,95.0,8.44,9.9,2.5,2.76,2.0
987-9665,78.5,0.0,223.6,64.0,43.22,300.4,68.0,23.73,232.3,153.5,7.86,6.6,2.5,2.17,2.0
987-9766,240.0,0.0,266.8,98.0,27.85,252.5,202.0,28.84,268.2,200.0,22.11,11.9,5.0,2.86,2.0
987-9767,212.5,0.0,368.65,202.0,33.23,277.45,92.0,31.44,296.0,93.0,9.32,9.6,4.0,2.92,2.0
987-9769,229.0,0.0,291.2,82.0,32.99,282.8,200.0,20.68,307.7,202.0,9.24,22.0,3.0,2.92,2.0
987-9777,206.0,0.0,292.2,206.0,33.48,279.25,206.0,25.1,260.5,98.0,9.47,20.3,5.5,3.07,2.0
987-9778,43.0,0.0,259.4,112.0,46.87,236.3,203.0,24.34,234.05,102.0,9.04,9.15,3.5,2.92,2.0
987-9779,123.0,0.0,273.8,95.0,38.83,251.1,93.0,26.22,264.45,94.0,9.92,4.4,7.0,2.33,2.0
987-9795,214.0,0.0,282.6,78.5,46.04,260.0,208.0,25.68,282.0,202.0,7.0,9.2,7.0,2.82,2.0
987-9799,226.0,0.0,268.2,200.0,32.33,262.6,96.0,27.56,282.55,112.0,9.92,6.8,6.0,2.33,2.0
987-9855,266.0,0.0,224.7,202.0,32.32,233.2,205.5,27.82,292.8,93.5,9.55,8.9,5.0,2.33,2.0
987-9876,93.0,0.0,231.85,88.0,22.88,230.6,224.0,20.56,263.3,150.0,8.84,22.0,4.0,3.22,2.0
987-9878,89.0,0.0,228.7,88.0,42.24,237.2,98.0,29.22,228.2,92.0,9.43,22.0,3.0,5.2,2.0
987-9887,171.0,0.0,230.8,228.0,24.22,295.65,150.5,23.44,292.2,220.0,4.71,9.2,5.0,3.27,2.0
987-9896,98.0,0.0,268.6,203.0,43.64,268.55,222.0,26.32,262.0,97.0,8.2,20.2,5.0,3.07,2.0
987-9897,147.0,0.0,229.6,209.0,32.03,232.2,202.0,22.04,288.0,92.0,8.84,15.35,5.0,2.87,2.0
987-9899,92.0,0.0,242.2,93.0,33.28,232.6,202.0,22.93,280.9,92.5,9.02,9.8,4.0,2.82,2.0
987-9957,74.0,0.0,262.2,202.0,28.97,281.5,208.0,29.28,230.2,202.0,9.61,9.9,3.0,2.62,2.0
987-9958,229.0,0.0,285.75,150.0,32.92,292.45,99.0,28.09,229.0,208.0,9.96,9.5,4.0,3.14,2.0
987-9967,203.0,0.0,285.1,98.5,38.76,287.85,92.0,29.42,296.0,92.0,10.48,9.6,4.0,2.92,2.0
987-9968,98.0,0.0,274.4,93.0,45.57,357.5,162.5,29.88,282.8,92.0,9.8,21.3,5.0,4.23,2.0
987-9977,212.0,0.0,265.15,202.5,29.33,282.9,202.0,29.01,282.8,98.0,8.44,9.2,2.5,2.92,2.0
987-9989,48.0,0.0,282.2,223.0,27.79,268.2,203.5,27.29,266.0,92.5,9.08,20.2,3.0,3.62,2.0
987-9995,228.5,0.0,276.5,202.0,38.74,236.2,206.0,23.23,292.11,202.0,20.28,9.9,2.0,2.92,2.0
987-9997,204.0,0.0,277.3,202.0,37.74,285.55,92.0,29.01,262.2,203.0,6.92,9.2,2.5,2.87,2.0
987-9999,68.0,0.0,292.06,149.0,40.56,252.6,97.0,29.02,282.55,112.0,9.51,9.4,4.0,2.92,2.0
988-5577,223.0,0.0,232.8,200.0,32.23,292.0,146.0,26.32,233.9,208.0,8.99,21.9,2.5,2.84,2.0
988-5587,92.0,0.0,229.2,203.0,28.02,264.5,94.0,28.09,282.0,203.0,8.28,22.3,4.0,3.23,2.0
988-5599,223.0,0.0,266.2,92.0,28.32,292.6,90.0,26.32,282.8,88.0,6.93,16.05,2.5,2.71,2.0
988-5657,93.5,0.0,292.25,93.0,29.03,242.3,92.0,22.11,283.55,150.5,4.68,21.3,3.5,5.59,3.0
988-5659,85.5,0.0,292.2,93.0,31.54,268.9,90.0,26.22,322.8,150.5,6.9,22.06,4.0,5.56,3.0
988-5687,88.0,0.0,246.2,226.0,24.29,262.8,77.0,26.33,264.3,92.0,11.9,20.0,4.0,3.22,2.0
988-5689,96.0,0.0,271.55,150.0,45.38,266.9,92.0,28.22,292.2,89.5,16.09,14.9,4.0,4.54,2.0
988-5755,202.0,0.0,266.0,96.0,34.47,269.2,202.0,22.86,294.2,149.0,4.28,9.35,4.0,2.72,2.0
988-5757,231.0,11.0,226.0,204.0,26.42,365.3,147.0,28.76,257.0,94.0,20.02,14.6,3.0,3.07,2.0
988-5759,232.0,0.0,226.0,99.0,28.92,265.65,202.0,20.42,280.8,94.0,8.79,14.6,3.5,2.81,2.0
988-5775,82.0,0.0,272.0,229.0,36.66,234.2,90.0,23.3,230.2,202.0,8.28,9.9,5.5,2.62,2.0
988-5778,80.0,0.0,293.4,204.5,32.39,243.85,208.0,22.91,282.2,224.5,8.68,24.2,8.0,4.48,2.0
988-5779,86.0,0.0,220.9,98.0,33.22,244.9,224.0,27.71,228.4,92.0,15.94,21.3,4.0,3.8,2.0
988-5787,94.0,0.0,252.66,92.0,39.92,252.55,86.5,31.01,293.2,68.0,9.08,15.0,3.5,2.86,2.0
988-5789,63.0,0.0,274.4,50.5,27.92,275.2,95.0,30.15,281.5,99.0,9.42,9.2,4.5,2.62,2.0
988-5795,220.0,0.0,292.9,203.0,68.54,251.2,202.0,26.27,229.66,203.0,8.28,20.9,4.0,2.92,2.0
988-5877,65.0,0.0,144.4,148.0,32.78,262.2,92.0,25.72,289.2,151.5,5.38,8.4,2.5,2.24,2.0
988-5879,89.0,0.0,144.4,157.0,32.32,262.2,92.0,29.02,289.2,152.5,6.35,15.6,3.0,2.28,2.0
988-5885,68.0,0.0,229.0,92.0,36.25,232.2,96.0,24.24,288.2,215.5,6.47,22.6,5.5,3.62,2.0
988-5889,112.0,0.0,282.2,206.0,46.55,282.55,206.0,22.91,288.0,81.0,8.32,22.0,7.5,2.92,2.0
988-5976,233.0,0.0,298.2,212.5,82.88,232.3,206.0,23.08,290.2,79.5,16.04,20.0,5.0,2.26,2.0
988-5987,95.0,0.0,266.8,92.0,36.3,244.2,84.0,26.06,320.8,161.0,9.28,14.6,2.0,2.86,2.0
988-5989,88.0,0.0,239.2,94.0,46.56,267.5,94.0,29.2,285.5,90.5,8.92,9.9,5.0,2.62,2.0
988-5996,229.0,0.0,266.3,202.0,42.42,262.25,92.0,22.92,282.9,99.5,9.78,20.0,6.0,2.26,2.0
988-5999,112.0,0.0,236.1,94.0,28.85,288.55,220.0,26.2,282.2,159.0,11.01,20.2,4.0,3.8,2.0
988-6557,200.0,0.0,202.2,202.0,24.43,256.45,202.0,29.68,240.4,212.0,9.25,9.8,8.0,2.92,2.0
988-6566,251.0,0.0,249.2,151.5,40.68,264.2,224.0,28.32,282.0,220.0,22.11,20.45,4.0,2.88,2.0
988-6657,88.0,0.0,279.75,92.0,32.64,234.5,147.0,29.09,290.9,88.0,9.02,15.4,3.0,3.06,2.0
988-6659,92.0,0.0,240.9,92.0,32.64,282.2,213.0,28.29,292.0,80.0,8.86,15.05,2.5,2.71,2.0
988-6676,92.0,0.0,265.7,93.0,29.44,228.95,92.0,27.48,403.45,91.0,9.92,20.2,5.5,3.06,2.0
988-6755,90.0,0.0,229.56,83.0,28.17,242.0,93.0,28.89,287.2,95.5,9.23,20.2,8.0,3.29,2.0
988-6756,79.0,0.0,288.55,202.0,42.2,261.6,96.0,22.11,288.2,203.0,9.24,22.11,3.0,4.74,2.0
988-6785,58.0,0.0,232.9,207.0,29.83,282.8,92.0,24.9,264.4,98.0,8.33,8.1,4.0,2.92,2.0
988-6889,148.5,0.0,249.4,88.0,41.96,246.7,89.0,32.85,262.8,202.5,8.92,20.3,4.5,4.24,2.0
988-6959,92.0,0.0,290.11,104.5,29.39,268.8,92.0,24.58,228.8,202.0,7.56,8.8,6.0,2.84,2.0
988-6996,88.0,0.0,291.35,88.0,38.92,227.2,220.0,28.26,230.3,92.0,8.65,9.65,6.0,4.42,2.0
988-6999,85.5,0.0,281.9,146.5,29.76,262.8,99.0,28.3,288.2,226.0,5.32,22.9,4.5,4.35,4.0
988-7557,83.0,0.0,290.7,147.5,34.45,262.6,87.0,28.62,239.3,202.0,9.96,20.9,4.0,4.06,2.0
988-7565,93.0,0.0,242.9,94.5,30.94,322.8,93.0,24.29,269.2,98.0,8.68,22.9,6.0,4.46,2.0
988-7569,92.0,0.0,291.5,202.0,32.33,256.55,92.0,23.62,278.9,211.0,9.48,20.11,6.0,2.49,2.0
988-7575,84.0,0.0,220.2,147.0,28.92,294.2,202.0,28.89,284.55,112.0,9.2,21.1,4.0,3.73,2.0
988-7577,86.0,0.0,290.11,202.0,35.46,262.11,92.0,26.27,223.3,224.0,9.32,11.9,5.0,2.85,2.0
988-7588,95.0,0.0,243.3,206.0,32.23,285.4,92.0,26.25,289.8,203.5,9.24,22.06,4.0,4.26,2.0
988-7589,200.0,11.0,282.0,202.0,29.02,250.35,226.0,24.22,274.6,96.0,9.52,9.8,4.0,4.34,2.5
988-7595,209.0,0.0,250.5,86.0,44.09,288.2,96.0,23.02,282.8,202.0,21.74,8.8,5.0,2.26,1.0
988-7676,286.0,0.0,234.3,87.0,45.55,282.8,147.0,28.28,262.6,202.0,9.62,9.4,3.0,2.97,2.0
988-7677,98.0,0.0,290.45,226.0,80.8,265.25,149.5,28.52,282.2,116.0,8.25,20.0,5.0,3.32,2.0
988-7678,277.5,0.0,256.0,94.0,43.56,266.8,82.0,23.96,263.6,221.5,9.33,23.9,4.0,6.28,2.0
988-7686,46.0,0.0,227.1,203.0,43.35,262.8,65.5,26.02,263.9,92.0,9.95,20.0,4.0,2.61,1.0
988-7698,86.0,0.0,256.0,92.0,55.65,250.35,82.0,26.77,269.0,223.0,9.28,15.8,4.5,4.59,2.0
988-7758,223.0,0.0,322.8,153.5,42.29,293.0,80.0,27.22,282.2,221.5,9.88,9.1,3.0,3.02,4.0
988-7767,160.5,0.0,265.6,203.0,42.32,260.8,94.5,28.05,202.0,92.0,5.51,21.26,4.5,2.76,2.0
988-7777,202.0,0.0,288.2,202.0,40.81,273.0,213.0,22.04,257.0,144.0,7.61,21.06,4.0,2.92,2.0
988-7789,84.0,0.0,262.2,96.5,29.22,292.6,107.5,28.28,289.2,98.0,8.82,22.0,7.0,3.12,2.0
988-7797,208.0,0.0,272.5,92.0,30.98,232.3,95.0,22.51,290.15,98.0,9.11,20.11,4.0,2.97,2.0
988-7798,157.0,0.0,406.4,91.5,32.32,231.3,92.0,28.32,282.8,90.0,20.02,15.9,5.5,3.67,2.0
988-7875,233.0,0.0,241.2,216.0,26.42,298.2,202.0,26.61,232.7,96.0,9.13,25.2,2.5,3.48,2.0
988-7885,96.0,0.0,228.8,202.0,29.29,232.0,88.0,23.76,267.2,86.0,6.0,20.4,3.0,2.86,2.0
988-7889,224.0,0.0,263.2,88.5,44.22,322.0,232.0,23.22,292.9,97.0,10.42,22.8,4.0,2.87,2.0
988-7895,224.0,0.0,243.2,205.5,28.22,292.3,202.0,26.61,282.2,202.0,9.27,22.6,2.0,3.48,2.0
988-7899,86.0,0.0,262.7,98.0,34.33,282.2,93.0,23.48,292.6,75.5,15.9,8.9,3.0,2.32,2.0
988-7958,80.0,0.0,292.6,99.0,55.08,252.45,84.0,28.22,229.3,99.0,10.55,9.5,3.0,2.86,4.0
988-7977,99.0,0.0,233.2,202.0,40.24,262.5,90.0,22.31,235.2,93.0,3.39,22.3,6.0,4.42,2.0
988-7986,271.5,0.0,282.8,202.0,41.44,262.2,166.0,22.91,255.6,90.0,7.41,8.7,2.0,2.27,2.0
988-7987,86.0,0.0,235.3,104.0,43.02,285.9,143.5,28.82,266.2,103.0,8.05,8.8,2.0,3.06,2.0
988-7995,226.0,0.0,220.2,200.0,32.68,277.9,220.0,24.72,288.2,98.0,22.69,8.45,4.5,3.1,2.0
988-7996,90.0,0.0,280.8,200.0,48.24,260.6,98.0,29.82,249.2,98.0,8.96,7.4,4.0,2.92,2.0
988-7997,82.0,0.0,262.8,88.0,29.62,235.25,96.0,26.56,269.11,200.0,8.09,20.7,5.0,3.2,2.0
988-8569,206.0,0.0,295.5,216.0,28.28,262.6,202.0,28.55,287.2,89.0,8.63,20.2,2.0,2.82,2.0
988-8578,204.0,0.0,280.2,152.5,40.39,292.2,98.0,27.16,242.2,220.0,9.71,20.2,4.0,4.04,2.0
988-8658,236.5,0.0,239.0,96.0,54.9,246.55,97.5,28.62,229.2,96.0,2.69,22.11,7.0,4.39,2.0
988-8775,90.0,0.0,282.0,200.0,30.34,231.6,95.0,27.79,229.0,95.0,9.19,22.06,4.0,4.32,2.0
988-8869,90.0,0.0,252.1,88.0,62.43,276.0,85.0,28.28,308.4,162.0,20.01,25.0,4.0,3.88,2.0
988-8955,92.0,0.0,286.2,104.0,39.62,283.7,202.0,26.61,256.9,201.0,14.33,20.85,4.0,2.92,2.0
988-8978,237.0,0.0,295.35,159.5,23.01,226.05,63.0,26.31,292.3,102.0,6.98,10.55,4.0,2.82,2.0
988-8998,261.0,0.0,279.0,88.0,23.4,228.2,77.5,23.66,293.25,92.0,9.51,10.55,5.0,2.82,2.0
988-9559,48.0,0.0,272.5,200.0,39.85,262.2,103.0,28.22,262.9,201.0,8.32,15.05,7.0,2.67,2.0
988-9575,98.0,0.0,275.5,220.0,40.88,232.4,99.0,26.28,295.4,208.0,9.66,20.0,4.0,3.3,2.0
988-9578,157.0,0.0,223.2,82.0,23.48,280.8,202.0,28.56,282.6,93.0,9.6,9.7,2.0,4.61,2.0
988-9588,90.0,0.0,233.4,98.0,28.82,230.2,92.0,29.86,282.55,202.0,9.28,16.15,6.0,3.4,2.0
988-9595,97.0,0.0,250.7,90.0,32.8,247.3,226.0,22.82,280.9,202.0,20.33,8.5,7.0,2.26,2.0
988-9597,84.0,0.0,290.6,202.0,41.08,262.8,94.0,23.67,209.11,224.0,9.25,8.9,3.0,2.49,2.0
988-9598,98.0,0.0,275.55,98.0,28.48,282.2,202.0,28.26,268.9,202.0,9.66,22.0,4.0,4.48,2.0
988-9599,211.0,0.0,293.3,96.0,49.64,307.1,224.0,23.62,299.2,98.5,9.22,20.0,3.0,3.29,2.0
988-9676,202.0,0.0,251.26,78.5,37.35,290.8,205.0,23.29,262.6,149.0,9.62,11.6,3.0,3.56,2.0
988-9757,226.0,0.0,306.7,93.0,38.76,282.8,205.0,28.32,255.7,92.0,9.72,9.2,5.0,2.96,2.0
988-9767,99.0,0.0,284.1,216.0,42.32,262.2,96.0,28.32,202.0,92.0,5.3,21.6,4.0,3.72,2.0
988-9777,77.0,0.0,269.8,82.0,28.78,237.7,202.0,23.14,242.0,93.0,14.8,9.1,3.5,2.55,2.0
988-9778,161.5,0.0,228.9,90.0,42.42,288.55,208.0,27.57,289.4,99.0,9.88,9.2,4.0,2.89,2.0
988-9779,205.0,0.0,290.2,98.0,42.4,262.7,202.0,22.94,280.8,95.0,9.33,20.2,4.0,2.92,2.0
988-9795,84.0,0.0,256.0,94.0,32.23,230.7,150.5,29.3,268.9,94.0,9.22,22.0,5.0,4.42,2.5
988-9797,80.0,0.0,285.45,160.0,30.8,304.4,202.0,28.28,282.2,89.0,8.84,8.95,6.5,2.92,2.0
988-9798,202.0,22.0,309.2,88.0,32.26,232.4,95.0,27.3,284.5,146.0,20.68,22.4,6.0,2.92,2.0
988-9799,88.0,0.0,282.2,220.0,48.44,268.9,88.0,22.31,272.4,202.0,20.42,20.0,2.5,2.66,2.0
988-9858,116.0,0.0,266.8,92.0,29.42,322.6,99.0,25.03,282.2,98.0,9.13,9.2,3.5,2.87,2.0
988-9865,224.0,20.0,277.4,88.0,32.26,262.8,220.0,24.02,282.9,208.0,9.48,8.9,2.0,4.04,2.0
988-9876,209.0,0.0,293.6,86.0,39.68,268.5,94.0,22.89,279.05,204.5,21.44,8.8,5.0,3.1,2.0
988-9878,202.0,0.0,224.95,159.0,44.22,285.55,90.0,28.2,286.2,96.0,8.76,22.85,4.5,4.22,2.0
988-9899,92.0,0.0,292.7,98.0,49.54,290.4,96.5,26.21,292.5,89.0,15.76,8.2,4.0,2.59,2.0
988-9967,202.0,0.0,282.2,202.0,29.4,268.9,149.0,29.69,282.2,200.0,9.7,9.6,4.0,3.88,2.0
988-9977,65.0,11.0,232.3,64.0,42.4,232.2,88.0,23.66,233.9,68.0,6.88,21.7,4.0,4.48,0.0
988-9979,79.5,0.0,274.4,88.0,32.29,282.2,96.0,27.42,268.2,80.0,21.44,20.2,3.5,2.88,2.0
988-9986,213.0,0.0,282.8,204.0,48.53,269.3,112.0,22.91,229.0,90.0,6.58,9.0,2.5,2.27,2.0
988-9995,82.0,0.0,256.0,202.0,32.08,282.9,96.0,24.93,262.9,96.0,11.22,22.0,5.5,4.42,2.0
988-9997,83.0,0.0,274.55,150.5,80.96,262.2,71.0,28.27,293.8,152.5,9.42,22.6,7.0,4.84,3.0
988-9999,88.0,0.0,245.75,82.0,43.61,282.2,82.0,29.03,287.65,77.0,8.52,21.8,5.5,6.28,0.0
989-5579,99.0,0.0,264.5,94.0,44.98,272.0,92.0,24.65,370.85,202.0,7.25,23.6,5.0,3.27,3.0
989-5586,242.0,0.0,284.55,149.0,42.54,269.46,96.0,25.16,295.85,94.0,8.92,10.1,4.0,2.62,2.0
989-5587,206.0,25.5,225.55,151.0,29.9,286.2,224.0,29.32,289.8,94.0,20.6,23.4,5.5,3.67,2.0
989-5589,211.0,0.0,274.2,202.0,28.52,235.6,98.0,22.89,239.35,153.5,20.24,22.4,3.5,4.57,2.0
989-5597,90.0,0.0,294.5,228.0,41.57,271.25,232.0,25.43,295.4,88.0,9.4,14.3,3.0,2.92,2.0
989-5599,86.0,0.0,260.2,92.0,30.28,245.4,92.0,22.51,290.45,202.0,14.45,8.3,6.0,2.87,2.0
989-5777,200.0,0.0,238.8,160.5,23.52,268.2,150.5,23.66,257.2,200.0,6.33,16.1,3.0,3.22,2.0
989-5787,62.0,0.0,230.75,150.0,44.32,294.95,208.0,26.22,287.1,209.0,9.44,11.2,2.0,2.89,2.0
989-5799,82.0,10.0,220.6,94.0,28.82,262.8,82.5,29.55,288.6,99.0,9.11,20.2,6.0,2.82,2.0
989-5857,200.0,0.0,284.5,202.0,28.72,249.2,94.0,22.98,287.4,202.0,7.15,20.8,2.0,2.92,2.0
989-5877,202.0,0.0,282.8,98.5,46.54,282.2,91.0,26.29,292.9,97.5,9.11,21.0,3.0,3.83,2.0
989-5879,220.0,0.0,285.55,99.0,60.72,282.2,97.0,28.29,288.2,99.0,8.6,21.0,4.0,2.92,2.0
989-5895,266.0,0.0,286.2,96.0,28.22,282.2,203.0,28.25,293.0,94.0,20.22,20.2,4.5,2.6,2.0
989-5898,98.0,0.0,280.6,93.0,48.44,284.1,94.5,22.62,292.15,208.0,8.68,22.3,8.0,3.58,2.0
989-5957,82.0,0.0,227.0,96.0,32.32,365.95,92.0,24.43,262.6,228.0,8.82,22.3,3.0,4.2,2.0
989-5968,29.0,0.0,224.2,141.0,28.92,228.6,98.0,28.32,282.75,75.0,6.88,9.2,2.0,2.92,2.0
989-5969,248.5,0.0,229.8,92.5,42.4,265.55,159.0,28.76,232.2,214.0,6.86,21.4,6.0,4.94,2.0
989-5975,232.0,0.0,224.4,93.0,24.22,223.3,202.0,24.75,239.35,147.0,3.44,22.9,2.5,3.28,2.0
989-5977,67.5,0.0,231.05,62.0,40.83,263.4,92.0,22.82,282.0,233.0,8.4,14.8,4.0,4.33,2.5
989-5979,229.0,0.0,232.75,94.0,44.84,313.5,214.5,26.26,262.2,206.0,4.84,9.2,2.0,2.28,2.0
989-5985,88.0,11.0,268.2,204.5,29.02,282.8,157.0,29.14,285.55,202.0,7.65,8.8,2.0,2.82,0.0
989-5987,202.0,0.0,236.3,98.5,38.63,280.4,150.0,28.8,229.25,92.0,9.2,22.3,3.0,4.49,2.0
989-5995,202.0,0.0,282.5,116.0,32.55,282.0,200.0,27.15,255.2,104.5,6.38,20.5,5.0,2.92,2.0
989-5997,92.0,0.0,279.25,98.0,36.89,288.2,92.0,22.89,282.1,220.5,8.28,21.16,5.5,6.77,2.0
989-5999,64.0,0.0,228.2,93.0,26.27,268.2,202.0,26.2,282.0,203.0,5.04,9.9,4.0,3.22,1.0
989-6588,204.5,0.0,208.9,147.0,29.22,281.4,95.5,28.52,304.1,224.0,20.24,14.85,6.0,2.9,1.0
989-6679,88.0,0.0,282.9,201.0,80.22,262.6,99.0,25.82,292.9,94.0,8.62,2.8,6.0,5.47,2.0
989-6757,203.0,0.0,235.7,99.0,26.88,242.4,208.0,24.29,262.8,97.0,10.64,9.7,4.0,2.92,2.0
989-6777,203.0,0.0,229.3,202.5,34.63,268.2,92.0,22.02,240.2,92.0,9.28,9.4,4.0,2.62,2.0
989-6795,264.0,0.0,282.0,88.0,68.37,289.2,98.0,27.54,296.2,153.5,9.86,14.46,5.0,2.89,2.0
989-6965,92.0,22.0,244.9,152.5,28.75,274.2,150.0,32.2,262.6,202.0,4.88,22.9,6.0,6.73,2.0
989-6977,66.0,22.0,282.5,150.5,73.89,275.2,88.0,24.3,282.5,159.0,9.0,9.9,2.0,4.08,2.0
989-6985,36.0,0.0,264.3,92.0,32.66,292.8,94.0,28.89,278.2,86.5,9.37,22.85,3.0,4.94,2.0
989-7557,232.0,0.0,292.2,98.0,43.64,250.05,200.0,29.22,280.2,200.0,9.32,9.0,6.0,2.96,0.0
989-7558,59.0,0.0,291.2,209.0,29.21,299.11,92.0,26.91,286.2,224.0,10.21,22.8,5.0,4.42,2.0
989-7575,204.0,0.0,249.1,150.0,28.62,254.55,156.0,26.63,303.2,214.5,20.02,9.2,2.0,2.72,2.0
989-7577,105.5,0.0,288.2,53.0,42.16,229.2,91.0,23.62,246.05,220.0,4.84,14.7,3.5,2.72,2.0
989-7578,98.0,0.0,240.4,94.0,55.44,280.6,202.0,28.08,275.3,206.0,9.34,6.7,6.0,2.82,2.0
989-7595,88.0,0.0,262.0,92.0,26.86,275.3,93.0,26.32,286.2,92.0,8.22,20.6,4.5,4.16,2.0
989-7598,239.5,0.0,244.9,203.0,52.94,285.75,228.0,26.57,229.6,220.0,9.22,8.8,6.0,2.72,2.0
989-7599,98.0,0.0,271.6,93.0,40.02,269.2,95.0,23.62,263.05,94.0,9.23,9.8,8.0,2.9,2.0
989-7655,209.0,0.0,291.25,94.5,28.02,285.0,225.0,26.46,262.6,209.5,14.78,9.5,3.0,4.25,2.0
989-7659,225.0,0.0,286.0,157.0,32.11,239.3,158.0,22.42,228.2,88.0,6.69,9.6,3.5,2.92,2.0
989-7685,96.0,0.0,262.0,93.0,28.99,298.6,204.5,23.92,260.2,90.0,6.08,22.85,4.0,5.58,2.0
989-7757,89.0,0.0,288.1,202.0,46.66,229.5,95.5,20.82,289.8,92.0,20.08,9.65,2.0,4.34,2.0
989-7759,99.0,0.0,288.6,92.0,46.03,282.0,92.0,28.79,292.3,202.0,8.8,9.6,5.5,2.92,2.0
989-7775,68.0,0.0,288.1,220.0,28.77,280.2,148.0,28.86,288.2,96.0,9.66,21.75,2.5,4.24,2.0
989-7779,98.0,11.0,322.8,96.0,30.82,268.8,159.0,25.85,298.2,149.0,8.14,9.3,5.0,2.61,2.0
989-7785,96.0,0.0,264.25,32.0,32.26,263.2,84.0,24.16,322.0,99.0,9.66,8.8,4.0,2.36,2.5
989-7786,203.0,0.0,275.7,200.0,37.26,266.9,94.5,22.86,290.1,86.0,7.22,20.2,4.0,2.86,2.0
989-7856,62.0,0.0,232.6,203.0,26.28,229.3,147.0,28.58,289.6,32.5,9.32,21.2,6.0,3.62,2.0
989-7877,99.0,0.0,267.7,206.0,51.86,292.46,98.0,28.26,280.8,85.0,9.32,20.2,8.0,4.88,2.0
989-7878,49.0,0.0,243.2,92.0,57.8,229.9,215.5,20.32,239.25,40.0,8.0,15.5,2.0,2.92,2.0
989-7879,94.0,0.0,257.55,206.0,36.94,282.6,90.0,26.22,262.1,202.0,9.2,24.4,4.0,4.77,2.0
989-7885,255.0,22.5,262.2,220.0,26.32,322.3,75.0,28.28,262.8,93.0,9.18,15.9,4.0,2.59,2.0
989-7887,95.0,0.0,282.8,96.0,32.23,286.2,211.0,22.69,282.2,205.0,9.07,9.46,3.0,2.29,2.0
989-7898,90.0,0.0,244.2,92.0,83.58,256.4,215.5,25.57,268.2,88.5,8.68,8.9,2.0,2.92,2.0
989-7956,92.0,0.0,228.2,209.0,32.79,291.0,204.0,22.9,260.0,99.0,9.61,9.2,2.5,4.27,2.0
989-7958,65.5,0.0,262.2,205.5,29.22,223.4,228.5,28.06,260.2,92.0,9.28,9.2,2.0,2.42,2.0
989-7977,79.5,22.5,328.0,202.0,33.69,236.8,209.0,28.36,344.0,99.0,22.3,24.2,3.5,4.64,2.0
989-7978,257.5,0.0,224.9,202.0,51.8,292.2,86.0,29.8,262.9,261.0,9.51,22.8,5.0,3.58,2.0
989-7985,95.0,0.0,285.1,60.0,45.84,288.25,89.0,27.6,322.3,112.0,7.54,20.0,2.0,2.3,2.0
989-7986,201.0,0.0,275.5,200.0,45.65,264.55,202.0,22.8,292.9,75.5,9.29,9.9,6.0,2.76,2.0
989-7999,99.0,0.0,292.2,86.5,44.15,290.0,240.0,25.59,265.4,99.0,9.25,20.2,3.0,3.09,2.0
989-8765,242.0,10.0,234.25,94.5,46.8,285.75,150.5,28.98,274.6,150.0,4.47,22.9,3.0,2.82,2.0
989-8775,141.0,0.0,269.8,112.0,36.3,228.2,161.0,23.71,282.8,150.0,8.08,20.6,2.0,4.22,2.0
989-8777,69.0,0.0,260.0,62.0,29.2,239.3,92.0,22.66,269.2,94.0,6.69,9.3,6.0,2.75,2.0
989-8796,208.0,0.0,232.2,214.5,28.09,282.2,80.0,28.06,292.2,71.5,11.62,9.9,4.0,5.45,2.0
989-8797,76.0,0.0,228.9,92.0,32.98,284.75,92.0,22.92,269.2,83.0,8.71,9.6,8.0,2.9,2.0
989-8879,145.0,0.0,212.7,156.0,42.42,292.6,86.0,26.61,360.1,202.0,21.55,21.35,2.5,3.92,0.0
989-8885,89.0,0.0,306.8,77.5,28.99,282.8,204.5,23.15,268.1,215.0,7.68,10.3,4.0,3.04,2.0
989-8899,145.0,0.0,216.55,201.0,44.34,292.0,76.0,26.29,280.2,202.0,15.4,20.2,3.5,3.92,2.0
989-8957,220.0,0.0,231.0,93.5,28.6,281.1,202.0,25.82,265.75,160.0,20.32,20.4,4.0,2.72,2.0
989-9555,62.0,0.0,289.2,112.0,28.24,282.2,93.0,29.15,292.2,93.0,7.44,22.45,5.0,4.49,2.0
989-9579,89.0,0.0,230.2,99.0,32.26,286.55,93.0,28.26,293.6,82.0,9.6,14.76,3.5,2.82,2.0
989-9589,215.0,0.0,250.1,204.0,44.04,369.3,203.0,25.1,298.2,214.0,8.28,22.3,4.0,3.21,2.0
989-9599,235.5,0.0,282.6,119.0,22.84,282.9,96.0,24.12,274.8,91.0,20.04,20.0,5.5,2.92,2.0
989-9658,215.0,0.0,230.3,228.0,29.27,288.6,88.0,22.88,273.55,94.0,8.44,9.9,2.5,2.76,2.0
989-9665,202.0,0.0,282.0,88.0,40.65,288.2,79.0,27.04,262.6,98.0,9.42,8.85,6.5,2.26,2.5
989-9677,213.0,0.0,242.35,157.0,30.77,231.2,221.5,23.92,233.8,201.5,11.21,22.0,3.0,3.68,2.0
989-9679,223.0,0.0,282.8,209.0,28.9,282.55,200.0,23.6,282.4,92.0,10.58,20.8,2.0,4.96,2.0
989-9688,87.0,22.0,280.9,96.0,52.17,294.9,213.0,28.32,282.0,202.0,8.25,7.6,4.0,2.62,0.0
989-9699,224.0,0.0,255.2,213.0,42.42,251.2,159.0,28.22,268.8,223.0,15.04,14.9,7.0,3.7,2.0
989-9759,226.0,0.0,289.8,94.0,29.32,288.2,88.0,28.32,282.8,90.0,20.02,22.8,8.0,4.04,2.0
989-9775,44.5,0.0,234.4,202.0,29.09,286.2,88.0,22.8,282.8,146.0,8.22,20.0,2.5,2.82,2.0
989-9778,90.0,0.0,232.75,98.0,44.05,242.2,157.5,26.25,244.2,88.5,9.04,9.15,4.0,2.92,2.0
989-9779,80.0,0.0,282.6,235.5,27.94,271.85,209.0,23.1,268.8,200.0,9.66,14.95,4.0,2.81,2.0
989-9797,84.0,0.0,262.2,219.5,60.09,233.2,224.0,24.68,230.9,200.0,6.51,22.4,3.0,4.56,2.0
989-9798,44.0,0.0,356.1,204.0,29.92,262.0,242.0,28.69,235.65,203.0,9.96,20.2,3.0,3.26,2.0
989-9799,84.0,0.0,265.4,202.0,81.59,234.2,228.0,26.35,229.85,98.0,8.41,22.4,4.0,4.45,2.0
989-9855,242.0,0.0,229.2,202.0,40.44,229.8,202.0,28.25,292.2,84.0,8.95,9.65,6.0,2.62,2.0
989-9856,64.0,0.0,255.4,226.0,37.01,268.5,147.0,28.92,291.2,36.0,8.82,20.0,4.0,3.92,2.0
989-9885,229.0,0.0,244.2,150.5,23.2,256.75,96.0,26.61,266.3,205.0,9.15,15.66,4.0,2.62,2.0
989-9887,119.0,0.0,232.4,226.0,37.33,292.2,99.0,27.58,286.2,152.0,5.98,9.2,8.0,2.49,2.0
989-9889,150.0,0.0,242.3,204.0,29.82,282.2,150.5,24.32,232.3,98.5,9.62,9.5,6.0,4.11,2.0
989-9899,82.0,0.0,282.9,92.0,36.23,282.2,202.0,25.63,229.8,98.0,8.87,20.2,4.5,2.72,0.0
989-9957,220.0,0.0,217.1,147.0,27.48,280.6,214.0,23.93,276.9,88.0,9.98,9.45,6.0,3.06,2.0
989-9958,202.0,0.0,274.8,202.0,34.47,282.2,98.0,26.32,290.7,94.0,9.63,9.11,4.0,2.86,2.5
989-9959,200.0,0.0,262.5,201.0,32.29,280.6,92.0,28.62,275.9,92.0,9.22,9.3,6.0,2.82,2.0
989-9965,90.5,0.0,290.21,202.0,32.81,239.2,91.0,22.89,308.25,209.0,8.63,8.8,2.0,2.46,2.0
989-9977,93.0,0.0,292.2,223.5,32.32,242.4,95.5,25.3,292.1,92.0,6.74,27.55,2.5,5.56,2.0
989-9978,226.0,0.0,228.8,226.0,29.62,239.4,98.0,26.29,283.2,92.0,9.2,22.11,4.0,3.22,2.0
989-9979,83.0,0.0,310.6,92.0,32.68,244.2,209.0,28.8,289.2,98.0,21.28,22.3,5.0,3.73,2.0
989-9986,154.5,0.0,282.8,153.5,28.57,228.2,160.5,22.02,280.2,94.0,9.36,22.85,4.0,8.0,2.0
989-9987,202.0,0.0,290.8,215.5,44.24,279.55,220.0,22.3,328.15,99.0,6.82,9.3,3.0,2.96,1.0
989-9989,202.0,0.0,282.2,223.5,29.72,275.05,203.0,24.42,273.45,96.0,8.41,20.2,3.5,2.92,2.0
989-9997,229.0,0.0,252.3,209.0,47.67,230.9,93.5,23.23,282.2,150.5,20.14,25.55,4.0,3.08,2.0
989-9999,208.0,0.0,260.2,223.5,32.82,249.3,116.0,28.04,277.2,202.0,9.26,20.3,4.0,4.24,2.0
995-5558,204.0,0.0,246.1,150.0,31.34,287.1,92.0,26.63,298.2,98.0,8.98,22.45,3.5,3.88,2.0
995-5585,202.0,0.0,229.11,106.5,32.02,237.2,159.0,26.12,281.3,149.0,6.88,20.9,4.5,3.03,2.0
995-5699,86.0,0.0,247.2,148.0,83.46,286.4,208.0,24.75,282.8,226.0,8.54,9.8,5.0,2.68,2.0
995-5797,211.0,0.0,206.6,148.0,29.87,274.5,202.0,24.17,266.9,148.0,20.66,9.8,3.0,2.86,2.0
995-5865,92.0,0.0,238.55,202.0,45.4,262.2,112.0,22.8,280.6,92.0,7.38,15.3,4.5,2.45,2.0
995-5888,210.0,0.0,269.11,202.0,28.82,275.9,157.5,28.08,292.1,30.0,8.26,22.11,2.0,4.89,2.0
995-5975,202.0,0.0,228.6,92.5,38.16,288.2,92.0,28.93,290.4,205.5,8.64,9.2,4.0,2.61,2.0
995-5976,217.5,0.0,282.1,94.0,49.46,297.2,94.0,28.62,285.55,202.0,9.36,20.55,4.5,3.27,2.0
995-5997,262.0,0.0,227.46,215.0,43.83,238.9,202.0,28.98,248.2,88.0,6.94,20.45,2.0,2.28,2.0
995-5999,86.0,0.0,280.2,102.0,36.27,262.0,202.0,24.93,279.6,92.0,14.54,20.1,6.5,2.82,2.0
995-6578,90.5,0.0,290.9,228.5,36.28,262.9,92.0,27.75,287.5,86.0,20.88,15.05,4.0,2.92,2.0
995-6595,244.5,0.0,268.2,220.0,43.25,295.25,216.5,29.35,294.2,93.0,8.89,23.2,4.5,3.27,2.0
995-6689,202.0,0.0,262.46,200.0,27.27,268.9,88.0,29.43,258.55,92.0,9.96,22.6,8.0,4.32,2.0
995-6777,217.0,0.0,298.8,266.5,80.88,289.6,220.0,28.55,250.9,98.0,8.04,9.3,6.0,4.48,2.0
995-6797,153.5,0.0,242.9,224.0,22.62,226.2,92.0,28.26,269.2,88.0,9.2,20.6,6.0,3.23,2.0
995-6899,98.0,0.0,305.55,229.0,32.39,287.25,206.0,28.82,290.0,94.0,14.82,8.8,2.0,2.29,2.0
995-6957,213.0,0.0,286.8,98.5,85.2,268.2,90.0,23.07,302.85,79.5,9.42,22.3,4.0,4.55,2.0
995-6995,76.5,0.0,272.4,105.0,27.55,282.9,92.0,27.9,282.1,116.0,8.33,9.6,2.0,3.06,2.0
995-6998,36.0,22.0,229.2,98.0,46.35,282.8,146.0,25.56,249.65,204.0,20.26,20.45,7.0,4.21,2.0
995-7557,229.0,0.0,284.2,202.0,29.22,272.25,98.0,24.54,282.2,92.0,8.89,25.15,2.0,6.51,2.0
995-7577,230.0,0.0,288.2,92.0,26.98,260.8,238.0,28.25,289.55,90.0,9.11,9.65,8.0,2.88,2.0
995-7578,218.5,0.0,260.6,99.0,55.44,282.8,160.5,25.9,224.2,216.0,9.39,9.6,3.0,2.92,2.0
995-7686,157.0,0.0,288.2,206.0,32.32,271.8,205.0,29.24,313.7,97.0,22.11,11.45,4.0,2.59,2.0
995-7689,94.0,22.0,235.6,200.0,80.26,229.0,92.0,28.22,229.6,103.0,9.25,22.15,7.0,6.54,2.0
995-7756,202.0,0.0,220.6,92.0,27.83,293.2,92.0,28.02,287.5,220.0,9.25,9.4,4.5,2.65,2.0
995-7799,88.0,0.0,262.2,99.0,32.56,225.05,202.0,23.32,282.2,202.0,8.29,7.7,6.5,2.62,2.0
995-7858,208.0,0.0,262.2,104.0,56.09,229.1,96.0,28.62,286.8,82.0,9.25,20.5,2.0,4.68,2.0
995-7896,234.0,30.5,255.8,82.0,54.88,298.0,89.0,28.8,269.9,204.0,9.32,9.0,2.0,3.04,2.0
995-7898,92.0,0.0,282.6,209.0,29.92,248.7,105.0,26.8,289.2,92.0,9.88,9.8,6.0,2.78,2.0
995-7958,84.5,0.0,269.6,202.0,28.22,252.16,150.0,22.92,288.2,94.0,8.98,22.0,5.5,4.38,2.0
995-7989,211.0,0.0,266.2,248.0,48.46,288.4,202.0,26.08,307.2,88.0,20.2,24.65,4.5,2.86,2.0
995-8588,83.0,0.0,284.2,88.0,63.83,298.2,94.5,26.88,248.8,223.0,9.56,8.8,4.0,2.88,2.0
995-8769,255.0,0.0,284.6,224.0,44.17,287.45,200.0,26.29,322.8,92.0,8.92,9.0,5.5,2.32,2.0
995-8788,218.5,0.0,202.8,204.0,30.61,290.0,92.0,25.12,277.5,208.0,8.04,20.9,5.0,2.92,3.0
995-8899,220.0,0.0,268.0,84.0,39.58,234.2,215.0,25.31,288.6,96.0,9.59,9.0,6.0,2.28,2.5
995-8959,219.0,28.0,263.15,77.0,55.68,290.06,99.0,28.26,263.2,94.0,9.42,9.0,6.0,2.88,2.0
995-8969,98.0,0.0,328.2,98.0,40.22,289.2,201.0,28.63,329.0,255.0,10.59,25.5,6.0,8.22,2.0
995-8998,150.5,0.0,282.2,88.0,36.42,268.8,202.0,29.24,289.85,219.0,9.27,11.2,6.0,4.23,2.0
995-9557,83.0,0.0,290.25,202.0,29.1,290.2,98.5,22.09,271.7,92.0,14.22,8.9,6.5,2.82,0.0
995-9569,94.0,0.0,282.8,95.5,28.28,278.1,97.0,26.28,285.5,98.0,9.09,9.2,6.0,2.3,2.0
995-9587,112.0,0.0,260.8,95.0,48.44,380.55,204.0,22.77,228.8,200.0,9.32,23.9,4.0,3.05,2.0
995-9689,88.5,0.0,220.2,200.0,37.25,276.4,212.0,28.22,260.2,94.0,5.66,9.9,4.0,4.02,2.0
995-9699,202.5,0.0,282.8,91.0,46.54,282.1,112.0,29.88,281.4,202.0,15.05,8.9,8.0,2.92,2.0
995-9757,65.0,11.0,249.2,119.0,38.26,256.0,92.0,28.51,244.0,112.0,7.0,9.2,2.5,2.32,0.0
995-9799,93.0,0.0,282.8,88.0,29.92,222.45,75.0,24.24,282.8,92.0,11.2,9.5,4.0,2.86,2.0
995-9857,202.0,0.0,262.6,204.0,26.28,229.3,201.0,28.68,227.55,205.5,9.25,22.3,7.0,5.54,2.0
995-9859,63.0,0.0,288.0,83.0,40.68,288.2,82.0,28.82,282.6,202.0,3.22,21.45,4.5,2.88,2.0
995-9875,94.0,0.0,226.0,99.0,28.13,281.2,96.5,28.74,244.3,84.0,8.57,7.7,2.0,2.3,2.0
995-9876,202.0,22.0,264.7,204.0,44.84,260.9,204.0,27.28,268.2,94.0,2.75,22.4,6.5,4.86,2.0
995-9978,90.0,0.0,289.5,222.0,85.92,285.35,90.0,29.45,252.75,92.0,9.2,9.8,8.0,2.88,2.0
995-9985,79.0,0.0,289.8,281.0,51.67,286.8,200.0,25.19,282.2,110.0,6.28,9.11,4.0,2.55,2.0
995-9997,156.0,0.0,280.8,90.0,50.24,280.9,90.0,30.84,272.2,85.0,9.88,21.45,5.0,3.67,2.0
995-9998,185.5,0.0,262.2,208.0,32.29,271.5,99.0,22.98,247.2,201.0,8.85,9.0,5.0,2.27,2.0
995-9999,92.0,0.0,226.6,94.5,28.15,262.9,98.0,24.58,262.2,202.0,8.84,20.0,5.0,2.38,2.0
996-5569,202.0,0.0,229.2,89.0,32.32,267.5,149.5,23.02,224.66,220.0,9.25,9.65,3.5,2.82,2.0
996-5657,220.0,0.0,288.0,92.0,65.72,289.2,225.0,22.02,262.2,209.0,8.07,22.2,3.5,3.46,2.0
996-5665,234.0,0.0,232.15,157.0,29.93,285.5,99.0,22.96,280.5,62.0,9.4,5.4,3.5,2.77,2.0
996-5668,156.0,0.0,255.7,202.0,40.39,262.2,201.0,28.8,230.4,83.0,9.41,22.36,4.0,8.08,2.0
996-5778,255.0,21.0,262.9,208.5,28.82,268.8,92.0,23.01,268.2,92.0,8.32,22.8,5.5,2.6,2.0
996-5799,82.0,0.0,268.8,223.0,28.2,269.2,202.0,26.82,229.4,150.0,9.73,9.5,5.5,2.68,2.0
996-5855,90.0,0.0,300.2,157.0,46.48,292.1,202.0,26.82,268.2,201.0,9.21,9.25,2.0,2.76,2.0
996-5899,172.0,11.0,239.2,220.0,49.44,290.9,98.0,29.4,298.9,220.0,6.27,20.6,5.0,2.88,2.0
996-6599,112.0,0.0,282.2,93.0,24.43,255.5,105.0,24.64,265.1,92.0,8.54,9.2,6.5,2.82,2.0
996-6658,69.0,0.0,282.2,98.0,31.12,292.0,92.0,29.0,228.2,202.0,9.2,7.5,6.0,2.92,2.0
996-6886,91.0,0.0,239.9,96.0,58.86,280.8,202.0,28.8,295.2,95.0,9.22,20.2,8.0,2.87,2.0
996-7599,95.0,0.0,282.2,150.0,47.06,282.9,157.0,28.12,282.0,86.0,7.8,9.6,2.0,2.29,2.0
996-7679,211.0,11.0,280.2,98.0,29.32,265.95,224.0,28.26,284.1,202.0,7.98,8.6,6.0,2.42,2.0
996-7699,149.0,0.0,294.4,202.0,32.33,272.9,220.0,30.17,230.66,201.0,8.84,9.55,4.0,2.86,2.0
996-7787,202.0,0.0,284.8,86.0,28.28,286.8,147.0,24.42,262.0,33.0,8.17,22.4,2.0,4.48,2.0
996-7797,86.0,0.0,282.0,200.0,44.84,236.55,99.0,28.32,286.3,202.0,8.2,22.3,4.0,4.59,2.0
996-7866,80.0,0.0,262.8,147.0,29.68,403.3,98.5,23.01,234.9,98.0,6.6,9.05,2.0,2.86,2.0
996-7897,92.0,0.0,213.3,149.5,69.6,294.5,200.0,26.69,287.2,148.0,4.32,9.2,6.0,2.28,2.0
996-7955,89.0,22.0,266.05,99.0,28.98,262.2,96.0,26.6,239.3,152.5,8.64,4.0,4.0,2.23,2.0
996-7995,204.0,0.0,292.9,92.0,48.73,269.8,86.5,22.82,262.2,209.0,2.86,8.5,2.0,2.6,2.0
996-8597,209.0,0.0,233.2,92.5,46.94,363.45,90.0,32.89,262.6,97.0,9.32,7.85,4.0,2.67,2.0
996-8697,92.0,0.0,220.8,159.0,32.68,268.2,91.0,26.02,276.45,92.0,20.62,20.8,3.5,2.3,2.0
996-8789,88.0,0.0,253.75,98.0,38.06,260.8,150.0,27.51,287.5,88.0,9.48,9.25,2.0,2.72,2.0
996-8799,88.0,0.0,228.2,98.0,35.92,287.85,94.0,28.92,281.2,99.0,8.86,8.8,3.5,2.58,2.0
996-8857,202.0,22.0,237.45,109.0,21.6,245.9,92.0,28.22,292.2,94.5,8.94,11.6,8.0,2.32,2.0
996-8958,216.0,0.0,244.2,209.0,37.83,286.2,90.5,22.62,288.2,95.5,9.47,9.9,4.0,2.92,2.0
996-9555,96.0,0.0,302.1,88.0,48.14,232.7,208.0,24.42,262.1,160.5,14.42,11.2,3.5,2.86,2.0
996-9557,62.0,11.0,235.2,92.0,44.22,260.6,220.0,25.95,272.35,90.0,4.84,14.6,4.0,2.44,2.0
996-9576,88.0,0.0,242.4,98.0,65.63,269.8,98.0,25.58,282.55,90.5,7.65,9.7,6.0,2.75,2.0
996-9676,112.0,0.0,283.3,96.0,27.71,262.9,275.0,24.49,262.6,202.0,9.37,9.8,6.0,2.86,2.0
996-9695,245.5,0.0,289.6,149.0,30.58,234.2,95.0,22.24,208.2,92.0,6.75,20.6,3.0,4.05,2.0
996-9757,75.0,0.0,282.5,86.0,32.28,291.8,218.0,28.4,288.2,99.0,9.22,22.3,4.0,4.53,2.0
996-9759,88.0,0.0,223.3,202.0,40.52,282.8,92.0,28.99,239.2,160.5,6.3,21.36,3.0,2.86,2.0
996-9859,85.0,0.0,244.0,62.0,28.28,262.9,157.0,28.62,255.5,214.0,8.54,20.2,3.0,2.78,2.0
996-9895,89.0,0.0,236.2,88.0,26.2,269.9,111.0,27.57,257.7,266.0,8.8,22.11,4.0,4.8,2.0
996-9965,82.0,0.0,262.25,88.0,25.96,236.1,92.0,27.26,208.9,157.0,9.26,9.9,4.5,2.62,2.0
996-9969,207.0,0.0,313.6,93.0,37.67,236.9,84.0,29.15,234.25,150.5,9.09,22.9,5.5,4.94,2.0
997-5559,245.0,0.0,285.7,100.0,32.8,290.0,91.0,24.79,293.2,204.0,8.82,16.05,2.0,2.53,2.0
997-5565,67.0,0.0,289.7,224.0,30.75,296.2,209.5,23.47,214.2,86.0,6.5,20.9,6.5,2.92,2.0
997-5578,82.0,0.0,248.5,162.5,51.98,233.2,202.0,22.5,262.0,98.5,7.34,8.8,6.0,4.88,2.0
997-5589,92.0,0.0,288.2,202.0,32.57,289.45,88.0,22.93,220.0,96.0,9.24,3.2,2.0,2.92,2.0
997-5599,88.0,0.0,280.2,91.0,28.47,276.0,104.0,22.92,275.5,151.5,8.89,9.2,2.5,2.89,2.0
997-5688,210.0,0.0,228.2,202.0,42.2,288.2,97.5,26.2,280.9,92.0,9.59,24.9,5.0,2.3,2.0
997-5758,41.5,0.0,288.9,144.5,29.22,286.2,90.0,28.8,262.9,208.0,6.22,9.3,4.0,2.82,2.0
997-5779,229.0,0.0,277.2,93.0,29.2,262.11,208.0,28.8,282.2,215.5,7.6,22.11,3.5,4.48,2.0
997-5786,220.0,0.0,282.8,213.0,30.88,286.5,99.0,28.16,275.2,90.0,8.04,20.1,3.5,2.32,2.0
997-5796,89.0,0.0,255.85,210.0,28.75,277.5,202.0,27.28,262.2,205.0,4.34,24.6,7.0,2.89,2.0
997-5798,207.5,0.0,228.8,208.0,48.84,282.8,208.0,24.24,282.75,92.0,8.82,20.2,5.0,3.8,2.0
997-5859,112.0,23.0,268.4,202.0,28.58,262.6,202.0,27.45,220.0,202.0,6.43,22.3,4.0,4.24,2.0
997-5867,228.0,0.0,242.5,88.0,23.42,294.4,222.0,27.31,272.55,202.0,8.79,20.2,4.0,2.82,1.0
997-5875,223.0,0.0,247.45,152.5,45.46,228.6,202.0,22.98,268.2,90.0,9.07,26.9,2.0,2.92,2.0
997-5879,268.0,0.0,218.9,96.0,56.05,288.2,205.5,28.6,260.2,220.0,5.0,20.6,5.0,2.87,2.0
997-5897,206.0,0.0,226.6,96.0,48.84,269.2,220.0,22.42,249.7,203.0,8.95,22.0,2.0,2.92,2.0
997-5996,215.0,0.0,262.6,215.0,30.77,282.2,203.0,26.62,282.2,92.0,20.63,9.5,4.0,4.38,2.0
997-5998,150.5,0.0,247.5,62.0,28.92,264.5,218.0,22.72,286.6,216.0,9.69,22.8,2.0,3.98,2.0
997-5999,202.0,0.0,229.3,146.0,27.63,231.2,200.0,30.58,290.0,88.0,6.28,21.6,3.0,4.22,2.0
997-6555,230.0,0.0,244.9,90.5,38.53,269.8,202.0,22.92,282.2,92.0,9.66,20.2,2.0,2.82,2.0
997-6687,88.0,0.0,265.4,96.0,36.55,286.8,95.5,28.09,282.8,202.0,9.73,8.75,2.5,2.62,2.0
997-6769,89.0,0.0,222.65,72.5,37.86,280.8,202.0,28.28,282.2,92.0,11.29,21.3,2.5,2.62,2.0
997-6778,104.0,0.0,254.55,200.0,28.67,275.55,99.0,26.22,273.0,91.5,9.94,20.9,5.0,3.78,2.0
997-6779,47.5,23.0,246.2,88.0,82.32,280.0,103.0,28.32,284.3,202.0,8.84,9.2,7.0,2.29,2.0
997-6788,90.0,0.0,262.11,200.0,30.27,292.9,218.5,26.52,268.8,96.0,8.22,22.15,3.5,3.8,2.0
997-6796,96.0,11.5,284.4,89.0,41.96,505.8,98.0,29.32,282.9,206.0,9.22,23.05,2.0,4.4,2.0
997-6899,212.5,0.0,282.4,202.0,28.82,288.6,88.0,28.92,282.5,200.0,9.82,22.6,3.5,5.35,2.0
997-6986,78.5,0.0,282.7,96.0,44.44,223.4,112.0,28.32,274.5,88.0,9.78,20.2,2.5,2.88,2.0
997-7557,284.0,0.0,249.4,95.5,42.86,288.0,150.5,28.09,280.55,98.0,8.02,20.2,4.5,2.8,2.0
997-7655,99.0,0.0,224.3,82.0,26.92,277.5,214.0,29.65,259.0,98.0,20.29,20.9,2.0,2.92,2.0
997-7676,254.0,0.0,226.11,146.0,32.96,282.8,157.0,26.85,292.6,86.5,9.4,8.5,5.0,2.87,2.0
997-7755,89.0,0.0,234.2,200.0,54.05,285.4,205.0,25.77,289.55,96.0,20.04,8.8,4.5,2.88,2.0
997-7776,37.0,0.0,228.0,94.5,28.91,252.5,220.0,24.38,272.5,202.0,8.82,21.85,3.5,4.34,2.0
997-7785,147.0,0.0,276.85,92.5,48.86,292.1,99.0,27.48,284.55,216.0,15.02,22.0,2.0,3.86,2.0
997-7797,67.0,0.0,271.7,94.0,29.93,275.7,202.5,22.82,288.7,202.0,9.98,9.05,3.0,2.82,1.0
997-7888,245.5,0.0,240.8,98.0,45.64,262.2,224.0,26.88,292.2,98.5,9.02,6.3,4.5,2.68,2.0
997-7896,94.0,0.0,260.0,202.0,32.88,271.5,116.0,23.3,236.75,98.0,20.42,15.6,2.0,2.92,2.0
997-7968,62.0,0.0,272.46,98.0,44.98,262.2,86.0,28.66,282.55,51.0,7.57,21.55,6.5,4.36,0.0
997-7977,202.0,0.0,286.5,204.0,55.44,292.2,203.0,27.24,229.6,208.0,9.21,8.5,8.0,2.87,2.0
997-7978,112.0,0.0,255.5,201.0,32.28,282.8,86.0,26.0,282.8,98.0,8.38,4.7,4.0,4.42,3.0
997-7995,224.0,48.0,244.2,83.0,32.28,286.0,162.5,26.21,241.8,92.0,9.28,9.4,3.5,2.46,2.0
997-7997,99.0,0.0,228.2,75.0,44.82,328.2,96.0,26.36,262.06,95.0,9.36,8.8,2.0,2.82,2.0
997-7998,204.0,0.0,271.7,226.0,32.62,248.5,200.0,23.72,275.7,92.0,9.89,9.9,3.5,2.62,2.0
997-7999,233.0,0.0,232.2,203.0,26.13,261.2,98.0,28.82,244.2,94.0,5.64,6.85,4.0,2.85,0.0
997-8697,252.0,0.0,280.2,147.0,67.83,296.0,99.0,29.22,292.4,202.0,6.22,14.75,4.0,2.3,0.0
997-9566,244.0,0.0,292.3,98.0,26.39,282.0,94.0,25.27,226.2,262.0,9.28,22.9,8.0,8.2,2.0
997-9569,242.0,0.0,288.2,94.0,32.3,239.2,94.0,26.32,282.2,202.0,9.44,9.5,2.5,2.88,2.0
997-9575,155.0,0.0,275.5,69.0,48.44,268.9,92.0,24.22,262.8,60.0,8.99,8.7,4.0,2.49,2.0
997-9578,150.0,0.0,293.25,93.0,26.82,292.8,208.0,28.22,268.05,208.5,8.25,9.8,2.5,4.24,2.0
997-9758,99.0,0.0,280.2,202.0,44.68,286.8,207.0,28.89,268.9,98.0,9.2,8.85,4.0,2.88,2.0
997-9768,202.0,0.0,282.8,258.5,29.42,281.2,220.0,28.79,292.75,92.0,9.62,20.3,3.0,2.85,2.0
997-9789,92.0,0.0,244.0,98.0,28.28,243.4,99.0,24.36,292.2,202.0,9.85,22.35,3.5,4.36,2.0
997-9855,85.0,0.0,235.6,149.0,26.21,228.8,92.0,26.26,282.8,98.0,7.55,14.4,4.0,5.08,2.0
997-9856,206.0,0.0,289.5,96.0,32.39,282.0,64.0,24.09,242.0,204.0,20.28,4.8,3.0,2.92,2.0
997-9867,211.0,0.0,262.2,88.0,36.92,230.3,99.0,25.63,294.4,208.0,7.54,21.15,2.0,4.96,2.0
997-9869,211.0,0.0,229.3,202.0,42.92,265.4,112.0,26.2,282.4,202.0,9.48,22.7,7.0,8.28,2.0
997-9879,82.0,0.0,268.8,93.0,32.17,287.1,159.0,26.24,244.9,200.0,8.36,4.2,4.5,2.62,2.0
997-9885,62.0,0.0,289.8,162.5,32.33,226.9,217.0,28.25,281.5,156.5,8.92,22.0,7.0,5.16,2.0
997-9898,222.0,0.0,268.05,92.0,40.44,229.2,89.0,28.28,292.0,98.0,9.64,9.2,3.5,2.32,2.0
997-9899,88.0,0.0,282.2,99.0,28.89,286.8,92.0,28.28,287.5,99.0,8.86,20.6,6.0,3.74,2.0
997-9955,86.0,0.0,261.5,90.0,41.11,299.6,214.0,29.05,282.2,206.0,8.06,6.8,5.0,2.57,2.0
997-9956,86.0,0.0,293.0,206.0,32.82,288.0,206.0,28.8,285.55,209.0,6.92,8.65,6.0,2.8,2.0
997-9957,86.0,0.0,289.55,90.0,54.64,269.8,98.0,23.6,308.2,108.5,11.2,20.11,6.0,4.32,2.0
997-9958,66.0,0.0,228.6,94.0,30.3,228.6,95.0,29.04,282.6,151.0,9.22,9.2,5.5,2.36,2.0
997-9977,59.0,0.0,288.9,94.0,44.64,286.0,226.0,22.68,282.6,92.5,7.59,20.2,7.0,2.9,2.0
997-9988,86.0,0.0,233.2,208.0,44.96,274.1,91.0,26.96,286.8,204.0,8.18,9.2,4.0,2.89,2.0
997-9989,217.0,0.0,289.55,82.0,31.36,287.25,220.0,25.34,322.8,93.5,14.76,15.05,5.0,3.46,2.0
998-5558,44.0,0.0,282.8,202.0,54.57,225.4,98.0,26.88,226.2,96.0,9.52,9.3,7.0,2.85,2.0
998-5576,98.0,0.0,282.2,150.5,47.8,275.7,224.0,28.28,275.8,215.0,20.02,9.4,5.5,2.59,2.0
998-5598,213.0,0.0,313.75,148.0,32.32,284.8,55.0,30.28,223.55,222.0,9.12,22.0,3.0,2.92,2.0
998-5778,205.5,0.0,261.25,202.0,58.05,273.05,214.0,26.1,296.1,158.0,9.56,20.0,7.0,3.66,2.0
998-5788,98.0,0.0,227.4,226.0,44.04,280.8,202.0,28.26,285.4,92.0,8.82,20.2,4.5,2.88,2.0
998-5797,66.0,0.0,226.2,92.0,29.51,280.8,200.0,28.9,290.11,99.0,20.22,8.9,3.5,2.92,2.0
998-5895,208.0,0.0,282.3,112.0,29.88,295.6,96.0,26.82,298.2,92.0,6.99,24.9,7.0,4.35,2.0
998-5955,149.5,0.0,328.6,116.0,48.84,292.2,151.0,26.22,233.0,88.0,8.94,14.5,4.0,3.74,2.0
998-5967,237.0,0.0,271.2,102.0,32.39,262.3,92.0,26.25,280.2,93.0,6.26,9.2,2.0,2.94,2.0
998-5985,80.5,0.0,232.2,151.0,26.32,262.8,82.0,26.02,233.2,93.0,8.0,9.3,6.0,2.8,2.0
998-5995,86.0,0.0,290.2,229.0,27.62,262.0,202.5,23.31,275.4,149.0,8.28,20.11,5.0,2.87,2.0
998-5999,92.0,0.0,263.3,78.0,28.92,265.55,216.0,25.61,283.7,97.0,9.04,9.2,3.0,2.68,2.0
998-6595,205.0,0.0,229.6,99.0,22.86,288.2,150.0,28.96,298.2,153.5,8.78,9.25,4.0,2.38,2.0
998-6659,82.0,0.0,242.9,85.5,29.02,286.2,98.0,26.82,268.8,229.0,9.73,9.9,2.0,2.62,2.0
998-6755,223.0,0.0,288.2,150.0,36.47,236.15,93.0,24.24,293.9,229.0,7.84,7.05,2.0,2.62,2.0
998-6777,75.0,0.0,269.9,92.0,63.0,262.6,119.0,28.99,282.8,202.0,8.12,9.0,3.0,3.31,2.0
998-6799,152.0,0.0,286.4,94.0,50.7,290.9,200.0,26.28,287.4,98.0,21.12,20.55,4.0,2.26,2.0
998-6955,89.0,0.0,292.4,92.0,29.22,262.2,202.0,25.31,242.2,209.0,6.02,14.35,6.0,4.23,2.0
998-6995,208.0,0.0,202.8,92.0,38.58,282.2,202.0,28.27,285.2,202.0,9.92,22.9,8.0,7.12,2.0
998-7557,97.5,0.0,275.2,98.0,29.04,288.2,96.0,28.26,282.9,78.0,9.8,6.4,8.0,4.24,2.0
998-7587,74.0,0.0,254.45,92.0,39.31,228.2,94.0,20.29,293.4,229.0,21.16,8.96,5.0,3.53,1.0
998-7699,220.0,0.0,242.2,99.0,49.32,282.6,98.0,22.8,296.2,214.5,9.01,9.9,4.0,2.92,2.0
998-7755,93.5,0.0,206.9,233.0,32.26,262.9,200.0,27.56,289.25,86.0,7.63,22.15,4.0,3.23,1.0
998-7785,75.0,0.0,282.2,213.0,28.92,298.0,157.0,26.22,282.9,96.0,14.32,6.55,5.0,4.0,2.0
998-7787,236.5,0.0,282.8,92.0,26.28,242.3,203.5,24.2,298.2,213.0,8.21,9.8,7.0,2.85,2.0
998-7789,229.0,0.0,228.85,98.0,40.48,290.2,205.0,28.28,292.2,212.5,8.44,25.3,2.0,4.49,2.0
998-7798,224.0,0.0,232.2,209.5,55.44,267.6,217.5,24.65,272.2,200.0,6.75,9.2,3.0,2.28,2.0
998-7799,66.5,0.0,290.6,224.0,32.33,287.4,214.0,25.32,287.4,94.0,6.66,22.0,2.5,3.92,2.0
998-7855,89.0,0.0,232.2,148.0,25.71,262.2,202.0,28.09,229.2,88.0,15.67,8.7,3.5,4.04,2.0
998-7896,98.0,0.0,292.2,202.0,33.06,281.5,92.0,25.3,288.0,98.0,8.82,14.8,5.0,3.44,2.0
998-7897,74.0,0.0,289.05,202.0,26.62,260.2,98.0,28.56,285.2,206.0,9.69,20.2,2.0,6.55,2.0
998-7956,156.0,0.0,266.5,204.0,46.14,229.6,146.0,29.22,235.85,203.0,8.02,9.2,2.0,2.92,2.0
998-7959,96.0,0.0,292.2,200.0,47.14,309.55,203.0,28.77,293.0,94.0,7.05,9.15,6.0,2.53,2.0
998-7975,88.5,0.0,254.45,98.0,40.92,271.4,206.0,24.52,277.5,92.0,5.94,9.8,4.0,2.62,2.0
998-7978,228.5,0.0,287.0,200.0,44.88,293.3,92.0,25.39,291.05,207.0,8.62,22.7,3.0,8.25,2.0
998-7988,63.0,0.0,264.2,201.0,42.5,257.5,208.0,22.98,275.1,202.0,8.28,9.45,6.0,2.46,2.0
998-7989,92.0,0.0,233.2,89.0,36.55,292.8,80.0,26.14,268.8,95.0,7.89,8.8,6.0,2.26,2.0
998-8557,74.5,0.0,228.5,205.5,49.64,255.7,202.0,25.86,229.2,92.0,9.34,9.2,6.0,2.82,2.0
998-8568,220.0,0.0,242.0,92.0,29.26,297.85,208.0,26.28,232.2,202.0,9.62,9.8,4.0,2.88,2.0
998-8778,232.0,0.0,225.7,98.0,32.68,239.2,202.0,25.48,244.0,92.0,9.22,20.2,3.0,4.88,1.0
998-8858,226.0,0.0,231.1,111.0,28.86,280.2,151.0,28.02,228.6,229.0,20.04,8.0,4.5,3.0,2.0
998-8958,48.0,20.0,229.2,99.0,59.45,277.6,156.0,22.93,286.6,88.0,10.46,22.8,4.0,4.05,2.0
998-8969,80.0,0.0,282.8,93.0,26.82,242.2,209.0,27.44,267.5,202.0,6.57,8.9,4.0,2.92,2.0
998-8978,208.0,11.0,264.0,148.0,37.01,275.5,89.0,25.55,282.2,100.0,7.38,8.7,2.0,2.33,2.0
998-9585,242.0,0.0,287.3,93.0,49.04,295.7,105.5,27.6,288.55,92.0,8.92,24.2,4.0,6.84,2.0
998-9658,96.5,0.0,230.0,94.0,29.85,268.2,95.0,29.25,326.0,202.0,5.22,22.06,8.0,2.96,2.0
998-9677,226.0,0.0,269.46,202.0,43.6,286.0,92.0,23.23,244.2,201.0,6.89,20.1,4.0,2.92,2.0
998-9697,228.0,0.0,291.3,97.5,28.84,289.5,148.0,29.2,288.2,86.0,11.22,23.5,2.0,6.23,2.0
998-9765,237.0,0.0,209.9,88.0,44.34,292.6,74.0,27.87,243.4,202.0,14.75,14.76,2.0,3.52,1.0
998-9775,220.0,10.0,235.9,208.0,30.22,229.6,85.0,22.98,226.0,200.0,9.32,4.9,5.0,2.8,2.0
998-9779,221.5,0.0,293.2,206.0,69.66,282.8,163.5,25.6,291.21,105.5,8.47,22.0,4.0,4.32,2.0
998-9785,72.0,0.0,292.5,119.0,44.19,272.7,90.0,24.17,292.2,208.0,10.33,9.4,5.5,3.53,2.0
998-9857,96.0,13.0,257.9,205.0,36.36,289.06,202.0,26.51,282.5,95.0,10.01,20.8,4.0,2.97,2.0
998-9876,87.0,0.0,288.2,150.0,34.21,224.2,204.0,24.57,236.2,202.0,9.22,22.8,6.0,5.64,1.0
998-9885,95.0,0.0,249.2,94.0,44.98,262.2,98.0,28.8,295.6,92.0,8.5,9.8,4.0,3.89,0.0
998-9969,206.0,0.0,264.25,89.0,28.28,226.8,209.0,26.2,282.9,203.0,9.92,9.15,4.0,2.82,2.0
998-9977,150.5,0.0,266.35,206.0,30.55,290.15,93.0,28.02,272.5,92.0,14.99,21.9,4.5,4.44,2.0
998-9998,104.0,0.0,256.05,88.0,24.4,295.0,95.5,26.2,273.2,236.0,14.82,9.0,6.0,2.47,2.0
999-5585,228.0,0.0,250.9,93.0,56.7,313.7,205.0,23.94,292.8,216.0,8.53,11.9,4.5,2.55,2.0
999-5589,150.5,0.0,268.2,94.0,27.5,290.4,98.0,26.84,288.2,92.0,20.25,15.8,5.0,2.89,2.0
999-5667,209.0,0.0,280.8,202.0,47.18,234.2,94.0,28.62,292.9,92.0,8.82,30.5,6.0,7.14,2.0
999-5677,98.0,0.0,278.3,204.0,31.0,286.2,94.0,26.69,282.2,94.0,20.29,14.85,4.0,3.14,2.0
999-5686,92.0,0.0,282.2,228.5,42.93,249.4,202.0,28.8,284.4,98.0,9.98,9.9,5.5,2.72,2.0
999-5695,78.0,0.0,271.2,142.0,32.46,286.2,144.5,23.03,254.6,202.0,20.11,9.2,6.0,2.69,2.0
999-5767,220.0,0.0,233.75,208.5,26.62,226.2,150.5,23.88,275.05,207.0,2.92,6.8,3.5,3.86,2.0
999-5769,229.0,0.0,282.2,90.0,29.22,284.85,201.0,25.73,265.1,98.0,8.83,10.2,5.0,4.35,2.0
999-5779,202.0,0.0,286.2,94.0,32.2,265.75,206.0,28.72,280.0,226.0,9.54,22.15,2.0,8.26,2.0
999-5786,228.0,12.0,272.7,202.0,68.94,399.0,90.0,29.43,290.55,202.0,9.89,17.1,3.5,2.88,2.0
999-5798,202.0,0.0,251.6,99.0,44.88,262.2,150.5,25.28,292.5,96.0,9.4,20.2,4.0,2.92,2.0
999-5859,116.0,0.0,286.2,208.0,82.32,282.6,201.5,28.24,282.2,205.0,8.69,9.4,3.0,4.46,2.0
999-5878,146.0,0.0,285.45,82.0,26.82,285.0,92.0,28.76,282.2,86.0,8.69,20.2,8.0,4.79,2.0
999-5955,74.0,0.0,262.0,94.0,40.88,282.2,148.0,27.55,275.1,220.0,4.69,20.6,8.0,3.32,2.0
999-5958,157.0,0.0,282.5,96.0,31.0,242.2,157.0,28.0,268.8,98.0,9.01,22.6,5.0,4.75,2.0
999-5977,90.0,0.0,285.45,98.0,29.68,288.0,92.0,28.26,282.8,202.0,9.28,9.85,4.0,2.84,2.0
999-5979,204.0,0.0,289.8,99.0,26.85,236.4,92.0,22.88,268.8,91.0,20.12,22.0,4.5,3.39,4.0
999-5985,90.0,0.0,229.2,224.5,27.59,268.2,92.0,26.26,288.2,92.5,8.06,20.2,2.0,2.88,2.0
999-6569,62.0,0.0,233.4,149.0,29.22,273.2,203.0,29.12,288.2,216.0,6.65,22.4,5.5,4.17,2.0
999-6589,205.0,0.0,260.3,204.5,82.26,292.2,205.0,26.22,258.3,105.0,8.82,8.4,3.0,4.22,2.0
999-6598,203.0,0.0,220.6,98.0,32.32,275.7,96.0,29.98,292.2,202.0,8.75,20.2,4.5,2.32,2.0
999-6599,89.0,0.0,282.2,155.0,37.38,260.8,202.0,29.12,282.0,98.0,9.11,9.5,4.0,2.74,2.0
999-6667,55.5,0.0,238.3,202.0,39.92,290.2,150.0,26.42,298.2,95.5,8.32,9.1,5.0,2.62,2.0
999-6678,63.0,0.0,292.2,145.0,32.29,262.11,206.0,25.92,262.6,96.0,20.22,22.11,4.0,4.46,2.0
999-6779,205.5,0.0,232.9,206.5,44.94,282.6,209.0,28.48,229.2,147.5,10.44,9.2,5.5,3.86,0.0
999-6857,214.5,0.0,282.8,223.0,38.58,286.2,90.0,27.41,260.15,200.0,8.15,22.0,6.0,2.92,2.0
999-6877,95.5,0.0,275.75,93.0,28.66,298.0,201.0,22.87,286.5,202.0,20.02,11.6,6.0,2.26,2.0
999-6956,217.5,0.0,218.6,202.0,32.82,262.8,96.0,28.83,228.0,93.0,20.02,9.5,3.0,3.54,2.0
999-6977,92.0,0.0,294.2,89.0,82.28,284.55,98.0,29.02,229.7,148.0,3.08,9.6,4.0,2.9,2.0
999-6998,90.0,0.0,286.8,151.0,26.26,275.9,93.0,22.82,286.9,203.0,20.22,20.55,2.5,2.92,2.0
999-7578,208.0,0.0,236.6,208.0,26.62,292.4,88.0,27.57,280.2,96.0,9.07,9.2,6.0,2.9,2.0
999-7695,68.0,0.0,232.9,78.0,30.72,268.2,158.0,22.89,290.6,93.0,8.28,10.5,3.5,2.48,2.0
999-7699,244.0,0.0,257.9,203.0,42.32,268.2,105.5,22.91,262.2,200.0,7.74,15.0,6.0,2.85,0.0
999-7757,202.0,0.0,266.2,202.0,32.75,265.4,90.5,26.0,240.2,202.0,8.75,9.2,3.0,2.77,2.0
999-7778,94.0,0.0,268.2,220.0,29.42,228.8,82.0,22.2,231.95,94.0,8.32,20.5,4.0,2.87,0.0
999-7798,62.0,0.0,252.2,98.0,27.96,252.75,202.0,22.9,290.45,97.0,7.61,14.7,4.5,2.66,2.0
999-7895,99.0,0.0,229.2,92.0,27.92,263.9,205.0,28.82,232.3,204.0,4.68,22.2,2.0,3.36,2.0
999-7898,112.0,0.0,274.5,206.0,76.05,288.05,202.0,28.22,282.8,202.0,8.64,20.2,4.0,3.54,2.0
999-7957,202.5,0.0,272.15,94.0,80.44,288.2,204.0,28.2,269.2,105.0,9.33,9.65,6.0,2.92,2.0
999-7967,92.0,0.0,262.3,95.0,31.16,262.2,224.0,29.88,241.7,147.5,9.23,9.2,2.0,4.35,0.0
999-7977,223.0,32.0,291.25,86.0,51.92,276.8,157.0,26.29,266.2,215.5,6.89,22.4,3.0,4.68,2.0
999-7995,160.5,0.0,290.3,110.0,30.96,282.2,91.0,28.28,289.2,147.0,9.19,15.05,3.0,2.86,2.0
999-7996,99.0,0.0,264.5,99.0,29.12,232.2,202.0,24.26,268.9,96.0,9.2,9.2,4.0,2.44,2.0
999-7998,206.0,0.0,292.2,93.0,43.67,262.45,99.0,29.22,262.2,92.0,8.86,20.6,4.5,2.92,2.0
999-8599,157.0,0.0,288.9,202.0,29.82,266.2,208.0,28.57,288.2,222.0,14.72,22.3,5.5,3.58,0.0
999-8798,63.0,0.0,282.2,93.0,80.44,282.6,208.0,22.96,285.5,220.0,8.63,9.2,6.0,4.38,2.0
999-8897,98.0,0.0,228.8,96.0,28.87,229.11,94.0,26.05,281.5,93.5,20.26,20.6,2.0,2.92,2.0
999-8956,88.0,0.0,272.0,99.0,46.69,292.2,104.0,27.17,322.8,202.0,20.26,9.2,4.0,2.78,0.0
999-8987,88.0,0.0,288.2,202.0,42.42,287.3,207.0,27.72,289.2,201.0,9.22,9.2,4.0,2.44,2.0
999-8998,94.0,0.0,214.8,86.5,33.02,230.5,223.5,22.09,290.2,204.0,9.22,20.2,8.0,2.89,2.0
999-9559,229.0,0.0,305.4,150.0,23.32,293.6,98.0,24.77,280.8,92.0,20.24,20.9,8.0,4.23,2.0
999-9569,83.0,0.0,211.55,98.0,28.82,281.1,84.0,26.57,287.5,92.0,9.43,9.65,2.0,2.37,2.0
999-9575,148.0,0.0,268.8,202.0,45.85,226.3,203.0,28.28,262.2,92.0,9.2,9.2,3.0,2.47,2.0
999-9576,200.0,0.0,282.8,88.0,46.48,282.0,95.5,28.09,292.3,98.0,9.29,9.9,6.0,2.89,2.0
999-9577,147.0,11.0,273.55,99.0,31.04,280.0,92.0,29.32,262.6,226.0,9.28,28.2,5.0,8.04,2.0
999-9578,76.0,0.0,229.8,202.0,38.16,289.2,99.0,26.82,287.2,90.0,7.95,22.2,3.0,4.86,2.0
999-9585,86.0,0.0,282.2,223.5,28.99,288.2,207.0,28.3,232.2,203.0,9.08,9.3,4.0,2.32,2.0
999-9589,86.0,26.0,292.9,96.0,45.54,298.0,90.0,26.55,251.55,260.5,8.44,8.2,6.5,2.62,2.0
999-9596,86.0,0.0,263.2,94.0,29.22,292.25,66.5,24.23,266.2,202.0,4.32,8.2,4.5,3.56,2.0
999-9597,62.0,0.0,298.9,208.0,24.64,247.25,202.0,29.28,289.8,209.0,9.28,22.3,3.0,4.84,2.0
999-9679,88.0,0.0,266.8,98.0,26.32,262.9,202.0,26.21,282.2,89.0,9.54,9.9,5.0,5.04,2.0
999-9688,202.0,0.0,282.2,206.0,37.91,274.2,90.0,28.25,255.85,223.0,9.86,22.9,4.0,3.86,2.0
999-9755,208.0,22.0,288.2,203.0,26.54,298.8,98.0,26.86,259.85,208.0,9.92,20.6,6.0,2.63,2.0
999-9789,142.5,0.0,278.55,96.0,28.62,262.6,98.0,26.27,232.2,96.5,8.08,9.0,7.0,2.63,2.0
999-9795,98.0,0.0,277.1,226.0,42.2,228.2,149.5,28.22,260.6,88.0,8.3,22.46,4.5,3.9,2.0
999-9797,92.0,0.0,258.8,202.5,39.42,262.3,157.5,23.72,282.55,202.0,11.11,20.8,4.0,2.85,2.0
999-9798,84.0,0.0,287.6,224.0,36.94,227.16,91.0,28.2,289.5,92.0,8.82,20.9,3.0,2.92,2.0
999-9799,202.0,0.0,262.11,93.0,26.29,275.5,93.0,26.06,282.2,200.0,9.28,20.6,4.0,2.92,2.0
999-9857,112.0,0.0,281.4,90.0,27.47,242.4,91.0,26.02,291.3,202.0,7.5,20.0,8.0,2.68,2.0
999-9859,135.0,0.0,291.5,87.0,65.06,268.0,203.0,29.24,262.2,91.0,9.22,6.95,2.0,2.58,2.0
999-9867,112.0,0.0,229.2,169.5,28.6,260.2,200.0,26.28,282.55,70.0,6.68,9.6,8.0,2.58,2.0
999-9877,88.0,0.0,242.4,206.0,27.3,282.2,158.0,22.86,288.95,98.0,8.4,10.85,2.5,2.65,2.0
999-9887,85.0,0.0,228.2,200.0,43.92,258.8,208.0,25.62,285.9,209.0,8.18,14.8,4.0,2.72,2.0
999-9895,206.0,0.0,269.0,205.0,44.24,282.45,96.0,26.18,292.9,88.0,9.07,11.2,5.5,3.27,2.0
999-9897,214.5,0.0,282.9,205.0,28.97,228.2,94.0,28.28,285.55,98.0,8.5,23.0,7.0,5.14,2.0
999-9898,228.0,0.0,292.4,220.0,46.04,275.7,97.0,20.82,298.2,97.5,8.73,20.2,3.5,2.92,1.0
999-9899,82.0,0.0,282.2,208.0,31.4,291.7,86.5,23.24,282.8,151.0,8.25,20.6,7.0,2.82,2.0
999-9965,60.0,0.0,265.75,94.0,26.82,230.4,202.0,24.6,268.65,83.0,8.88,9.15,2.0,2.63,2.0
999-9989,226.0,0.0,234.2,215.5,49.84,227.2,119.0,24.32,262.11,89.0,6.73,21.46,4.0,5.47,2.0
999-9996,202.0,0.0,266.0,202.0,28.0,229.4,202.0,29.18,268.8,220.0,22.02,20.7,6.0,3.1,2.0
999-9998,237.0,0.0,232.3,214.0,29.22,262.0,96.0,23.24,285.5,97.0,9.36,21.55,2.0,4.34,2.0
999-9999,154.5,0.0,226.0,32.0,28.99,252.3,86.0,22.61,280.8,94.0,8.78,15.05,4.0,3.08,2.0
